parent_path,left_path,left_kind,left_index,right_path,right_kind,right_index,index_distance,fact,semantic_pairing_proven
,acf:2529,NCER,2529,acf:2530,NANR,2530,1,adjacent_graphics_slots,False
,acf:2530,NANR,2530,acf:2531,NCGR,2531,1,adjacent_graphics_slots,False
,acf:2531,NCGR,2531,acf:2532,NCLR,2532,1,adjacent_graphics_slots,False
,acf:2532,NCLR,2532,acf:2533,NCER,2533,1,adjacent_graphics_slots,False
,acf:2533,NCER,2533,acf:2534,NANR,2534,1,adjacent_graphics_slots,False
,acf:2534,NANR,2534,acf:2535,NCGR,2535,1,adjacent_graphics_slots,False
,acf:2535,NCGR,2535,acf:2536,NCLR,2536,1,adjacent_graphics_slots,False
,acf:2536,NCLR,2536,acf:2537,NCER,2537,1,adjacent_graphics_slots,False
,acf:2537,NCER,2537,acf:2538,NANR,2538,1,adjacent_graphics_slots,False
,acf:2538,NANR,2538,acf:2539,NCGR,2539,1,adjacent_graphics_slots,False
,acf:2539,NCGR,2539,acf:2540,NCLR,2540,1,adjacent_graphics_slots,False
,acf:2540,NCLR,2540,acf:2541,NCER,2541,1,adjacent_graphics_slots,False
,acf:2541,NCER,2541,acf:2542,NANR,2542,1,adjacent_graphics_slots,False
,acf:2542,NANR,2542,acf:2543,NCGR,2543,1,adjacent_graphics_slots,False
,acf:2543,NCGR,2543,acf:2544,NCLR,2544,1,adjacent_graphics_slots,False
,acf:2544,NCLR,2544,acf:2545,NCER,2545,1,adjacent_graphics_slots,False
,acf:2545,NCER,2545,acf:2546,NANR,2546,1,adjacent_graphics_slots,False
,acf:2546,NANR,2546,acf:2547,NCGR,2547,1,adjacent_graphics_slots,False
,acf:2547,NCGR,2547,acf:2548,NCLR,2548,1,adjacent_graphics_slots,False
,acf:2548,NCLR,2548,acf:2549,NCER,2549,1,adjacent_graphics_slots,False
,acf:2549,NCER,2549,acf:2550,NANR,2550,1,adjacent_graphics_slots,False
,acf:2550,NANR,2550,acf:2551,NCGR,2551,1,adjacent_graphics_slots,False
,acf:2551,NCGR,2551,acf:2552,NCLR,2552,1,adjacent_graphics_slots,False
,acf:2552,NCLR,2552,acf:2553,NCER,2553,1,adjacent_graphics_slots,False
,acf:2553,NCER,2553,acf:2554,NANR,2554,1,adjacent_graphics_slots,False
,acf:2554,NANR,2554,acf:2555,NCGR,2555,1,adjacent_graphics_slots,False
,acf:2555,NCGR,2555,acf:2556,NCLR,2556,1,adjacent_graphics_slots,False
,acf:2556,NCLR,2556,acf:2557,NCER,2557,1,adjacent_graphics_slots,False
,acf:2557,NCER,2557,acf:2558,NANR,2558,1,adjacent_graphics_slots,False
,acf:2558,NANR,2558,acf:2559,NCGR,2559,1,adjacent_graphics_slots,False
,acf:2559,NCGR,2559,acf:2560,NCLR,2560,1,adjacent_graphics_slots,False
,acf:2560,NCLR,2560,acf:2561,NCER,2561,1,adjacent_graphics_slots,False
,acf:2561,NCER,2561,acf:2562,NANR,2562,1,adjacent_graphics_slots,False
,acf:2562,NANR,2562,acf:2563,NCGR,2563,1,adjacent_graphics_slots,False
,acf:2563,NCGR,2563,acf:2564,NCLR,2564,1,adjacent_graphics_slots,False
,acf:2564,NCLR,2564,acf:2565,NCER,2565,1,adjacent_graphics_slots,False
,acf:2565,NCER,2565,acf:2566,NANR,2566,1,adjacent_graphics_slots,False
,acf:2566,NANR,2566,acf:2567,NCGR,2567,1,adjacent_graphics_slots,False
,acf:2567,NCGR,2567,acf:2568,NCLR,2568,1,adjacent_graphics_slots,False
,acf:2568,NCLR,2568,acf:2569,NCER,2569,1,adjacent_graphics_slots,False
,acf:2569,NCER,2569,acf:2570,NANR,2570,1,adjacent_graphics_slots,False
,acf:2570,NANR,2570,acf:2571,NCGR,2571,1,adjacent_graphics_slots,False
,acf:2571,NCGR,2571,acf:2572,NCLR,2572,1,adjacent_graphics_slots,False
,acf:2572,NCLR,2572,acf:2573,NCER,2573,1,adjacent_graphics_slots,False
,acf:2573,NCER,2573,acf:2574,NANR,2574,1,adjacent_graphics_slots,False
,acf:2574,NANR,2574,acf:2575,NCGR,2575,1,adjacent_graphics_slots,False
,acf:2575,NCGR,2575,acf:2576,NCLR,2576,1,adjacent_graphics_slots,False
,acf:2576,NCLR,2576,acf:2577,NCER,2577,1,adjacent_graphics_slots,False
,acf:2577,NCER,2577,acf:2578,NANR,2578,1,adjacent_graphics_slots,False
,acf:2578,NANR,2578,acf:2579,NCGR,2579,1,adjacent_graphics_slots,False
,acf:2579,NCGR,2579,acf:2580,NCLR,2580,1,adjacent_graphics_slots,False
,acf:2580,NCLR,2580,acf:2581,NCER,2581,1,adjacent_graphics_slots,False
,acf:2581,NCER,2581,acf:2582,NANR,2582,1,adjacent_graphics_slots,False
,acf:2582,NANR,2582,acf:2583,NCGR,2583,1,adjacent_graphics_slots,False
,acf:2583,NCGR,2583,acf:2584,NCLR,2584,1,adjacent_graphics_slots,False
,acf:2584,NCLR,2584,acf:2585,NCER,2585,1,adjacent_graphics_slots,False
,acf:2585,NCER,2585,acf:2586,NANR,2586,1,adjacent_graphics_slots,False
,acf:2586,NANR,2586,acf:2587,NCGR,2587,1,adjacent_graphics_slots,False
,acf:2587,NCGR,2587,acf:2588,NCLR,2588,1,adjacent_graphics_slots,False
,acf:2588,NCLR,2588,acf:2589,NCER,2589,1,adjacent_graphics_slots,False
,acf:2589,NCER,2589,acf:2590,NANR,2590,1,adjacent_graphics_slots,False
,acf:2590,NANR,2590,acf:2591,NCGR,2591,1,adjacent_graphics_slots,False
,acf:2591,NCGR,2591,acf:2592,NCLR,2592,1,adjacent_graphics_slots,False
,acf:2592,NCLR,2592,acf:2593,NCER,2593,1,adjacent_graphics_slots,False
,acf:2593,NCER,2593,acf:2594,NANR,2594,1,adjacent_graphics_slots,False
,acf:2594,NANR,2594,acf:2595,NCGR,2595,1,adjacent_graphics_slots,False
,acf:2595,NCGR,2595,acf:2596,NCLR,2596,1,adjacent_graphics_slots,False
,acf:2596,NCLR,2596,acf:2597,NCER,2597,1,adjacent_graphics_slots,False
,acf:2597,NCER,2597,acf:2598,NANR,2598,1,adjacent_graphics_slots,False
,acf:2598,NANR,2598,acf:2599,NCGR,2599,1,adjacent_graphics_slots,False
,acf:2599,NCGR,2599,acf:2600,NCLR,2600,1,adjacent_graphics_slots,False
,acf:2600,NCLR,2600,acf:2601,NCER,2601,1,adjacent_graphics_slots,False
,acf:2601,NCER,2601,acf:2602,NANR,2602,1,adjacent_graphics_slots,False
,acf:2602,NANR,2602,acf:2603,NCGR,2603,1,adjacent_graphics_slots,False
,acf:2603,NCGR,2603,acf:2604,NCLR,2604,1,adjacent_graphics_slots,False
,acf:2604,NCLR,2604,acf:2605,NCER,2605,1,adjacent_graphics_slots,False
,acf:2605,NCER,2605,acf:2606,NANR,2606,1,adjacent_graphics_slots,False
,acf:2606,NANR,2606,acf:2607,NCGR,2607,1,adjacent_graphics_slots,False
,acf:2607,NCGR,2607,acf:2608,NCLR,2608,1,adjacent_graphics_slots,False
,acf:2608,NCLR,2608,acf:2609,NCER,2609,1,adjacent_graphics_slots,False
,acf:2609,NCER,2609,acf:2610,NANR,2610,1,adjacent_graphics_slots,False
,acf:2610,NANR,2610,acf:2611,NCGR,2611,1,adjacent_graphics_slots,False
,acf:2611,NCGR,2611,acf:2612,NCLR,2612,1,adjacent_graphics_slots,False
,acf:2612,NCLR,2612,acf:2613,NCER,2613,1,adjacent_graphics_slots,False
,acf:2613,NCER,2613,acf:2614,NANR,2614,1,adjacent_graphics_slots,False
,acf:2614,NANR,2614,acf:2615,NCGR,2615,1,adjacent_graphics_slots,False
,acf:2615,NCGR,2615,acf:2616,NCLR,2616,1,adjacent_graphics_slots,False
,acf:2616,NCLR,2616,acf:2617,NCER,2617,1,adjacent_graphics_slots,False
,acf:2617,NCER,2617,acf:2618,NANR,2618,1,adjacent_graphics_slots,False
,acf:2618,NANR,2618,acf:2619,NCGR,2619,1,adjacent_graphics_slots,False
,acf:2619,NCGR,2619,acf:2620,NCLR,2620,1,adjacent_graphics_slots,False
,acf:2620,NCLR,2620,acf:2621,NCER,2621,1,adjacent_graphics_slots,False
,acf:2621,NCER,2621,acf:2622,NANR,2622,1,adjacent_graphics_slots,False
,acf:2622,NANR,2622,acf:2623,NCGR,2623,1,adjacent_graphics_slots,False
,acf:2623,NCGR,2623,acf:2624,NCLR,2624,1,adjacent_graphics_slots,False
,acf:2624,NCLR,2624,acf:2625,NCER,2625,1,adjacent_graphics_slots,False
,acf:2625,NCER,2625,acf:2626,NANR,2626,1,adjacent_graphics_slots,False
,acf:2626,NANR,2626,acf:2627,NCGR,2627,1,adjacent_graphics_slots,False
,acf:2627,NCGR,2627,acf:2628,NCLR,2628,1,adjacent_graphics_slots,False
,acf:2628,NCLR,2628,acf:2629,NCER,2629,1,adjacent_graphics_slots,False
,acf:2629,NCER,2629,acf:2630,NANR,2630,1,adjacent_graphics_slots,False
,acf:2630,NANR,2630,acf:2631,NCGR,2631,1,adjacent_graphics_slots,False
,acf:2631,NCGR,2631,acf:2632,NCLR,2632,1,adjacent_graphics_slots,False
,acf:2632,NCLR,2632,acf:2633,NCER,2633,1,adjacent_graphics_slots,False
,acf:2633,NCER,2633,acf:2634,NANR,2634,1,adjacent_graphics_slots,False
,acf:2634,NANR,2634,acf:2635,NCGR,2635,1,adjacent_graphics_slots,False
,acf:2635,NCGR,2635,acf:2636,NCLR,2636,1,adjacent_graphics_slots,False
,acf:2636,NCLR,2636,acf:2637,NCER,2637,1,adjacent_graphics_slots,False
,acf:2637,NCER,2637,acf:2638,NANR,2638,1,adjacent_graphics_slots,False
,acf:2638,NANR,2638,acf:2639,NCGR,2639,1,adjacent_graphics_slots,False
,acf:2639,NCGR,2639,acf:2640,NCLR,2640,1,adjacent_graphics_slots,False
,acf:2640,NCLR,2640,acf:2641,NCER,2641,1,adjacent_graphics_slots,False
,acf:2641,NCER,2641,acf:2642,NANR,2642,1,adjacent_graphics_slots,False
,acf:2642,NANR,2642,acf:2643,NCGR,2643,1,adjacent_graphics_slots,False
,acf:2643,NCGR,2643,acf:2644,NCLR,2644,1,adjacent_graphics_slots,False
,acf:2644,NCLR,2644,acf:2645,NCER,2645,1,adjacent_graphics_slots,False
,acf:2645,NCER,2645,acf:2646,NANR,2646,1,adjacent_graphics_slots,False
,acf:2646,NANR,2646,acf:2647,NCGR,2647,1,adjacent_graphics_slots,False
,acf:2647,NCGR,2647,acf:2648,NCLR,2648,1,adjacent_graphics_slots,False
,acf:2648,NCLR,2648,acf:2649,NCER,2649,1,adjacent_graphics_slots,False
,acf:2649,NCER,2649,acf:2650,NANR,2650,1,adjacent_graphics_slots,False
,acf:2650,NANR,2650,acf:2651,NCGR,2651,1,adjacent_graphics_slots,False
,acf:2651,NCGR,2651,acf:2652,NCLR,2652,1,adjacent_graphics_slots,False
,acf:2652,NCLR,2652,acf:2653,NCER,2653,1,adjacent_graphics_slots,False
,acf:2653,NCER,2653,acf:2654,NANR,2654,1,adjacent_graphics_slots,False
,acf:2654,NANR,2654,acf:2655,NCGR,2655,1,adjacent_graphics_slots,False
,acf:2655,NCGR,2655,acf:2656,NCLR,2656,1,adjacent_graphics_slots,False
,acf:2656,NCLR,2656,acf:2657,NCER,2657,1,adjacent_graphics_slots,False
,acf:2657,NCER,2657,acf:2658,NANR,2658,1,adjacent_graphics_slots,False
,acf:2658,NANR,2658,acf:2659,NCGR,2659,1,adjacent_graphics_slots,False
,acf:2659,NCGR,2659,acf:2660,NCLR,2660,1,adjacent_graphics_slots,False
,acf:2660,NCLR,2660,acf:2661,NCER,2661,1,adjacent_graphics_slots,False
,acf:2661,NCER,2661,acf:2662,NANR,2662,1,adjacent_graphics_slots,False
,acf:2662,NANR,2662,acf:2663,NCGR,2663,1,adjacent_graphics_slots,False
,acf:2663,NCGR,2663,acf:2664,NCLR,2664,1,adjacent_graphics_slots,False
,acf:2664,NCLR,2664,acf:2665,NCER,2665,1,adjacent_graphics_slots,False
,acf:2665,NCER,2665,acf:2666,NANR,2666,1,adjacent_graphics_slots,False
,acf:2666,NANR,2666,acf:2667,NCGR,2667,1,adjacent_graphics_slots,False
,acf:2667,NCGR,2667,acf:2668,NCLR,2668,1,adjacent_graphics_slots,False
,acf:2668,NCLR,2668,acf:2669,NCER,2669,1,adjacent_graphics_slots,False
,acf:2669,NCER,2669,acf:2670,NANR,2670,1,adjacent_graphics_slots,False
,acf:2670,NANR,2670,acf:2671,NCGR,2671,1,adjacent_graphics_slots,False
,acf:2671,NCGR,2671,acf:2672,NCLR,2672,1,adjacent_graphics_slots,False
,acf:2672,NCLR,2672,acf:2673,NCER,2673,1,adjacent_graphics_slots,False
,acf:2673,NCER,2673,acf:2674,NANR,2674,1,adjacent_graphics_slots,False
,acf:2674,NANR,2674,acf:2675,NCGR,2675,1,adjacent_graphics_slots,False
,acf:2675,NCGR,2675,acf:2676,NCLR,2676,1,adjacent_graphics_slots,False
,acf:2676,NCLR,2676,acf:2677,NCER,2677,1,adjacent_graphics_slots,False
,acf:2677,NCER,2677,acf:2678,NANR,2678,1,adjacent_graphics_slots,False
,acf:2678,NANR,2678,acf:2679,NCGR,2679,1,adjacent_graphics_slots,False
,acf:2679,NCGR,2679,acf:2680,NCLR,2680,1,adjacent_graphics_slots,False
,acf:2680,NCLR,2680,acf:2681,NCER,2681,1,adjacent_graphics_slots,False
,acf:2681,NCER,2681,acf:2682,NANR,2682,1,adjacent_graphics_slots,False
,acf:2682,NANR,2682,acf:2683,NCGR,2683,1,adjacent_graphics_slots,False
,acf:2683,NCGR,2683,acf:2684,NCLR,2684,1,adjacent_graphics_slots,False
,acf:2684,NCLR,2684,acf:2685,NCER,2685,1,adjacent_graphics_slots,False
,acf:2685,NCER,2685,acf:2686,NANR,2686,1,adjacent_graphics_slots,False
,acf:2686,NANR,2686,acf:2687,NCGR,2687,1,adjacent_graphics_slots,False
,acf:2687,NCGR,2687,acf:2688,NCLR,2688,1,adjacent_graphics_slots,False
,acf:2688,NCLR,2688,acf:2689,NCER,2689,1,adjacent_graphics_slots,False
,acf:2689,NCER,2689,acf:2690,NANR,2690,1,adjacent_graphics_slots,False
,acf:2690,NANR,2690,acf:2691,NCGR,2691,1,adjacent_graphics_slots,False
,acf:2691,NCGR,2691,acf:2692,NCLR,2692,1,adjacent_graphics_slots,False
,acf:2692,NCLR,2692,acf:2693,NCER,2693,1,adjacent_graphics_slots,False
,acf:2693,NCER,2693,acf:2694,NANR,2694,1,adjacent_graphics_slots,False
,acf:2694,NANR,2694,acf:2695,NCGR,2695,1,adjacent_graphics_slots,False
,acf:2695,NCGR,2695,acf:2696,NCLR,2696,1,adjacent_graphics_slots,False
,acf:2696,NCLR,2696,acf:2697,NCER,2697,1,adjacent_graphics_slots,False
,acf:2697,NCER,2697,acf:2698,NANR,2698,1,adjacent_graphics_slots,False
,acf:2698,NANR,2698,acf:2699,NCGR,2699,1,adjacent_graphics_slots,False
,acf:2699,NCGR,2699,acf:2700,NCLR,2700,1,adjacent_graphics_slots,False
,acf:2700,NCLR,2700,acf:2701,NCER,2701,1,adjacent_graphics_slots,False
,acf:2701,NCER,2701,acf:2702,NANR,2702,1,adjacent_graphics_slots,False
,acf:2702,NANR,2702,acf:2703,NCGR,2703,1,adjacent_graphics_slots,False
,acf:2703,NCGR,2703,acf:2704,NCLR,2704,1,adjacent_graphics_slots,False
,acf:2704,NCLR,2704,acf:2705,NCER,2705,1,adjacent_graphics_slots,False
,acf:2705,NCER,2705,acf:2706,NANR,2706,1,adjacent_graphics_slots,False
,acf:2706,NANR,2706,acf:2707,NCGR,2707,1,adjacent_graphics_slots,False
,acf:2707,NCGR,2707,acf:2708,NCLR,2708,1,adjacent_graphics_slots,False
,acf:2708,NCLR,2708,acf:2709,NCER,2709,1,adjacent_graphics_slots,False
,acf:2709,NCER,2709,acf:2710,NANR,2710,1,adjacent_graphics_slots,False
,acf:2710,NANR,2710,acf:2711,NCGR,2711,1,adjacent_graphics_slots,False
,acf:2711,NCGR,2711,acf:2712,NCLR,2712,1,adjacent_graphics_slots,False
,acf:2712,NCLR,2712,acf:2713,NCER,2713,1,adjacent_graphics_slots,False
,acf:2713,NCER,2713,acf:2714,NANR,2714,1,adjacent_graphics_slots,False
,acf:2714,NANR,2714,acf:2715,NCGR,2715,1,adjacent_graphics_slots,False
,acf:2715,NCGR,2715,acf:2716,NCLR,2716,1,adjacent_graphics_slots,False
,acf:2716,NCLR,2716,acf:2717,NCER,2717,1,adjacent_graphics_slots,False
,acf:2717,NCER,2717,acf:2718,NANR,2718,1,adjacent_graphics_slots,False
,acf:2718,NANR,2718,acf:2719,NCGR,2719,1,adjacent_graphics_slots,False
,acf:2719,NCGR,2719,acf:2720,NCLR,2720,1,adjacent_graphics_slots,False
,acf:2720,NCLR,2720,acf:2721,NCER,2721,1,adjacent_graphics_slots,False
,acf:2721,NCER,2721,acf:2722,NANR,2722,1,adjacent_graphics_slots,False
,acf:2722,NANR,2722,acf:2723,NCGR,2723,1,adjacent_graphics_slots,False
,acf:2723,NCGR,2723,acf:2724,NCLR,2724,1,adjacent_graphics_slots,False
,acf:2724,NCLR,2724,acf:2725,NCER,2725,1,adjacent_graphics_slots,False
,acf:2725,NCER,2725,acf:2726,NANR,2726,1,adjacent_graphics_slots,False
,acf:2726,NANR,2726,acf:2727,NCGR,2727,1,adjacent_graphics_slots,False
,acf:2727,NCGR,2727,acf:2728,NCLR,2728,1,adjacent_graphics_slots,False
,acf:2728,NCLR,2728,acf:2729,NCER,2729,1,adjacent_graphics_slots,False
,acf:2729,NCER,2729,acf:2730,NANR,2730,1,adjacent_graphics_slots,False
,acf:2730,NANR,2730,acf:2731,NCGR,2731,1,adjacent_graphics_slots,False
,acf:2731,NCGR,2731,acf:2732,NCLR,2732,1,adjacent_graphics_slots,False
,acf:2732,NCLR,2732,acf:2733,NCER,2733,1,adjacent_graphics_slots,False
,acf:2733,NCER,2733,acf:2734,NANR,2734,1,adjacent_graphics_slots,False
,acf:2734,NANR,2734,acf:2735,NCGR,2735,1,adjacent_graphics_slots,False
,acf:2735,NCGR,2735,acf:2736,NCLR,2736,1,adjacent_graphics_slots,False
,acf:2736,NCLR,2736,acf:2737,NCER,2737,1,adjacent_graphics_slots,False
,acf:2737,NCER,2737,acf:2738,NANR,2738,1,adjacent_graphics_slots,False
,acf:2738,NANR,2738,acf:2739,NCGR,2739,1,adjacent_graphics_slots,False
,acf:2739,NCGR,2739,acf:2740,NCLR,2740,1,adjacent_graphics_slots,False
,acf:2740,NCLR,2740,acf:2741,NCER,2741,1,adjacent_graphics_slots,False
,acf:2741,NCER,2741,acf:2742,NANR,2742,1,adjacent_graphics_slots,False
,acf:2742,NANR,2742,acf:2743,NCGR,2743,1,adjacent_graphics_slots,False
,acf:2743,NCGR,2743,acf:2744,NCLR,2744,1,adjacent_graphics_slots,False
,acf:2744,NCLR,2744,acf:2745,NCER,2745,1,adjacent_graphics_slots,False
,acf:2745,NCER,2745,acf:2746,NANR,2746,1,adjacent_graphics_slots,False
,acf:2746,NANR,2746,acf:2747,NCGR,2747,1,adjacent_graphics_slots,False
,acf:2747,NCGR,2747,acf:2748,NCLR,2748,1,adjacent_graphics_slots,False
,acf:2748,NCLR,2748,acf:2749,NCER,2749,1,adjacent_graphics_slots,False
,acf:2749,NCER,2749,acf:2750,NANR,2750,1,adjacent_graphics_slots,False
,acf:2750,NANR,2750,acf:2751,NCGR,2751,1,adjacent_graphics_slots,False
,acf:2751,NCGR,2751,acf:2752,NCLR,2752,1,adjacent_graphics_slots,False
,acf:2752,NCLR,2752,acf:2753,NCER,2753,1,adjacent_graphics_slots,False
,acf:2753,NCER,2753,acf:2754,NANR,2754,1,adjacent_graphics_slots,False
,acf:2754,NANR,2754,acf:2755,NCGR,2755,1,adjacent_graphics_slots,False
,acf:2755,NCGR,2755,acf:2756,NCLR,2756,1,adjacent_graphics_slots,False
,acf:2756,NCLR,2756,acf:2757,NCER,2757,1,adjacent_graphics_slots,False
,acf:2757,NCER,2757,acf:2758,NANR,2758,1,adjacent_graphics_slots,False
,acf:2758,NANR,2758,acf:2759,NCGR,2759,1,adjacent_graphics_slots,False
,acf:2759,NCGR,2759,acf:2760,NCLR,2760,1,adjacent_graphics_slots,False
,acf:2760,NCLR,2760,acf:2761,NCER,2761,1,adjacent_graphics_slots,False
,acf:2761,NCER,2761,acf:2762,NANR,2762,1,adjacent_graphics_slots,False
,acf:2762,NANR,2762,acf:2763,NCGR,2763,1,adjacent_graphics_slots,False
,acf:2763,NCGR,2763,acf:2764,NCLR,2764,1,adjacent_graphics_slots,False
,acf:2764,NCLR,2764,acf:2765,NCER,2765,1,adjacent_graphics_slots,False
,acf:2765,NCER,2765,acf:2766,NANR,2766,1,adjacent_graphics_slots,False
,acf:2766,NANR,2766,acf:2767,NCGR,2767,1,adjacent_graphics_slots,False
,acf:2767,NCGR,2767,acf:2768,NCLR,2768,1,adjacent_graphics_slots,False
,acf:2768,NCLR,2768,acf:2769,NCER,2769,1,adjacent_graphics_slots,False
,acf:2769,NCER,2769,acf:2770,NANR,2770,1,adjacent_graphics_slots,False
,acf:2770,NANR,2770,acf:2771,NCGR,2771,1,adjacent_graphics_slots,False
,acf:2771,NCGR,2771,acf:2772,NCLR,2772,1,adjacent_graphics_slots,False
,acf:2772,NCLR,2772,acf:2773,NCER,2773,1,adjacent_graphics_slots,False
,acf:2773,NCER,2773,acf:2774,NANR,2774,1,adjacent_graphics_slots,False
,acf:2774,NANR,2774,acf:2775,NCGR,2775,1,adjacent_graphics_slots,False
,acf:2775,NCGR,2775,acf:2776,NCLR,2776,1,adjacent_graphics_slots,False
,acf:2776,NCLR,2776,acf:2777,NCER,2777,1,adjacent_graphics_slots,False
,acf:2777,NCER,2777,acf:2778,NANR,2778,1,adjacent_graphics_slots,False
,acf:2778,NANR,2778,acf:2779,NCGR,2779,1,adjacent_graphics_slots,False
,acf:2779,NCGR,2779,acf:2780,NCLR,2780,1,adjacent_graphics_slots,False
,acf:2780,NCLR,2780,acf:2781,NCER,2781,1,adjacent_graphics_slots,False
,acf:2781,NCER,2781,acf:2782,NANR,2782,1,adjacent_graphics_slots,False
,acf:2782,NANR,2782,acf:2783,NCGR,2783,1,adjacent_graphics_slots,False
,acf:2783,NCGR,2783,acf:2784,NCLR,2784,1,adjacent_graphics_slots,False
,acf:2784,NCLR,2784,acf:2785,NCER,2785,1,adjacent_graphics_slots,False
,acf:2785,NCER,2785,acf:2786,NANR,2786,1,adjacent_graphics_slots,False
,acf:2786,NANR,2786,acf:2787,NCGR,2787,1,adjacent_graphics_slots,False
,acf:2787,NCGR,2787,acf:2788,NCLR,2788,1,adjacent_graphics_slots,False
,acf:2788,NCLR,2788,acf:2789,NCER,2789,1,adjacent_graphics_slots,False
,acf:2789,NCER,2789,acf:2790,NANR,2790,1,adjacent_graphics_slots,False
,acf:2790,NANR,2790,acf:2791,NCGR,2791,1,adjacent_graphics_slots,False
,acf:2791,NCGR,2791,acf:2792,NCLR,2792,1,adjacent_graphics_slots,False
,acf:2792,NCLR,2792,acf:2793,NCER,2793,1,adjacent_graphics_slots,False
,acf:2793,NCER,2793,acf:2794,NANR,2794,1,adjacent_graphics_slots,False
,acf:2794,NANR,2794,acf:2795,NCGR,2795,1,adjacent_graphics_slots,False
,acf:2795,NCGR,2795,acf:2796,NCLR,2796,1,adjacent_graphics_slots,False
,acf:2796,NCLR,2796,acf:2797,NCER,2797,1,adjacent_graphics_slots,False
,acf:2797,NCER,2797,acf:2798,NANR,2798,1,adjacent_graphics_slots,False
,acf:2798,NANR,2798,acf:2799,NCGR,2799,1,adjacent_graphics_slots,False
,acf:2799,NCGR,2799,acf:2800,NCLR,2800,1,adjacent_graphics_slots,False
,acf:2800,NCLR,2800,acf:2801,NCER,2801,1,adjacent_graphics_slots,False
,acf:2801,NCER,2801,acf:2802,NANR,2802,1,adjacent_graphics_slots,False
,acf:2802,NANR,2802,acf:2803,NCGR,2803,1,adjacent_graphics_slots,False
,acf:2803,NCGR,2803,acf:2804,NCLR,2804,1,adjacent_graphics_slots,False
,acf:2804,NCLR,2804,acf:2805,NCER,2805,1,adjacent_graphics_slots,False
,acf:2805,NCER,2805,acf:2806,NANR,2806,1,adjacent_graphics_slots,False
,acf:2806,NANR,2806,acf:2807,NCGR,2807,1,adjacent_graphics_slots,False
,acf:2807,NCGR,2807,acf:2808,NCLR,2808,1,adjacent_graphics_slots,False
,acf:2808,NCLR,2808,acf:2809,NCER,2809,1,adjacent_graphics_slots,False
,acf:2809,NCER,2809,acf:2810,NANR,2810,1,adjacent_graphics_slots,False
,acf:2810,NANR,2810,acf:2811,NCGR,2811,1,adjacent_graphics_slots,False
,acf:2811,NCGR,2811,acf:2812,NCLR,2812,1,adjacent_graphics_slots,False
,acf:2812,NCLR,2812,acf:2813,NCER,2813,1,adjacent_graphics_slots,False
,acf:2813,NCER,2813,acf:2814,NANR,2814,1,adjacent_graphics_slots,False
,acf:2814,NANR,2814,acf:2815,NCGR,2815,1,adjacent_graphics_slots,False
,acf:2815,NCGR,2815,acf:2816,NCLR,2816,1,adjacent_graphics_slots,False
,acf:2816,NCLR,2816,acf:2817,NCER,2817,1,adjacent_graphics_slots,False
,acf:2817,NCER,2817,acf:2818,NANR,2818,1,adjacent_graphics_slots,False
,acf:2818,NANR,2818,acf:2819,NCGR,2819,1,adjacent_graphics_slots,False
,acf:2819,NCGR,2819,acf:2820,NCLR,2820,1,adjacent_graphics_slots,False
,acf:2820,NCLR,2820,acf:2821,NCER,2821,1,adjacent_graphics_slots,False
,acf:2821,NCER,2821,acf:2822,NANR,2822,1,adjacent_graphics_slots,False
,acf:2822,NANR,2822,acf:2823,NCGR,2823,1,adjacent_graphics_slots,False
,acf:2823,NCGR,2823,acf:2824,NCLR,2824,1,adjacent_graphics_slots,False
,acf:2824,NCLR,2824,acf:2825,NCER,2825,1,adjacent_graphics_slots,False
,acf:2825,NCER,2825,acf:2826,NANR,2826,1,adjacent_graphics_slots,False
,acf:2826,NANR,2826,acf:2827,NCGR,2827,1,adjacent_graphics_slots,False
,acf:2827,NCGR,2827,acf:2828,NCLR,2828,1,adjacent_graphics_slots,False
,acf:2828,NCLR,2828,acf:2829,NCER,2829,1,adjacent_graphics_slots,False
,acf:2829,NCER,2829,acf:2830,NANR,2830,1,adjacent_graphics_slots,False
,acf:2830,NANR,2830,acf:2831,NCGR,2831,1,adjacent_graphics_slots,False
,acf:2831,NCGR,2831,acf:2832,NCLR,2832,1,adjacent_graphics_slots,False
,acf:2832,NCLR,2832,acf:2833,NCER,2833,1,adjacent_graphics_slots,False
,acf:2833,NCER,2833,acf:2834,NANR,2834,1,adjacent_graphics_slots,False
,acf:2834,NANR,2834,acf:2835,NCGR,2835,1,adjacent_graphics_slots,False
,acf:2835,NCGR,2835,acf:2836,NCLR,2836,1,adjacent_graphics_slots,False
,acf:2836,NCLR,2836,acf:2837,NCER,2837,1,adjacent_graphics_slots,False
,acf:2837,NCER,2837,acf:2838,NANR,2838,1,adjacent_graphics_slots,False
,acf:2838,NANR,2838,acf:2839,NCGR,2839,1,adjacent_graphics_slots,False
,acf:2839,NCGR,2839,acf:2840,NCLR,2840,1,adjacent_graphics_slots,False
,acf:2840,NCLR,2840,acf:2841,NCER,2841,1,adjacent_graphics_slots,False
,acf:2841,NCER,2841,acf:2842,NANR,2842,1,adjacent_graphics_slots,False
,acf:2842,NANR,2842,acf:2843,NCGR,2843,1,adjacent_graphics_slots,False
,acf:2843,NCGR,2843,acf:2844,NCLR,2844,1,adjacent_graphics_slots,False
,acf:2844,NCLR,2844,acf:2845,NCER,2845,1,adjacent_graphics_slots,False
,acf:2845,NCER,2845,acf:2846,NANR,2846,1,adjacent_graphics_slots,False
,acf:2846,NANR,2846,acf:2847,NCGR,2847,1,adjacent_graphics_slots,False
,acf:2847,NCGR,2847,acf:2848,NCLR,2848,1,adjacent_graphics_slots,False
,acf:2848,NCLR,2848,acf:2849,NCER,2849,1,adjacent_graphics_slots,False
,acf:2849,NCER,2849,acf:2850,NANR,2850,1,adjacent_graphics_slots,False
,acf:2850,NANR,2850,acf:2851,NCGR,2851,1,adjacent_graphics_slots,False
,acf:2851,NCGR,2851,acf:2852,NCLR,2852,1,adjacent_graphics_slots,False
,acf:2852,NCLR,2852,acf:2853,NCER,2853,1,adjacent_graphics_slots,False
,acf:2853,NCER,2853,acf:2854,NANR,2854,1,adjacent_graphics_slots,False
,acf:2854,NANR,2854,acf:2855,NCGR,2855,1,adjacent_graphics_slots,False
,acf:2855,NCGR,2855,acf:2856,NCLR,2856,1,adjacent_graphics_slots,False
,acf:2856,NCLR,2856,acf:2857,NSCR,2857,1,adjacent_graphics_slots,False
,acf:2857,NSCR,2857,acf:2858,NCGR,2858,1,adjacent_graphics_slots,False
,acf:2858,NCGR,2858,acf:2859,NCLR,2859,1,adjacent_graphics_slots,False
,acf:2859,NCLR,2859,acf:2860,NSCR,2860,1,adjacent_graphics_slots,False
,acf:2860,NSCR,2860,acf:2861,NCGR,2861,1,adjacent_graphics_slots,False
,acf:2861,NCGR,2861,acf:2862,NCLR,2862,1,adjacent_graphics_slots,False
,acf:2862,NCLR,2862,acf:2863,NSCR,2863,1,adjacent_graphics_slots,False
,acf:2863,NSCR,2863,acf:2864,NCGR,2864,1,adjacent_graphics_slots,False
,acf:2864,NCGR,2864,acf:2865,NCLR,2865,1,adjacent_graphics_slots,False
,acf:2865,NCLR,2865,acf:2866,NSCR,2866,1,adjacent_graphics_slots,False
,acf:2866,NSCR,2866,acf:2867,NCGR,2867,1,adjacent_graphics_slots,False
,acf:2867,NCGR,2867,acf:2868,NCLR,2868,1,adjacent_graphics_slots,False
,acf:2868,NCLR,2868,acf:2869,NSCR,2869,1,adjacent_graphics_slots,False
,acf:2872,NSCR,2872,acf:2873,NCGR,2873,1,adjacent_graphics_slots,False
,acf:2873,NCGR,2873,acf:2874,NCLR,2874,1,adjacent_graphics_slots,False
,acf:2874,NCLR,2874,acf:2875,NSCR,2875,1,adjacent_graphics_slots,False
,acf:2878,NSCR,2878,acf:2879,NCGR,2879,1,adjacent_graphics_slots,False
,acf:2879,NCGR,2879,acf:2880,NCLR,2880,1,adjacent_graphics_slots,False
,acf:2880,NCLR,2880,acf:2881,NSCR,2881,1,adjacent_graphics_slots,False
,acf:2884,NSCR,2884,acf:2885,NCGR,2885,1,adjacent_graphics_slots,False
,acf:2885,NCGR,2885,acf:2886,NCLR,2886,1,adjacent_graphics_slots,False
,acf:2886,NCLR,2886,acf:2887,NSCR,2887,1,adjacent_graphics_slots,False
,acf:2890,NSCR,2890,acf:2891,NCGR,2891,1,adjacent_graphics_slots,False
,acf:2891,NCGR,2891,acf:2892,NCLR,2892,1,adjacent_graphics_slots,False
,acf:2892,NCLR,2892,acf:2893,NSCR,2893,1,adjacent_graphics_slots,False
,acf:2896,NSCR,2896,acf:2897,NCGR,2897,1,adjacent_graphics_slots,False
,acf:2897,NCGR,2897,acf:2898,NCLR,2898,1,adjacent_graphics_slots,False
,acf:2898,NCLR,2898,acf:2899,NSCR,2899,1,adjacent_graphics_slots,False
,acf:2914,NSCR,2914,acf:2915,NCGR,2915,1,adjacent_graphics_slots,False
,acf:2915,NCGR,2915,acf:2916,NCLR,2916,1,adjacent_graphics_slots,False
,acf:2916,NCLR,2916,acf:2917,NSCR,2917,1,adjacent_graphics_slots,False
,acf:2923,NSCR,2923,acf:2924,NCGR,2924,1,adjacent_graphics_slots,False
,acf:2924,NCGR,2924,acf:2925,NCLR,2925,1,adjacent_graphics_slots,False
,acf:2925,NCLR,2925,acf:2926,NSCR,2926,1,adjacent_graphics_slots,False
,acf:2926,NSCR,2926,acf:2927,NCGR,2927,1,adjacent_graphics_slots,False
,acf:2927,NCGR,2927,acf:2928,NCLR,2928,1,adjacent_graphics_slots,False
,acf:2928,NCLR,2928,acf:2929,NSCR,2929,1,adjacent_graphics_slots,False
,acf:2929,NSCR,2929,acf:2930,NCGR,2930,1,adjacent_graphics_slots,False
,acf:2930,NCGR,2930,acf:2931,NCLR,2931,1,adjacent_graphics_slots,False
,acf:2931,NCLR,2931,acf:2932,NSCR,2932,1,adjacent_graphics_slots,False
,acf:2932,NSCR,2932,acf:2933,NCGR,2933,1,adjacent_graphics_slots,False
,acf:2933,NCGR,2933,acf:2934,NCLR,2934,1,adjacent_graphics_slots,False
,acf:2934,NCLR,2934,acf:2935,NSCR,2935,1,adjacent_graphics_slots,False
,acf:2935,NSCR,2935,acf:2936,NCGR,2936,1,adjacent_graphics_slots,False
,acf:2936,NCGR,2936,acf:2937,NCLR,2937,1,adjacent_graphics_slots,False
,acf:2937,NCLR,2937,acf:2938,NSCR,2938,1,adjacent_graphics_slots,False
,acf:2941,NSCR,2941,acf:2942,NCGR,2942,1,adjacent_graphics_slots,False
,acf:2942,NCGR,2942,acf:2943,NCLR,2943,1,adjacent_graphics_slots,False
,acf:2943,NCLR,2943,acf:2944,NSCR,2944,1,adjacent_graphics_slots,False
,acf:2947,NSCR,2947,acf:2948,NCGR,2948,1,adjacent_graphics_slots,False
,acf:2948,NCGR,2948,acf:2949,NCLR,2949,1,adjacent_graphics_slots,False
,acf:2949,NCLR,2949,acf:2950,NSCR,2950,1,adjacent_graphics_slots,False
,acf:2956,NSCR,2956,acf:2957,NCGR,2957,1,adjacent_graphics_slots,False
,acf:2957,NCGR,2957,acf:2958,NCLR,2958,1,adjacent_graphics_slots,False
,acf:2958,NCLR,2958,acf:2959,NSCR,2959,1,adjacent_graphics_slots,False
,acf:2965,NSCR,2965,acf:2966,NCGR,2966,1,adjacent_graphics_slots,False
,acf:2966,NCGR,2966,acf:2967,NCLR,2967,1,adjacent_graphics_slots,False
,acf:2967,NCLR,2967,acf:2968,NSCR,2968,1,adjacent_graphics_slots,False
,acf:2974,NSCR,2974,acf:2975,NCGR,2975,1,adjacent_graphics_slots,False
,acf:2975,NCGR,2975,acf:2976,NCLR,2976,1,adjacent_graphics_slots,False
,acf:2976,NCLR,2976,acf:2977,NSCR,2977,1,adjacent_graphics_slots,False
,acf:2983,NSCR,2983,acf:2984,NCGR,2984,1,adjacent_graphics_slots,False
,acf:2984,NCGR,2984,acf:2985,NCLR,2985,1,adjacent_graphics_slots,False
,acf:2985,NCLR,2985,acf:2986,NSCR,2986,1,adjacent_graphics_slots,False
,acf:2986,NSCR,2986,acf:2987,NCGR,2987,1,adjacent_graphics_slots,False
,acf:2987,NCGR,2987,acf:2988,NCLR,2988,1,adjacent_graphics_slots,False
,acf:2988,NCLR,2988,acf:2989,NSCR,2989,1,adjacent_graphics_slots,False
,acf:2989,NSCR,2989,acf:2990,NCGR,2990,1,adjacent_graphics_slots,False
,acf:2990,NCGR,2990,acf:2991,NCLR,2991,1,adjacent_graphics_slots,False
,acf:2991,NCLR,2991,acf:2992,NSCR,2992,1,adjacent_graphics_slots,False
,acf:2992,NSCR,2992,acf:2993,NCGR,2993,1,adjacent_graphics_slots,False
,acf:2993,NCGR,2993,acf:2994,NCLR,2994,1,adjacent_graphics_slots,False
,acf:2994,NCLR,2994,acf:2995,NSCR,2995,1,adjacent_graphics_slots,False
,acf:2995,NSCR,2995,acf:2996,NCGR,2996,1,adjacent_graphics_slots,False
,acf:2996,NCGR,2996,acf:2997,NCLR,2997,1,adjacent_graphics_slots,False
,acf:2997,NCLR,2997,acf:2998,NSCR,2998,1,adjacent_graphics_slots,False
,acf:2998,NSCR,2998,acf:2999,NCGR,2999,1,adjacent_graphics_slots,False
,acf:2999,NCGR,2999,acf:3000,NCLR,3000,1,adjacent_graphics_slots,False
,acf:3000,NCLR,3000,acf:3001,NSCR,3001,1,adjacent_graphics_slots,False
,acf:3001,NSCR,3001,acf:3002,NCGR,3002,1,adjacent_graphics_slots,False
,acf:3002,NCGR,3002,acf:3003,NCLR,3003,1,adjacent_graphics_slots,False
,acf:3003,NCLR,3003,acf:3004,NSCR,3004,1,adjacent_graphics_slots,False
,acf:3004,NSCR,3004,acf:3005,NCGR,3005,1,adjacent_graphics_slots,False
,acf:3005,NCGR,3005,acf:3006,NCLR,3006,1,adjacent_graphics_slots,False
,acf:3006,NCLR,3006,acf:3007,NSCR,3007,1,adjacent_graphics_slots,False
,acf:3007,NSCR,3007,acf:3008,NCGR,3008,1,adjacent_graphics_slots,False
,acf:3008,NCGR,3008,acf:3009,NCLR,3009,1,adjacent_graphics_slots,False
,acf:3009,NCLR,3009,acf:3010,NSCR,3010,1,adjacent_graphics_slots,False
,acf:3010,NSCR,3010,acf:3011,NCGR,3011,1,adjacent_graphics_slots,False
,acf:3011,NCGR,3011,acf:3012,NCLR,3012,1,adjacent_graphics_slots,False
,acf:3012,NCLR,3012,acf:3013,NSCR,3013,1,adjacent_graphics_slots,False
,acf:3013,NSCR,3013,acf:3014,NCGR,3014,1,adjacent_graphics_slots,False
,acf:3014,NCGR,3014,acf:3015,NCLR,3015,1,adjacent_graphics_slots,False
,acf:3015,NCLR,3015,acf:3016,NSCR,3016,1,adjacent_graphics_slots,False
,acf:3019,NSCR,3019,acf:3020,NCGR,3020,1,adjacent_graphics_slots,False
,acf:3020,NCGR,3020,acf:3021,NCLR,3021,1,adjacent_graphics_slots,False
,acf:3021,NCLR,3021,acf:3022,NSCR,3022,1,adjacent_graphics_slots,False
,acf:3028,NSCR,3028,acf:3029,NCGR,3029,1,adjacent_graphics_slots,False
,acf:3029,NCGR,3029,acf:3030,NCLR,3030,1,adjacent_graphics_slots,False
,acf:3030,NCLR,3030,acf:3031,NSCR,3031,1,adjacent_graphics_slots,False
,acf:3037,NSCR,3037,acf:3038,NCGR,3038,1,adjacent_graphics_slots,False
,acf:3038,NCGR,3038,acf:3039,NCLR,3039,1,adjacent_graphics_slots,False
,acf:3039,NCLR,3039,acf:3040,NSCR,3040,1,adjacent_graphics_slots,False
,acf:3046,NSCR,3046,acf:3047,NCGR,3047,1,adjacent_graphics_slots,False
,acf:3047,NCGR,3047,acf:3048,NCLR,3048,1,adjacent_graphics_slots,False
,acf:3048,NCLR,3048,acf:3049,NSCR,3049,1,adjacent_graphics_slots,False
,acf:3055,NSCR,3055,acf:3056,NCGR,3056,1,adjacent_graphics_slots,False
,acf:3056,NCGR,3056,acf:3057,NCLR,3057,1,adjacent_graphics_slots,False
,acf:3057,NCLR,3057,acf:3058,NSCR,3058,1,adjacent_graphics_slots,False
,acf:3064,NSCR,3064,acf:3065,NCGR,3065,1,adjacent_graphics_slots,False
,acf:3065,NCGR,3065,acf:3066,NCLR,3066,1,adjacent_graphics_slots,False
,acf:3066,NCLR,3066,acf:3067,NSCR,3067,1,adjacent_graphics_slots,False
,acf:3070,NSCR,3070,acf:3071,NCGR,3071,1,adjacent_graphics_slots,False
,acf:3071,NCGR,3071,acf:3072,NCLR,3072,1,adjacent_graphics_slots,False
,acf:3072,NCLR,3072,acf:3073,NSCR,3073,1,adjacent_graphics_slots,False
,acf:3076,NSCR,3076,acf:3077,NCGR,3077,1,adjacent_graphics_slots,False
,acf:3077,NCGR,3077,acf:3078,NCLR,3078,1,adjacent_graphics_slots,False
,acf:3078,NCLR,3078,acf:3079,NSCR,3079,1,adjacent_graphics_slots,False
,acf:3082,NSCR,3082,acf:3083,NCGR,3083,1,adjacent_graphics_slots,False
,acf:3083,NCGR,3083,acf:3084,NCLR,3084,1,adjacent_graphics_slots,False
,acf:3084,NCLR,3084,acf:3085,NSCR,3085,1,adjacent_graphics_slots,False
,acf:3088,NSCR,3088,acf:3089,NCGR,3089,1,adjacent_graphics_slots,False
,acf:3089,NCGR,3089,acf:3090,NCLR,3090,1,adjacent_graphics_slots,False
,acf:3090,NCLR,3090,acf:3091,NSCR,3091,1,adjacent_graphics_slots,False
,acf:3097,NSCR,3097,acf:3098,NCGR,3098,1,adjacent_graphics_slots,False
,acf:3098,NCGR,3098,acf:3099,NCLR,3099,1,adjacent_graphics_slots,False
,acf:3099,NCLR,3099,acf:3100,NSCR,3100,1,adjacent_graphics_slots,False
,acf:3100,NSCR,3100,acf:3101,NCGR,3101,1,adjacent_graphics_slots,False
,acf:3101,NCGR,3101,acf:3102,NCLR,3102,1,adjacent_graphics_slots,False
,acf:3102,NCLR,3102,acf:3103,NSCR,3103,1,adjacent_graphics_slots,False
,acf:3106,NSCR,3106,acf:3107,NCGR,3107,1,adjacent_graphics_slots,False
,acf:3107,NCGR,3107,acf:3108,NCLR,3108,1,adjacent_graphics_slots,False
,acf:3108,NCLR,3108,acf:3109,NSCR,3109,1,adjacent_graphics_slots,False
,acf:3115,NSCR,3115,acf:3116,NCGR,3116,1,adjacent_graphics_slots,False
,acf:3116,NCGR,3116,acf:3117,NCLR,3117,1,adjacent_graphics_slots,False
,acf:3117,NCLR,3117,acf:3118,NSCR,3118,1,adjacent_graphics_slots,False
,acf:3124,NSCR,3124,acf:3125,NCGR,3125,1,adjacent_graphics_slots,False
,acf:3125,NCGR,3125,acf:3126,NCLR,3126,1,adjacent_graphics_slots,False
,acf:3126,NCLR,3126,acf:3127,NSCR,3127,1,adjacent_graphics_slots,False
,acf:3130,NSCR,3130,acf:3131,NCGR,3131,1,adjacent_graphics_slots,False
,acf:3131,NCGR,3131,acf:3132,NCLR,3132,1,adjacent_graphics_slots,False
,acf:3132,NCLR,3132,acf:3133,NSCR,3133,1,adjacent_graphics_slots,False
,acf:3133,NSCR,3133,acf:3134,NCGR,3134,1,adjacent_graphics_slots,False
,acf:3134,NCGR,3134,acf:3135,NCLR,3135,1,adjacent_graphics_slots,False
,acf:3135,NCLR,3135,acf:3136,NSCR,3136,1,adjacent_graphics_slots,False
,acf:3142,NSCR,3142,acf:3143,NCGR,3143,1,adjacent_graphics_slots,False
,acf:3143,NCGR,3143,acf:3144,NCLR,3144,1,adjacent_graphics_slots,False
,acf:3144,NCLR,3144,acf:3145,NSCR,3145,1,adjacent_graphics_slots,False
,acf:3151,NSCR,3151,acf:3152,NCGR,3152,1,adjacent_graphics_slots,False
,acf:3152,NCGR,3152,acf:3153,NCLR,3153,1,adjacent_graphics_slots,False
,acf:3153,NCLR,3153,acf:3154,NSCR,3154,1,adjacent_graphics_slots,False
,acf:3160,NSCR,3160,acf:3161,NCGR,3161,1,adjacent_graphics_slots,False
,acf:3161,NCGR,3161,acf:3162,NCLR,3162,1,adjacent_graphics_slots,False
,acf:3162,NCLR,3162,acf:3163,NSCR,3163,1,adjacent_graphics_slots,False
,acf:3169,NSCR,3169,acf:3170,NCGR,3170,1,adjacent_graphics_slots,False
,acf:3170,NCGR,3170,acf:3171,NCLR,3171,1,adjacent_graphics_slots,False
,acf:3171,NCLR,3171,acf:3172,NSCR,3172,1,adjacent_graphics_slots,False
,acf:3178,NSCR,3178,acf:3179,NCGR,3179,1,adjacent_graphics_slots,False
,acf:3179,NCGR,3179,acf:3180,NCLR,3180,1,adjacent_graphics_slots,False
,acf:3180,NCLR,3180,acf:3181,NSCR,3181,1,adjacent_graphics_slots,False
,acf:3187,NSCR,3187,acf:3188,NCGR,3188,1,adjacent_graphics_slots,False
,acf:3188,NCGR,3188,acf:3189,NCLR,3189,1,adjacent_graphics_slots,False
,acf:3189,NCLR,3189,acf:3190,NSCR,3190,1,adjacent_graphics_slots,False
,acf:3196,NSCR,3196,acf:3197,NCGR,3197,1,adjacent_graphics_slots,False
,acf:3197,NCGR,3197,acf:3198,NCLR,3198,1,adjacent_graphics_slots,False
,acf:3198,NCLR,3198,acf:3199,NSCR,3199,1,adjacent_graphics_slots,False
,acf:3205,NSCR,3205,acf:3206,NCGR,3206,1,adjacent_graphics_slots,False
,acf:3206,NCGR,3206,acf:3207,NCLR,3207,1,adjacent_graphics_slots,False
,acf:3207,NCLR,3207,acf:3208,NSCR,3208,1,adjacent_graphics_slots,False
,acf:3214,NSCR,3214,acf:3215,NCGR,3215,1,adjacent_graphics_slots,False
,acf:3215,NCGR,3215,acf:3216,NCLR,3216,1,adjacent_graphics_slots,False
,acf:3216,NCLR,3216,acf:3217,NSCR,3217,1,adjacent_graphics_slots,False
,acf:3223,NSCR,3223,acf:3224,NCGR,3224,1,adjacent_graphics_slots,False
,acf:3224,NCGR,3224,acf:3225,NCLR,3225,1,adjacent_graphics_slots,False
,acf:3225,NCLR,3225,acf:3226,NSCR,3226,1,adjacent_graphics_slots,False
,acf:3232,NSCR,3232,acf:3233,NCGR,3233,1,adjacent_graphics_slots,False
,acf:3233,NCGR,3233,acf:3234,NCLR,3234,1,adjacent_graphics_slots,False
,acf:3234,NCLR,3234,acf:3235,NSCR,3235,1,adjacent_graphics_slots,False
,acf:3241,NSCR,3241,acf:3242,NCGR,3242,1,adjacent_graphics_slots,False
,acf:3242,NCGR,3242,acf:3243,NCLR,3243,1,adjacent_graphics_slots,False
,acf:3243,NCLR,3243,acf:3244,NSCR,3244,1,adjacent_graphics_slots,False
,acf:3250,NSCR,3250,acf:3251,NCGR,3251,1,adjacent_graphics_slots,False
,acf:3251,NCGR,3251,acf:3252,NCLR,3252,1,adjacent_graphics_slots,False
,acf:3252,NCLR,3252,acf:3253,NSCR,3253,1,adjacent_graphics_slots,False
,acf:3259,NSCR,3259,acf:3260,NCGR,3260,1,adjacent_graphics_slots,False
,acf:3260,NCGR,3260,acf:3261,NCLR,3261,1,adjacent_graphics_slots,False
,acf:3261,NCLR,3261,acf:3262,NSCR,3262,1,adjacent_graphics_slots,False
,acf:3268,NSCR,3268,acf:3269,NCGR,3269,1,adjacent_graphics_slots,False
,acf:3269,NCGR,3269,acf:3270,NCLR,3270,1,adjacent_graphics_slots,False
,acf:3270,NCLR,3270,acf:3271,NSCR,3271,1,adjacent_graphics_slots,False
,acf:3277,NSCR,3277,acf:3278,NCGR,3278,1,adjacent_graphics_slots,False
,acf:3278,NCGR,3278,acf:3279,NCLR,3279,1,adjacent_graphics_slots,False
,acf:3279,NCLR,3279,acf:3280,NSCR,3280,1,adjacent_graphics_slots,False
,acf:3286,NSCR,3286,acf:3287,NCGR,3287,1,adjacent_graphics_slots,False
,acf:3287,NCGR,3287,acf:3288,NCLR,3288,1,adjacent_graphics_slots,False
,acf:3288,NCLR,3288,acf:3289,NSCR,3289,1,adjacent_graphics_slots,False
,acf:3295,NSCR,3295,acf:3296,NCGR,3296,1,adjacent_graphics_slots,False
,acf:3296,NCGR,3296,acf:3297,NCLR,3297,1,adjacent_graphics_slots,False
,acf:3297,NCLR,3297,acf:3298,NSCR,3298,1,adjacent_graphics_slots,False
,acf:3304,NSCR,3304,acf:3305,NCGR,3305,1,adjacent_graphics_slots,False
,acf:3305,NCGR,3305,acf:3306,NCLR,3306,1,adjacent_graphics_slots,False
,acf:3306,NCLR,3306,acf:3307,NSCR,3307,1,adjacent_graphics_slots,False
,acf:3313,NSCR,3313,acf:3314,NCGR,3314,1,adjacent_graphics_slots,False
,acf:3314,NCGR,3314,acf:3315,NCLR,3315,1,adjacent_graphics_slots,False
,acf:3315,NCLR,3315,acf:3316,NSCR,3316,1,adjacent_graphics_slots,False
,acf:3322,NSCR,3322,acf:3323,NCGR,3323,1,adjacent_graphics_slots,False
,acf:3323,NCGR,3323,acf:3324,NCLR,3324,1,adjacent_graphics_slots,False
,acf:3324,NCLR,3324,acf:3325,NSCR,3325,1,adjacent_graphics_slots,False
,acf:3331,NSCR,3331,acf:3332,NCGR,3332,1,adjacent_graphics_slots,False
,acf:3332,NCGR,3332,acf:3333,NCLR,3333,1,adjacent_graphics_slots,False
,acf:3333,NCLR,3333,acf:3334,NSCR,3334,1,adjacent_graphics_slots,False
,acf:3340,NSCR,3340,acf:3341,NCGR,3341,1,adjacent_graphics_slots,False
,acf:3341,NCGR,3341,acf:3342,NCLR,3342,1,adjacent_graphics_slots,False
,acf:3342,NCLR,3342,acf:3343,NSCR,3343,1,adjacent_graphics_slots,False
,acf:3349,NSCR,3349,acf:3350,NCGR,3350,1,adjacent_graphics_slots,False
,acf:3350,NCGR,3350,acf:3351,NCLR,3351,1,adjacent_graphics_slots,False
,acf:3351,NCLR,3351,acf:3352,NSCR,3352,1,adjacent_graphics_slots,False
,acf:3358,NSCR,3358,acf:3359,NCGR,3359,1,adjacent_graphics_slots,False
,acf:3359,NCGR,3359,acf:3360,NCLR,3360,1,adjacent_graphics_slots,False
,acf:3360,NCLR,3360,acf:3361,NSCR,3361,1,adjacent_graphics_slots,False
,acf:3367,NSCR,3367,acf:3368,NCGR,3368,1,adjacent_graphics_slots,False
,acf:3368,NCGR,3368,acf:3369,NCLR,3369,1,adjacent_graphics_slots,False
,acf:3369,NCLR,3369,acf:3370,NSCR,3370,1,adjacent_graphics_slots,False
,acf:3370,NSCR,3370,acf:3371,NCGR,3371,1,adjacent_graphics_slots,False
,acf:3371,NCGR,3371,acf:3372,NCLR,3372,1,adjacent_graphics_slots,False
,acf:3372,NCLR,3372,acf:3373,NSCR,3373,1,adjacent_graphics_slots,False
,acf:3373,NSCR,3373,acf:3374,NCGR,3374,1,adjacent_graphics_slots,False
,acf:3374,NCGR,3374,acf:3375,NCLR,3375,1,adjacent_graphics_slots,False
,acf:3375,NCLR,3375,acf:3376,NSCR,3376,1,adjacent_graphics_slots,False
,acf:3379,NSCR,3379,acf:3380,NCGR,3380,1,adjacent_graphics_slots,False
,acf:3380,NCGR,3380,acf:3381,NCLR,3381,1,adjacent_graphics_slots,False
,acf:3381,NCLR,3381,acf:3382,NSCR,3382,1,adjacent_graphics_slots,False
,acf:3385,NSCR,3385,acf:3386,NCGR,3386,1,adjacent_graphics_slots,False
,acf:3386,NCGR,3386,acf:3387,NCLR,3387,1,adjacent_graphics_slots,False
,acf:3387,NCLR,3387,acf:3388,NSCR,3388,1,adjacent_graphics_slots,False
,acf:3391,NSCR,3391,acf:3392,NCGR,3392,1,adjacent_graphics_slots,False
,acf:3392,NCGR,3392,acf:3393,NCLR,3393,1,adjacent_graphics_slots,False
,acf:3393,NCLR,3393,acf:3394,NSCR,3394,1,adjacent_graphics_slots,False
,acf:3397,NSCR,3397,acf:3398,NCGR,3398,1,adjacent_graphics_slots,False
,acf:3398,NCGR,3398,acf:3399,NCLR,3399,1,adjacent_graphics_slots,False
,acf:3399,NCLR,3399,acf:3400,NSCR,3400,1,adjacent_graphics_slots,False
,acf:3400,NSCR,3400,acf:3401,NCGR,3401,1,adjacent_graphics_slots,False
,acf:3401,NCGR,3401,acf:3402,NCLR,3402,1,adjacent_graphics_slots,False
,acf:3402,NCLR,3402,acf:3403,NSCR,3403,1,adjacent_graphics_slots,False
,acf:3406,NSCR,3406,acf:3407,NCGR,3407,1,adjacent_graphics_slots,False
,acf:3407,NCGR,3407,acf:3408,NCLR,3408,1,adjacent_graphics_slots,False
,acf:3408,NCLR,3408,acf:3409,NSCR,3409,1,adjacent_graphics_slots,False
,acf:3418,NSCR,3418,acf:3419,NCGR,3419,1,adjacent_graphics_slots,False
,acf:3419,NCGR,3419,acf:3420,NCLR,3420,1,adjacent_graphics_slots,False
,acf:3420,NCLR,3420,acf:3421,NSCR,3421,1,adjacent_graphics_slots,False
,acf:3421,NSCR,3421,acf:3422,NCGR,3422,1,adjacent_graphics_slots,False
,acf:3422,NCGR,3422,acf:3423,NCLR,3423,1,adjacent_graphics_slots,False
,acf:3423,NCLR,3423,acf:3424,NSCR,3424,1,adjacent_graphics_slots,False
,acf:3430,NSCR,3430,acf:3431,NCGR,3431,1,adjacent_graphics_slots,False
,acf:3431,NCGR,3431,acf:3432,NCLR,3432,1,adjacent_graphics_slots,False
,acf:3432,NCLR,3432,acf:3433,NSCR,3433,1,adjacent_graphics_slots,False
,acf:3439,NSCR,3439,acf:3440,NCGR,3440,1,adjacent_graphics_slots,False
,acf:3440,NCGR,3440,acf:3441,NCLR,3441,1,adjacent_graphics_slots,False
,acf:3441,NCLR,3441,acf:3442,NSCR,3442,1,adjacent_graphics_slots,False
,acf:3448,NSCR,3448,acf:3449,NCGR,3449,1,adjacent_graphics_slots,False
,acf:3449,NCGR,3449,acf:3450,NCLR,3450,1,adjacent_graphics_slots,False
,acf:3450,NCLR,3450,acf:3451,NSCR,3451,1,adjacent_graphics_slots,False
,acf:3457,NSCR,3457,acf:3458,NCGR,3458,1,adjacent_graphics_slots,False
,acf:3458,NCGR,3458,acf:3459,NCLR,3459,1,adjacent_graphics_slots,False
,acf:3459,NCLR,3459,acf:3460,NSCR,3460,1,adjacent_graphics_slots,False
,acf:3460,NSCR,3460,acf:3461,NCGR,3461,1,adjacent_graphics_slots,False
,acf:3461,NCGR,3461,acf:3462,NCLR,3462,1,adjacent_graphics_slots,False
,acf:3462,NCLR,3462,acf:3463,NSCR,3463,1,adjacent_graphics_slots,False
,acf:3463,NSCR,3463,acf:3464,NCGR,3464,1,adjacent_graphics_slots,False
,acf:3464,NCGR,3464,acf:3465,NCLR,3465,1,adjacent_graphics_slots,False
,acf:3465,NCLR,3465,acf:3466,NSCR,3466,1,adjacent_graphics_slots,False
,acf:3466,NSCR,3466,acf:3467,NCGR,3467,1,adjacent_graphics_slots,False
,acf:3467,NCGR,3467,acf:3468,NCLR,3468,1,adjacent_graphics_slots,False
,acf:3468,NCLR,3468,acf:3469,NANR,3469,1,adjacent_graphics_slots,False
,acf:3469,NANR,3469,acf:3470,NCER,3470,1,adjacent_graphics_slots,False
,acf:3470,NCER,3470,acf:3471,NCGR,3471,1,adjacent_graphics_slots,False
,acf:3471,NCGR,3471,acf:3472,NCLR,3472,1,adjacent_graphics_slots,False
,acf:3472,NCLR,3472,acf:3473,NANR,3473,1,adjacent_graphics_slots,False
,acf:3473,NANR,3473,acf:3474,NCER,3474,1,adjacent_graphics_slots,False
,acf:3474,NCER,3474,acf:3475,NCGR,3475,1,adjacent_graphics_slots,False
,acf:3475,NCGR,3475,acf:3476,NCLR,3476,1,adjacent_graphics_slots,False
,acf:3476,NCLR,3476,acf:3477,NANR,3477,1,adjacent_graphics_slots,False
,acf:3477,NANR,3477,acf:3478,NCER,3478,1,adjacent_graphics_slots,False
,acf:3478,NCER,3478,acf:3479,NCGR,3479,1,adjacent_graphics_slots,False
,acf:3479,NCGR,3479,acf:3480,NCLR,3480,1,adjacent_graphics_slots,False
,acf:3480,NCLR,3480,acf:3481,NANR,3481,1,adjacent_graphics_slots,False
,acf:3481,NANR,3481,acf:3482,NCER,3482,1,adjacent_graphics_slots,False
,acf:3482,NCER,3482,acf:3483,NCGR,3483,1,adjacent_graphics_slots,False
,acf:3483,NCGR,3483,acf:3484,NCLR,3484,1,adjacent_graphics_slots,False
,acf:3484,NCLR,3484,acf:3485,NANR,3485,1,adjacent_graphics_slots,False
,acf:3485,NANR,3485,acf:3486,NCER,3486,1,adjacent_graphics_slots,False
,acf:3486,NCER,3486,acf:3487,NCGR,3487,1,adjacent_graphics_slots,False
,acf:3487,NCGR,3487,acf:3488,NCLR,3488,1,adjacent_graphics_slots,False
,acf:3488,NCLR,3488,acf:3489,NANR,3489,1,adjacent_graphics_slots,False
,acf:3489,NANR,3489,acf:3490,NCER,3490,1,adjacent_graphics_slots,False
,acf:3490,NCER,3490,acf:3491,NCGR,3491,1,adjacent_graphics_slots,False
,acf:3491,NCGR,3491,acf:3492,NCLR,3492,1,adjacent_graphics_slots,False
,acf:3492,NCLR,3492,acf:3493,NANR,3493,1,adjacent_graphics_slots,False
,acf:3493,NANR,3493,acf:3494,NCER,3494,1,adjacent_graphics_slots,False
,acf:3494,NCER,3494,acf:3495,NCGR,3495,1,adjacent_graphics_slots,False
,acf:3495,NCGR,3495,acf:3496,NCLR,3496,1,adjacent_graphics_slots,False
,acf:3496,NCLR,3496,acf:3497,NANR,3497,1,adjacent_graphics_slots,False
,acf:3497,NANR,3497,acf:3498,NCER,3498,1,adjacent_graphics_slots,False
,acf:3498,NCER,3498,acf:3499,NCGR,3499,1,adjacent_graphics_slots,False
,acf:3499,NCGR,3499,acf:3500,NCLR,3500,1,adjacent_graphics_slots,False
,acf:3500,NCLR,3500,acf:3501,NANR,3501,1,adjacent_graphics_slots,False
,acf:3501,NANR,3501,acf:3502,NCER,3502,1,adjacent_graphics_slots,False
,acf:3502,NCER,3502,acf:3503,NCGR,3503,1,adjacent_graphics_slots,False
,acf:3503,NCGR,3503,acf:3504,NCLR,3504,1,adjacent_graphics_slots,False
,acf:3504,NCLR,3504,acf:3505,NANR,3505,1,adjacent_graphics_slots,False
,acf:3505,NANR,3505,acf:3506,NCER,3506,1,adjacent_graphics_slots,False
,acf:3506,NCER,3506,acf:3507,NCGR,3507,1,adjacent_graphics_slots,False
,acf:3507,NCGR,3507,acf:3508,NCLR,3508,1,adjacent_graphics_slots,False
,acf:3508,NCLR,3508,acf:3509,NANR,3509,1,adjacent_graphics_slots,False
,acf:3509,NANR,3509,acf:3510,NCER,3510,1,adjacent_graphics_slots,False
,acf:3510,NCER,3510,acf:3511,NCGR,3511,1,adjacent_graphics_slots,False
,acf:3511,NCGR,3511,acf:3512,NCLR,3512,1,adjacent_graphics_slots,False
,acf:3512,NCLR,3512,acf:3513,NANR,3513,1,adjacent_graphics_slots,False
,acf:3513,NANR,3513,acf:3514,NCER,3514,1,adjacent_graphics_slots,False
,acf:3514,NCER,3514,acf:3515,NCGR,3515,1,adjacent_graphics_slots,False
,acf:3515,NCGR,3515,acf:3516,NCLR,3516,1,adjacent_graphics_slots,False
,acf:3516,NCLR,3516,acf:3517,NANR,3517,1,adjacent_graphics_slots,False
,acf:3517,NANR,3517,acf:3518,NCER,3518,1,adjacent_graphics_slots,False
,acf:3518,NCER,3518,acf:3519,NCGR,3519,1,adjacent_graphics_slots,False
,acf:3519,NCGR,3519,acf:3520,NCLR,3520,1,adjacent_graphics_slots,False
,acf:3520,NCLR,3520,acf:3521,NANR,3521,1,adjacent_graphics_slots,False
,acf:3521,NANR,3521,acf:3522,NCER,3522,1,adjacent_graphics_slots,False
,acf:3522,NCER,3522,acf:3523,NCGR,3523,1,adjacent_graphics_slots,False
,acf:3523,NCGR,3523,acf:3524,NCLR,3524,1,adjacent_graphics_slots,False
,acf:3524,NCLR,3524,acf:3525,NANR,3525,1,adjacent_graphics_slots,False
,acf:3525,NANR,3525,acf:3526,NCER,3526,1,adjacent_graphics_slots,False
,acf:3526,NCER,3526,acf:3527,NCGR,3527,1,adjacent_graphics_slots,False
,acf:3527,NCGR,3527,acf:3528,NCLR,3528,1,adjacent_graphics_slots,False
,acf:3528,NCLR,3528,acf:3529,NANR,3529,1,adjacent_graphics_slots,False
,acf:3529,NANR,3529,acf:3530,NCER,3530,1,adjacent_graphics_slots,False
,acf:3530,NCER,3530,acf:3531,NCGR,3531,1,adjacent_graphics_slots,False
,acf:3531,NCGR,3531,acf:3532,NCLR,3532,1,adjacent_graphics_slots,False
,acf:3532,NCLR,3532,acf:3533,NANR,3533,1,adjacent_graphics_slots,False
,acf:3533,NANR,3533,acf:3534,NCER,3534,1,adjacent_graphics_slots,False
,acf:3534,NCER,3534,acf:3535,NCGR,3535,1,adjacent_graphics_slots,False
,acf:3535,NCGR,3535,acf:3536,NCLR,3536,1,adjacent_graphics_slots,False
,acf:3536,NCLR,3536,acf:3537,NANR,3537,1,adjacent_graphics_slots,False
,acf:3537,NANR,3537,acf:3538,NCER,3538,1,adjacent_graphics_slots,False
,acf:3538,NCER,3538,acf:3539,NCGR,3539,1,adjacent_graphics_slots,False
,acf:3539,NCGR,3539,acf:3540,NCLR,3540,1,adjacent_graphics_slots,False
,acf:3540,NCLR,3540,acf:3541,NANR,3541,1,adjacent_graphics_slots,False
,acf:3541,NANR,3541,acf:3542,NCER,3542,1,adjacent_graphics_slots,False
,acf:3542,NCER,3542,acf:3543,NCGR,3543,1,adjacent_graphics_slots,False
,acf:3543,NCGR,3543,acf:3544,NCLR,3544,1,adjacent_graphics_slots,False
,acf:3544,NCLR,3544,acf:3545,NANR,3545,1,adjacent_graphics_slots,False
,acf:3545,NANR,3545,acf:3546,NCER,3546,1,adjacent_graphics_slots,False
,acf:3546,NCER,3546,acf:3547,NCGR,3547,1,adjacent_graphics_slots,False
,acf:3547,NCGR,3547,acf:3548,NCLR,3548,1,adjacent_graphics_slots,False
,acf:3548,NCLR,3548,acf:3549,NANR,3549,1,adjacent_graphics_slots,False
,acf:3549,NANR,3549,acf:3550,NCER,3550,1,adjacent_graphics_slots,False
,acf:3550,NCER,3550,acf:3551,NCGR,3551,1,adjacent_graphics_slots,False
,acf:3551,NCGR,3551,acf:3552,NCLR,3552,1,adjacent_graphics_slots,False
,acf:3552,NCLR,3552,acf:3553,NANR,3553,1,adjacent_graphics_slots,False
,acf:3553,NANR,3553,acf:3554,NCER,3554,1,adjacent_graphics_slots,False
,acf:3554,NCER,3554,acf:3555,NCGR,3555,1,adjacent_graphics_slots,False
,acf:3555,NCGR,3555,acf:3556,NCLR,3556,1,adjacent_graphics_slots,False
,acf:3556,NCLR,3556,acf:3557,NANR,3557,1,adjacent_graphics_slots,False
,acf:3557,NANR,3557,acf:3558,NCER,3558,1,adjacent_graphics_slots,False
,acf:3558,NCER,3558,acf:3559,NCGR,3559,1,adjacent_graphics_slots,False
,acf:3559,NCGR,3559,acf:3560,NCLR,3560,1,adjacent_graphics_slots,False
,acf:3560,NCLR,3560,acf:3561,NANR,3561,1,adjacent_graphics_slots,False
,acf:3561,NANR,3561,acf:3562,NCER,3562,1,adjacent_graphics_slots,False
,acf:3562,NCER,3562,acf:3563,NCGR,3563,1,adjacent_graphics_slots,False
,acf:3563,NCGR,3563,acf:3564,NCLR,3564,1,adjacent_graphics_slots,False
,acf:3564,NCLR,3564,acf:3565,NANR,3565,1,adjacent_graphics_slots,False
,acf:3565,NANR,3565,acf:3566,NCER,3566,1,adjacent_graphics_slots,False
,acf:3566,NCER,3566,acf:3567,NCGR,3567,1,adjacent_graphics_slots,False
,acf:3567,NCGR,3567,acf:3568,NCLR,3568,1,adjacent_graphics_slots,False
,acf:3568,NCLR,3568,acf:3569,NANR,3569,1,adjacent_graphics_slots,False
,acf:3569,NANR,3569,acf:3570,NCER,3570,1,adjacent_graphics_slots,False
,acf:3570,NCER,3570,acf:3571,NCGR,3571,1,adjacent_graphics_slots,False
,acf:3571,NCGR,3571,acf:3572,NCLR,3572,1,adjacent_graphics_slots,False
,acf:3572,NCLR,3572,acf:3573,NANR,3573,1,adjacent_graphics_slots,False
,acf:3573,NANR,3573,acf:3574,NCER,3574,1,adjacent_graphics_slots,False
,acf:3574,NCER,3574,acf:3575,NCGR,3575,1,adjacent_graphics_slots,False
,acf:3575,NCGR,3575,acf:3576,NCLR,3576,1,adjacent_graphics_slots,False
,acf:3576,NCLR,3576,acf:3577,NANR,3577,1,adjacent_graphics_slots,False
,acf:3577,NANR,3577,acf:3578,NCER,3578,1,adjacent_graphics_slots,False
,acf:3578,NCER,3578,acf:3579,NCGR,3579,1,adjacent_graphics_slots,False
,acf:3579,NCGR,3579,acf:3580,NCLR,3580,1,adjacent_graphics_slots,False
,acf:3580,NCLR,3580,acf:3581,NANR,3581,1,adjacent_graphics_slots,False
,acf:3581,NANR,3581,acf:3582,NCER,3582,1,adjacent_graphics_slots,False
,acf:3582,NCER,3582,acf:3583,NCGR,3583,1,adjacent_graphics_slots,False
,acf:3583,NCGR,3583,acf:3584,NCLR,3584,1,adjacent_graphics_slots,False
,acf:3584,NCLR,3584,acf:3585,NANR,3585,1,adjacent_graphics_slots,False
,acf:3585,NANR,3585,acf:3586,NCER,3586,1,adjacent_graphics_slots,False
,acf:3586,NCER,3586,acf:3587,NCGR,3587,1,adjacent_graphics_slots,False
,acf:3587,NCGR,3587,acf:3588,NCLR,3588,1,adjacent_graphics_slots,False
,acf:3588,NCLR,3588,acf:3589,NANR,3589,1,adjacent_graphics_slots,False
,acf:3589,NANR,3589,acf:3590,NCER,3590,1,adjacent_graphics_slots,False
,acf:3590,NCER,3590,acf:3591,NCGR,3591,1,adjacent_graphics_slots,False
,acf:3591,NCGR,3591,acf:3592,NCLR,3592,1,adjacent_graphics_slots,False
,acf:3592,NCLR,3592,acf:3593,NANR,3593,1,adjacent_graphics_slots,False
,acf:3593,NANR,3593,acf:3594,NCER,3594,1,adjacent_graphics_slots,False
,acf:3594,NCER,3594,acf:3595,NCGR,3595,1,adjacent_graphics_slots,False
,acf:3595,NCGR,3595,acf:3596,NCLR,3596,1,adjacent_graphics_slots,False
,acf:3596,NCLR,3596,acf:3597,NANR,3597,1,adjacent_graphics_slots,False
,acf:3597,NANR,3597,acf:3598,NCER,3598,1,adjacent_graphics_slots,False
,acf:3598,NCER,3598,acf:3599,NCGR,3599,1,adjacent_graphics_slots,False
,acf:3599,NCGR,3599,acf:3600,NCLR,3600,1,adjacent_graphics_slots,False
,acf:3600,NCLR,3600,acf:3601,NANR,3601,1,adjacent_graphics_slots,False
,acf:3601,NANR,3601,acf:3602,NCER,3602,1,adjacent_graphics_slots,False
,acf:3602,NCER,3602,acf:3603,NCGR,3603,1,adjacent_graphics_slots,False
,acf:3603,NCGR,3603,acf:3604,NCLR,3604,1,adjacent_graphics_slots,False
,acf:3604,NCLR,3604,acf:3605,NANR,3605,1,adjacent_graphics_slots,False
,acf:3605,NANR,3605,acf:3606,NCER,3606,1,adjacent_graphics_slots,False
,acf:3606,NCER,3606,acf:3607,NCGR,3607,1,adjacent_graphics_slots,False
,acf:3607,NCGR,3607,acf:3608,NCLR,3608,1,adjacent_graphics_slots,False
,acf:3608,NCLR,3608,acf:3609,NANR,3609,1,adjacent_graphics_slots,False
,acf:3609,NANR,3609,acf:3610,NCER,3610,1,adjacent_graphics_slots,False
,acf:3610,NCER,3610,acf:3611,NCGR,3611,1,adjacent_graphics_slots,False
,acf:3611,NCGR,3611,acf:3612,NCLR,3612,1,adjacent_graphics_slots,False
,acf:3612,NCLR,3612,acf:3613,NANR,3613,1,adjacent_graphics_slots,False
,acf:3613,NANR,3613,acf:3614,NCER,3614,1,adjacent_graphics_slots,False
,acf:3614,NCER,3614,acf:3615,NCGR,3615,1,adjacent_graphics_slots,False
,acf:3615,NCGR,3615,acf:3616,NCLR,3616,1,adjacent_graphics_slots,False
,acf:3616,NCLR,3616,acf:3617,NANR,3617,1,adjacent_graphics_slots,False
,acf:3617,NANR,3617,acf:3618,NCER,3618,1,adjacent_graphics_slots,False
,acf:3618,NCER,3618,acf:3619,NCGR,3619,1,adjacent_graphics_slots,False
,acf:3619,NCGR,3619,acf:3620,NCLR,3620,1,adjacent_graphics_slots,False
,acf:3620,NCLR,3620,acf:3621,NANR,3621,1,adjacent_graphics_slots,False
,acf:3621,NANR,3621,acf:3622,NCER,3622,1,adjacent_graphics_slots,False
,acf:3622,NCER,3622,acf:3623,NCGR,3623,1,adjacent_graphics_slots,False
,acf:3623,NCGR,3623,acf:3624,NCLR,3624,1,adjacent_graphics_slots,False
,acf:3624,NCLR,3624,acf:3625,NANR,3625,1,adjacent_graphics_slots,False
,acf:3625,NANR,3625,acf:3626,NCER,3626,1,adjacent_graphics_slots,False
,acf:3626,NCER,3626,acf:3627,NCGR,3627,1,adjacent_graphics_slots,False
,acf:3627,NCGR,3627,acf:3628,NCLR,3628,1,adjacent_graphics_slots,False
,acf:3628,NCLR,3628,acf:3629,NANR,3629,1,adjacent_graphics_slots,False
,acf:3629,NANR,3629,acf:3630,NCER,3630,1,adjacent_graphics_slots,False
,acf:3630,NCER,3630,acf:3631,NCGR,3631,1,adjacent_graphics_slots,False
,acf:3631,NCGR,3631,acf:3632,NCLR,3632,1,adjacent_graphics_slots,False
,acf:3632,NCLR,3632,acf:3633,NANR,3633,1,adjacent_graphics_slots,False
,acf:3633,NANR,3633,acf:3634,NCER,3634,1,adjacent_graphics_slots,False
,acf:3634,NCER,3634,acf:3635,NCGR,3635,1,adjacent_graphics_slots,False
,acf:3635,NCGR,3635,acf:3636,NCLR,3636,1,adjacent_graphics_slots,False
,acf:3636,NCLR,3636,acf:3637,NANR,3637,1,adjacent_graphics_slots,False
,acf:3637,NANR,3637,acf:3638,NCER,3638,1,adjacent_graphics_slots,False
,acf:3638,NCER,3638,acf:3639,NCGR,3639,1,adjacent_graphics_slots,False
,acf:3639,NCGR,3639,acf:3640,NCLR,3640,1,adjacent_graphics_slots,False
,acf:3640,NCLR,3640,acf:3641,NANR,3641,1,adjacent_graphics_slots,False
,acf:3641,NANR,3641,acf:3642,NCER,3642,1,adjacent_graphics_slots,False
,acf:3642,NCER,3642,acf:3643,NCGR,3643,1,adjacent_graphics_slots,False
,acf:3643,NCGR,3643,acf:3644,NCLR,3644,1,adjacent_graphics_slots,False
,acf:3644,NCLR,3644,acf:3645,NANR,3645,1,adjacent_graphics_slots,False
,acf:3645,NANR,3645,acf:3646,NCER,3646,1,adjacent_graphics_slots,False
,acf:3646,NCER,3646,acf:3647,NCGR,3647,1,adjacent_graphics_slots,False
,acf:3647,NCGR,3647,acf:3648,NCLR,3648,1,adjacent_graphics_slots,False
,acf:3648,NCLR,3648,acf:3649,NANR,3649,1,adjacent_graphics_slots,False
,acf:3649,NANR,3649,acf:3650,NCER,3650,1,adjacent_graphics_slots,False
,acf:3650,NCER,3650,acf:3651,NCGR,3651,1,adjacent_graphics_slots,False
,acf:3651,NCGR,3651,acf:3652,NCLR,3652,1,adjacent_graphics_slots,False
,acf:3652,NCLR,3652,acf:3653,NANR,3653,1,adjacent_graphics_slots,False
,acf:3653,NANR,3653,acf:3654,NCER,3654,1,adjacent_graphics_slots,False
,acf:3654,NCER,3654,acf:3655,NCGR,3655,1,adjacent_graphics_slots,False
,acf:3655,NCGR,3655,acf:3656,NCLR,3656,1,adjacent_graphics_slots,False
,acf:3656,NCLR,3656,acf:3657,NANR,3657,1,adjacent_graphics_slots,False
,acf:3657,NANR,3657,acf:3658,NCER,3658,1,adjacent_graphics_slots,False
,acf:3658,NCER,3658,acf:3659,NCGR,3659,1,adjacent_graphics_slots,False
,acf:3659,NCGR,3659,acf:3660,NCLR,3660,1,adjacent_graphics_slots,False
,acf:3660,NCLR,3660,acf:3661,NANR,3661,1,adjacent_graphics_slots,False
,acf:3661,NANR,3661,acf:3662,NCER,3662,1,adjacent_graphics_slots,False
,acf:3662,NCER,3662,acf:3663,NCGR,3663,1,adjacent_graphics_slots,False
,acf:3663,NCGR,3663,acf:3664,NCLR,3664,1,adjacent_graphics_slots,False
,acf:3664,NCLR,3664,acf:3665,NANR,3665,1,adjacent_graphics_slots,False
,acf:3665,NANR,3665,acf:3666,NCER,3666,1,adjacent_graphics_slots,False
,acf:3666,NCER,3666,acf:3667,NCGR,3667,1,adjacent_graphics_slots,False
,acf:3667,NCGR,3667,acf:3668,NCLR,3668,1,adjacent_graphics_slots,False
,acf:3668,NCLR,3668,acf:3669,NANR,3669,1,adjacent_graphics_slots,False
,acf:3669,NANR,3669,acf:3670,NCER,3670,1,adjacent_graphics_slots,False
,acf:3670,NCER,3670,acf:3671,NCGR,3671,1,adjacent_graphics_slots,False
,acf:3671,NCGR,3671,acf:3672,NCLR,3672,1,adjacent_graphics_slots,False
,acf:3672,NCLR,3672,acf:3673,NANR,3673,1,adjacent_graphics_slots,False
,acf:3673,NANR,3673,acf:3674,NCER,3674,1,adjacent_graphics_slots,False
,acf:3674,NCER,3674,acf:3675,NCGR,3675,1,adjacent_graphics_slots,False
,acf:3675,NCGR,3675,acf:3676,NCLR,3676,1,adjacent_graphics_slots,False
,acf:3676,NCLR,3676,acf:3677,NANR,3677,1,adjacent_graphics_slots,False
,acf:3677,NANR,3677,acf:3678,NCER,3678,1,adjacent_graphics_slots,False
,acf:3678,NCER,3678,acf:3679,NCGR,3679,1,adjacent_graphics_slots,False
,acf:3679,NCGR,3679,acf:3680,NCLR,3680,1,adjacent_graphics_slots,False
,acf:3680,NCLR,3680,acf:3681,NANR,3681,1,adjacent_graphics_slots,False
,acf:3681,NANR,3681,acf:3682,NCER,3682,1,adjacent_graphics_slots,False
,acf:3682,NCER,3682,acf:3683,NCGR,3683,1,adjacent_graphics_slots,False
,acf:3683,NCGR,3683,acf:3684,NCLR,3684,1,adjacent_graphics_slots,False
,acf:3684,NCLR,3684,acf:3685,NANR,3685,1,adjacent_graphics_slots,False
,acf:3685,NANR,3685,acf:3686,NCER,3686,1,adjacent_graphics_slots,False
,acf:3686,NCER,3686,acf:3687,NCGR,3687,1,adjacent_graphics_slots,False
,acf:3687,NCGR,3687,acf:3688,NCLR,3688,1,adjacent_graphics_slots,False
,acf:3688,NCLR,3688,acf:3689,NANR,3689,1,adjacent_graphics_slots,False
,acf:3689,NANR,3689,acf:3690,NCER,3690,1,adjacent_graphics_slots,False
,acf:3690,NCER,3690,acf:3691,NCGR,3691,1,adjacent_graphics_slots,False
,acf:3691,NCGR,3691,acf:3692,NCLR,3692,1,adjacent_graphics_slots,False
,acf:3692,NCLR,3692,acf:3693,NANR,3693,1,adjacent_graphics_slots,False
,acf:3693,NANR,3693,acf:3694,NCER,3694,1,adjacent_graphics_slots,False
,acf:3694,NCER,3694,acf:3695,NCGR,3695,1,adjacent_graphics_slots,False
,acf:3695,NCGR,3695,acf:3696,NCLR,3696,1,adjacent_graphics_slots,False
,acf:3696,NCLR,3696,acf:3697,NANR,3697,1,adjacent_graphics_slots,False
,acf:3697,NANR,3697,acf:3698,NCER,3698,1,adjacent_graphics_slots,False
,acf:3698,NCER,3698,acf:3699,NCGR,3699,1,adjacent_graphics_slots,False
,acf:3699,NCGR,3699,acf:3700,NCLR,3700,1,adjacent_graphics_slots,False
,acf:3700,NCLR,3700,acf:3701,NANR,3701,1,adjacent_graphics_slots,False
,acf:3701,NANR,3701,acf:3702,NCER,3702,1,adjacent_graphics_slots,False
,acf:3702,NCER,3702,acf:3703,NCGR,3703,1,adjacent_graphics_slots,False
,acf:3703,NCGR,3703,acf:3704,NCLR,3704,1,adjacent_graphics_slots,False
,acf:3704,NCLR,3704,acf:3705,NANR,3705,1,adjacent_graphics_slots,False
,acf:3705,NANR,3705,acf:3706,NCER,3706,1,adjacent_graphics_slots,False
,acf:3706,NCER,3706,acf:3707,NCGR,3707,1,adjacent_graphics_slots,False
,acf:3707,NCGR,3707,acf:3708,NCLR,3708,1,adjacent_graphics_slots,False
,acf:3708,NCLR,3708,acf:3709,NANR,3709,1,adjacent_graphics_slots,False
,acf:3709,NANR,3709,acf:3710,NCER,3710,1,adjacent_graphics_slots,False
,acf:3710,NCER,3710,acf:3711,NCGR,3711,1,adjacent_graphics_slots,False
,acf:3711,NCGR,3711,acf:3712,NCLR,3712,1,adjacent_graphics_slots,False
,acf:3712,NCLR,3712,acf:3713,NANR,3713,1,adjacent_graphics_slots,False
,acf:3713,NANR,3713,acf:3714,NCER,3714,1,adjacent_graphics_slots,False
,acf:3714,NCER,3714,acf:3715,NCGR,3715,1,adjacent_graphics_slots,False
,acf:3715,NCGR,3715,acf:3716,NCLR,3716,1,adjacent_graphics_slots,False
,acf:3716,NCLR,3716,acf:3717,NANR,3717,1,adjacent_graphics_slots,False
,acf:3717,NANR,3717,acf:3718,NCER,3718,1,adjacent_graphics_slots,False
,acf:3718,NCER,3718,acf:3719,NCGR,3719,1,adjacent_graphics_slots,False
,acf:3719,NCGR,3719,acf:3720,NCLR,3720,1,adjacent_graphics_slots,False
,acf:3720,NCLR,3720,acf:3721,NANR,3721,1,adjacent_graphics_slots,False
,acf:3721,NANR,3721,acf:3722,NCER,3722,1,adjacent_graphics_slots,False
,acf:3722,NCER,3722,acf:3723,NCGR,3723,1,adjacent_graphics_slots,False
,acf:3723,NCGR,3723,acf:3724,NCLR,3724,1,adjacent_graphics_slots,False
,acf:3724,NCLR,3724,acf:3725,NANR,3725,1,adjacent_graphics_slots,False
,acf:3725,NANR,3725,acf:3726,NCER,3726,1,adjacent_graphics_slots,False
,acf:3726,NCER,3726,acf:3727,NCGR,3727,1,adjacent_graphics_slots,False
,acf:3727,NCGR,3727,acf:3728,NCLR,3728,1,adjacent_graphics_slots,False
,acf:3728,NCLR,3728,acf:3729,NANR,3729,1,adjacent_graphics_slots,False
,acf:3729,NANR,3729,acf:3730,NCER,3730,1,adjacent_graphics_slots,False
,acf:3730,NCER,3730,acf:3731,NCGR,3731,1,adjacent_graphics_slots,False
,acf:3731,NCGR,3731,acf:3732,NCLR,3732,1,adjacent_graphics_slots,False
,acf:3732,NCLR,3732,acf:3733,NANR,3733,1,adjacent_graphics_slots,False
,acf:3733,NANR,3733,acf:3734,NCER,3734,1,adjacent_graphics_slots,False
,acf:3734,NCER,3734,acf:3735,NCGR,3735,1,adjacent_graphics_slots,False
,acf:3735,NCGR,3735,acf:3736,NCLR,3736,1,adjacent_graphics_slots,False
,acf:3736,NCLR,3736,acf:3737,NANR,3737,1,adjacent_graphics_slots,False
,acf:3737,NANR,3737,acf:3738,NCER,3738,1,adjacent_graphics_slots,False
,acf:3738,NCER,3738,acf:3739,NCGR,3739,1,adjacent_graphics_slots,False
,acf:3739,NCGR,3739,acf:3740,NCLR,3740,1,adjacent_graphics_slots,False
,acf:3740,NCLR,3740,acf:3741,NANR,3741,1,adjacent_graphics_slots,False
,acf:3741,NANR,3741,acf:3742,NCER,3742,1,adjacent_graphics_slots,False
,acf:3742,NCER,3742,acf:3743,NCGR,3743,1,adjacent_graphics_slots,False
,acf:3743,NCGR,3743,acf:3744,NCLR,3744,1,adjacent_graphics_slots,False
,acf:3744,NCLR,3744,acf:3745,NANR,3745,1,adjacent_graphics_slots,False
,acf:3745,NANR,3745,acf:3746,NCER,3746,1,adjacent_graphics_slots,False
,acf:3746,NCER,3746,acf:3747,NCGR,3747,1,adjacent_graphics_slots,False
,acf:3747,NCGR,3747,acf:3748,NCLR,3748,1,adjacent_graphics_slots,False
,acf:3748,NCLR,3748,acf:3749,NANR,3749,1,adjacent_graphics_slots,False
,acf:3749,NANR,3749,acf:3750,NCER,3750,1,adjacent_graphics_slots,False
,acf:3750,NCER,3750,acf:3751,NCGR,3751,1,adjacent_graphics_slots,False
,acf:3751,NCGR,3751,acf:3752,NCLR,3752,1,adjacent_graphics_slots,False
,acf:3752,NCLR,3752,acf:3753,NANR,3753,1,adjacent_graphics_slots,False
,acf:3753,NANR,3753,acf:3754,NCER,3754,1,adjacent_graphics_slots,False
,acf:3754,NCER,3754,acf:3755,NCGR,3755,1,adjacent_graphics_slots,False
,acf:3755,NCGR,3755,acf:3756,NCLR,3756,1,adjacent_graphics_slots,False
,acf:3756,NCLR,3756,acf:3757,NANR,3757,1,adjacent_graphics_slots,False
,acf:3757,NANR,3757,acf:3758,NCER,3758,1,adjacent_graphics_slots,False
,acf:3758,NCER,3758,acf:3759,NCGR,3759,1,adjacent_graphics_slots,False
,acf:3759,NCGR,3759,acf:3760,NCLR,3760,1,adjacent_graphics_slots,False
,acf:3760,NCLR,3760,acf:3761,NANR,3761,1,adjacent_graphics_slots,False
,acf:3761,NANR,3761,acf:3762,NCER,3762,1,adjacent_graphics_slots,False
,acf:3762,NCER,3762,acf:3763,NCGR,3763,1,adjacent_graphics_slots,False
,acf:3763,NCGR,3763,acf:3764,NCLR,3764,1,adjacent_graphics_slots,False
,acf:3764,NCLR,3764,acf:3765,NANR,3765,1,adjacent_graphics_slots,False
,acf:3765,NANR,3765,acf:3766,NCER,3766,1,adjacent_graphics_slots,False
,acf:3766,NCER,3766,acf:3767,NCGR,3767,1,adjacent_graphics_slots,False
,acf:3767,NCGR,3767,acf:3768,NCLR,3768,1,adjacent_graphics_slots,False
,acf:3768,NCLR,3768,acf:3769,NANR,3769,1,adjacent_graphics_slots,False
,acf:3769,NANR,3769,acf:3770,NCER,3770,1,adjacent_graphics_slots,False
,acf:3770,NCER,3770,acf:3771,NCGR,3771,1,adjacent_graphics_slots,False
,acf:3771,NCGR,3771,acf:3772,NCLR,3772,1,adjacent_graphics_slots,False
,acf:3772,NCLR,3772,acf:3773,NANR,3773,1,adjacent_graphics_slots,False
,acf:3773,NANR,3773,acf:3774,NCER,3774,1,adjacent_graphics_slots,False
,acf:3774,NCER,3774,acf:3775,NCGR,3775,1,adjacent_graphics_slots,False
,acf:3775,NCGR,3775,acf:3776,NCLR,3776,1,adjacent_graphics_slots,False
,acf:3776,NCLR,3776,acf:3777,NANR,3777,1,adjacent_graphics_slots,False
,acf:3777,NANR,3777,acf:3778,NCER,3778,1,adjacent_graphics_slots,False
,acf:3778,NCER,3778,acf:3779,NCGR,3779,1,adjacent_graphics_slots,False
,acf:3779,NCGR,3779,acf:3780,NCLR,3780,1,adjacent_graphics_slots,False
,acf:3780,NCLR,3780,acf:3781,NANR,3781,1,adjacent_graphics_slots,False
,acf:3781,NANR,3781,acf:3782,NCER,3782,1,adjacent_graphics_slots,False
,acf:3782,NCER,3782,acf:3783,NCGR,3783,1,adjacent_graphics_slots,False
,acf:3783,NCGR,3783,acf:3784,NCLR,3784,1,adjacent_graphics_slots,False
,acf:3784,NCLR,3784,acf:3785,NANR,3785,1,adjacent_graphics_slots,False
,acf:3785,NANR,3785,acf:3786,NCER,3786,1,adjacent_graphics_slots,False
,acf:3786,NCER,3786,acf:3787,NCGR,3787,1,adjacent_graphics_slots,False
,acf:3787,NCGR,3787,acf:3788,NCLR,3788,1,adjacent_graphics_slots,False
,acf:3788,NCLR,3788,acf:3789,NANR,3789,1,adjacent_graphics_slots,False
,acf:3789,NANR,3789,acf:3790,NCER,3790,1,adjacent_graphics_slots,False
,acf:3790,NCER,3790,acf:3791,NCGR,3791,1,adjacent_graphics_slots,False
,acf:3791,NCGR,3791,acf:3792,NCLR,3792,1,adjacent_graphics_slots,False
,acf:3792,NCLR,3792,acf:3793,NANR,3793,1,adjacent_graphics_slots,False
,acf:3793,NANR,3793,acf:3794,NCER,3794,1,adjacent_graphics_slots,False
,acf:3794,NCER,3794,acf:3795,NCGR,3795,1,adjacent_graphics_slots,False
,acf:3795,NCGR,3795,acf:3796,NCLR,3796,1,adjacent_graphics_slots,False
,acf:3796,NCLR,3796,acf:3797,NANR,3797,1,adjacent_graphics_slots,False
,acf:3797,NANR,3797,acf:3798,NCER,3798,1,adjacent_graphics_slots,False
,acf:3798,NCER,3798,acf:3799,NCGR,3799,1,adjacent_graphics_slots,False
,acf:3799,NCGR,3799,acf:3800,NCLR,3800,1,adjacent_graphics_slots,False
,acf:3800,NCLR,3800,acf:3801,NANR,3801,1,adjacent_graphics_slots,False
,acf:3801,NANR,3801,acf:3802,NCER,3802,1,adjacent_graphics_slots,False
,acf:3802,NCER,3802,acf:3803,NCGR,3803,1,adjacent_graphics_slots,False
,acf:3803,NCGR,3803,acf:3804,NCLR,3804,1,adjacent_graphics_slots,False
,acf:3804,NCLR,3804,acf:3805,NANR,3805,1,adjacent_graphics_slots,False
,acf:3805,NANR,3805,acf:3806,NCER,3806,1,adjacent_graphics_slots,False
,acf:3806,NCER,3806,acf:3807,NCGR,3807,1,adjacent_graphics_slots,False
,acf:3807,NCGR,3807,acf:3808,NCLR,3808,1,adjacent_graphics_slots,False
,acf:3808,NCLR,3808,acf:3809,NANR,3809,1,adjacent_graphics_slots,False
,acf:3809,NANR,3809,acf:3810,NCER,3810,1,adjacent_graphics_slots,False
,acf:3810,NCER,3810,acf:3811,NCGR,3811,1,adjacent_graphics_slots,False
,acf:3811,NCGR,3811,acf:3812,NCLR,3812,1,adjacent_graphics_slots,False
,acf:3812,NCLR,3812,acf:3813,NANR,3813,1,adjacent_graphics_slots,False
,acf:3813,NANR,3813,acf:3814,NCER,3814,1,adjacent_graphics_slots,False
,acf:3814,NCER,3814,acf:3815,NCGR,3815,1,adjacent_graphics_slots,False
,acf:3815,NCGR,3815,acf:3816,NCLR,3816,1,adjacent_graphics_slots,False
,acf:3816,NCLR,3816,acf:3817,NANR,3817,1,adjacent_graphics_slots,False
,acf:3817,NANR,3817,acf:3818,NCER,3818,1,adjacent_graphics_slots,False
,acf:3818,NCER,3818,acf:3819,NCGR,3819,1,adjacent_graphics_slots,False
,acf:3819,NCGR,3819,acf:3820,NCLR,3820,1,adjacent_graphics_slots,False
,acf:3820,NCLR,3820,acf:3821,NANR,3821,1,adjacent_graphics_slots,False
,acf:3821,NANR,3821,acf:3822,NCER,3822,1,adjacent_graphics_slots,False
,acf:3822,NCER,3822,acf:3823,NCGR,3823,1,adjacent_graphics_slots,False
,acf:3823,NCGR,3823,acf:3824,NCLR,3824,1,adjacent_graphics_slots,False
,acf:3824,NCLR,3824,acf:3825,NANR,3825,1,adjacent_graphics_slots,False
,acf:3825,NANR,3825,acf:3826,NCER,3826,1,adjacent_graphics_slots,False
,acf:3826,NCER,3826,acf:3827,NCGR,3827,1,adjacent_graphics_slots,False
,acf:3827,NCGR,3827,acf:3828,NCLR,3828,1,adjacent_graphics_slots,False
,acf:3828,NCLR,3828,acf:3829,NANR,3829,1,adjacent_graphics_slots,False
,acf:3829,NANR,3829,acf:3830,NCER,3830,1,adjacent_graphics_slots,False
,acf:3830,NCER,3830,acf:3831,NCGR,3831,1,adjacent_graphics_slots,False
,acf:3831,NCGR,3831,acf:3832,NCLR,3832,1,adjacent_graphics_slots,False
,acf:3832,NCLR,3832,acf:3833,NANR,3833,1,adjacent_graphics_slots,False
,acf:3833,NANR,3833,acf:3834,NCER,3834,1,adjacent_graphics_slots,False
,acf:3834,NCER,3834,acf:3835,NCGR,3835,1,adjacent_graphics_slots,False
,acf:3835,NCGR,3835,acf:3836,NCLR,3836,1,adjacent_graphics_slots,False
,acf:3836,NCLR,3836,acf:3837,NANR,3837,1,adjacent_graphics_slots,False
,acf:3837,NANR,3837,acf:3838,NCER,3838,1,adjacent_graphics_slots,False
,acf:3838,NCER,3838,acf:3839,NCGR,3839,1,adjacent_graphics_slots,False
,acf:3839,NCGR,3839,acf:3840,NCLR,3840,1,adjacent_graphics_slots,False
,acf:3840,NCLR,3840,acf:3841,NANR,3841,1,adjacent_graphics_slots,False
,acf:3841,NANR,3841,acf:3842,NCER,3842,1,adjacent_graphics_slots,False
,acf:3842,NCER,3842,acf:3843,NCGR,3843,1,adjacent_graphics_slots,False
,acf:3843,NCGR,3843,acf:3844,NCLR,3844,1,adjacent_graphics_slots,False
,acf:3844,NCLR,3844,acf:3845,NANR,3845,1,adjacent_graphics_slots,False
,acf:3845,NANR,3845,acf:3846,NCER,3846,1,adjacent_graphics_slots,False
,acf:3846,NCER,3846,acf:3847,NCGR,3847,1,adjacent_graphics_slots,False
,acf:3847,NCGR,3847,acf:3848,NCLR,3848,1,adjacent_graphics_slots,False
,acf:3848,NCLR,3848,acf:3849,NANR,3849,1,adjacent_graphics_slots,False
,acf:3849,NANR,3849,acf:3850,NCER,3850,1,adjacent_graphics_slots,False
,acf:3850,NCER,3850,acf:3851,NCGR,3851,1,adjacent_graphics_slots,False
,acf:3851,NCGR,3851,acf:3852,NCLR,3852,1,adjacent_graphics_slots,False
,acf:3852,NCLR,3852,acf:3853,NANR,3853,1,adjacent_graphics_slots,False
,acf:3853,NANR,3853,acf:3854,NCER,3854,1,adjacent_graphics_slots,False
,acf:3854,NCER,3854,acf:3855,NCGR,3855,1,adjacent_graphics_slots,False
,acf:3855,NCGR,3855,acf:3856,NCLR,3856,1,adjacent_graphics_slots,False
,acf:3856,NCLR,3856,acf:3857,NANR,3857,1,adjacent_graphics_slots,False
,acf:3857,NANR,3857,acf:3858,NCER,3858,1,adjacent_graphics_slots,False
,acf:3858,NCER,3858,acf:3859,NCGR,3859,1,adjacent_graphics_slots,False
,acf:3859,NCGR,3859,acf:3860,NCLR,3860,1,adjacent_graphics_slots,False
,acf:3860,NCLR,3860,acf:3861,NANR,3861,1,adjacent_graphics_slots,False
,acf:3861,NANR,3861,acf:3862,NCER,3862,1,adjacent_graphics_slots,False
,acf:3862,NCER,3862,acf:3863,NCGR,3863,1,adjacent_graphics_slots,False
,acf:3863,NCGR,3863,acf:3864,NCLR,3864,1,adjacent_graphics_slots,False
,acf:3864,NCLR,3864,acf:3865,NANR,3865,1,adjacent_graphics_slots,False
,acf:3865,NANR,3865,acf:3866,NCER,3866,1,adjacent_graphics_slots,False
,acf:3866,NCER,3866,acf:3867,NCGR,3867,1,adjacent_graphics_slots,False
,acf:3867,NCGR,3867,acf:3868,NCLR,3868,1,adjacent_graphics_slots,False
,acf:3868,NCLR,3868,acf:3869,NANR,3869,1,adjacent_graphics_slots,False
,acf:3869,NANR,3869,acf:3870,NCER,3870,1,adjacent_graphics_slots,False
,acf:3870,NCER,3870,acf:3871,NCGR,3871,1,adjacent_graphics_slots,False
,acf:3871,NCGR,3871,acf:3872,NCLR,3872,1,adjacent_graphics_slots,False
,acf:3872,NCLR,3872,acf:3873,NANR,3873,1,adjacent_graphics_slots,False
,acf:3873,NANR,3873,acf:3874,NCER,3874,1,adjacent_graphics_slots,False
,acf:3874,NCER,3874,acf:3875,NCGR,3875,1,adjacent_graphics_slots,False
,acf:3875,NCGR,3875,acf:3876,NCLR,3876,1,adjacent_graphics_slots,False
,acf:3876,NCLR,3876,acf:3877,NANR,3877,1,adjacent_graphics_slots,False
,acf:3877,NANR,3877,acf:3878,NCER,3878,1,adjacent_graphics_slots,False
,acf:3878,NCER,3878,acf:3879,NCGR,3879,1,adjacent_graphics_slots,False
,acf:3879,NCGR,3879,acf:3880,NCLR,3880,1,adjacent_graphics_slots,False
,acf:3880,NCLR,3880,acf:3881,NANR,3881,1,adjacent_graphics_slots,False
,acf:3881,NANR,3881,acf:3882,NCER,3882,1,adjacent_graphics_slots,False
,acf:3882,NCER,3882,acf:3883,NCGR,3883,1,adjacent_graphics_slots,False
,acf:3883,NCGR,3883,acf:3884,NCLR,3884,1,adjacent_graphics_slots,False
,acf:3884,NCLR,3884,acf:3885,NANR,3885,1,adjacent_graphics_slots,False
,acf:3885,NANR,3885,acf:3886,NCER,3886,1,adjacent_graphics_slots,False
,acf:3886,NCER,3886,acf:3887,NCGR,3887,1,adjacent_graphics_slots,False
,acf:3887,NCGR,3887,acf:3888,NCLR,3888,1,adjacent_graphics_slots,False
,acf:3888,NCLR,3888,acf:3889,NANR,3889,1,adjacent_graphics_slots,False
,acf:3889,NANR,3889,acf:3890,NCER,3890,1,adjacent_graphics_slots,False
,acf:3890,NCER,3890,acf:3891,NCGR,3891,1,adjacent_graphics_slots,False
,acf:3891,NCGR,3891,acf:3892,NCLR,3892,1,adjacent_graphics_slots,False
,acf:3892,NCLR,3892,acf:3893,NANR,3893,1,adjacent_graphics_slots,False
,acf:3893,NANR,3893,acf:3894,NCER,3894,1,adjacent_graphics_slots,False
,acf:3894,NCER,3894,acf:3895,NCGR,3895,1,adjacent_graphics_slots,False
,acf:3895,NCGR,3895,acf:3896,NCLR,3896,1,adjacent_graphics_slots,False
,acf:3896,NCLR,3896,acf:3897,NANR,3897,1,adjacent_graphics_slots,False
,acf:3897,NANR,3897,acf:3898,NCER,3898,1,adjacent_graphics_slots,False
,acf:3898,NCER,3898,acf:3899,NCGR,3899,1,adjacent_graphics_slots,False
,acf:3899,NCGR,3899,acf:3900,NCLR,3900,1,adjacent_graphics_slots,False
,acf:3900,NCLR,3900,acf:3901,NANR,3901,1,adjacent_graphics_slots,False
,acf:3901,NANR,3901,acf:3902,NCER,3902,1,adjacent_graphics_slots,False
,acf:3902,NCER,3902,acf:3903,NCGR,3903,1,adjacent_graphics_slots,False
,acf:3903,NCGR,3903,acf:3904,NCLR,3904,1,adjacent_graphics_slots,False
,acf:3904,NCLR,3904,acf:3905,NANR,3905,1,adjacent_graphics_slots,False
,acf:3905,NANR,3905,acf:3906,NCER,3906,1,adjacent_graphics_slots,False
,acf:3906,NCER,3906,acf:3907,NCGR,3907,1,adjacent_graphics_slots,False
,acf:3907,NCGR,3907,acf:3908,NCLR,3908,1,adjacent_graphics_slots,False
,acf:3908,NCLR,3908,acf:3909,NANR,3909,1,adjacent_graphics_slots,False
,acf:3909,NANR,3909,acf:3910,NCER,3910,1,adjacent_graphics_slots,False
,acf:3910,NCER,3910,acf:3911,NCGR,3911,1,adjacent_graphics_slots,False
,acf:3911,NCGR,3911,acf:3912,NCLR,3912,1,adjacent_graphics_slots,False
,acf:3912,NCLR,3912,acf:3913,NANR,3913,1,adjacent_graphics_slots,False
,acf:3913,NANR,3913,acf:3914,NCER,3914,1,adjacent_graphics_slots,False
,acf:3914,NCER,3914,acf:3915,NCGR,3915,1,adjacent_graphics_slots,False
,acf:3915,NCGR,3915,acf:3916,NCLR,3916,1,adjacent_graphics_slots,False
,acf:3916,NCLR,3916,acf:3917,NANR,3917,1,adjacent_graphics_slots,False
,acf:3917,NANR,3917,acf:3918,NCER,3918,1,adjacent_graphics_slots,False
,acf:3918,NCER,3918,acf:3919,NCGR,3919,1,adjacent_graphics_slots,False
,acf:3919,NCGR,3919,acf:3920,NCLR,3920,1,adjacent_graphics_slots,False
,acf:3920,NCLR,3920,acf:3921,NANR,3921,1,adjacent_graphics_slots,False
,acf:3921,NANR,3921,acf:3922,NCER,3922,1,adjacent_graphics_slots,False
,acf:3922,NCER,3922,acf:3923,NCGR,3923,1,adjacent_graphics_slots,False
,acf:3923,NCGR,3923,acf:3924,NCLR,3924,1,adjacent_graphics_slots,False
,acf:3924,NCLR,3924,acf:3925,NANR,3925,1,adjacent_graphics_slots,False
,acf:3925,NANR,3925,acf:3926,NCER,3926,1,adjacent_graphics_slots,False
,acf:3926,NCER,3926,acf:3927,NCGR,3927,1,adjacent_graphics_slots,False
,acf:3927,NCGR,3927,acf:3928,NCLR,3928,1,adjacent_graphics_slots,False
,acf:3928,NCLR,3928,acf:3929,NANR,3929,1,adjacent_graphics_slots,False
,acf:3929,NANR,3929,acf:3930,NCER,3930,1,adjacent_graphics_slots,False
,acf:3930,NCER,3930,acf:3931,NCGR,3931,1,adjacent_graphics_slots,False
,acf:3931,NCGR,3931,acf:3932,NCLR,3932,1,adjacent_graphics_slots,False
,acf:3932,NCLR,3932,acf:3933,NANR,3933,1,adjacent_graphics_slots,False
,acf:3933,NANR,3933,acf:3934,NCER,3934,1,adjacent_graphics_slots,False
,acf:3934,NCER,3934,acf:3935,NCGR,3935,1,adjacent_graphics_slots,False
,acf:3935,NCGR,3935,acf:3936,NCLR,3936,1,adjacent_graphics_slots,False
,acf:3936,NCLR,3936,acf:3937,NANR,3937,1,adjacent_graphics_slots,False
,acf:3937,NANR,3937,acf:3938,NCER,3938,1,adjacent_graphics_slots,False
,acf:3938,NCER,3938,acf:3939,NCGR,3939,1,adjacent_graphics_slots,False
,acf:3939,NCGR,3939,acf:3940,NCLR,3940,1,adjacent_graphics_slots,False
,acf:3940,NCLR,3940,acf:3941,NANR,3941,1,adjacent_graphics_slots,False
,acf:3941,NANR,3941,acf:3942,NCER,3942,1,adjacent_graphics_slots,False
,acf:3942,NCER,3942,acf:3943,NCGR,3943,1,adjacent_graphics_slots,False
,acf:3943,NCGR,3943,acf:3944,NCLR,3944,1,adjacent_graphics_slots,False
,acf:3944,NCLR,3944,acf:3945,NANR,3945,1,adjacent_graphics_slots,False
,acf:3945,NANR,3945,acf:3946,NCER,3946,1,adjacent_graphics_slots,False
,acf:3946,NCER,3946,acf:3947,NCGR,3947,1,adjacent_graphics_slots,False
,acf:3947,NCGR,3947,acf:3948,NCLR,3948,1,adjacent_graphics_slots,False
,acf:3948,NCLR,3948,acf:3949,NANR,3949,1,adjacent_graphics_slots,False
,acf:3949,NANR,3949,acf:3950,NCER,3950,1,adjacent_graphics_slots,False
,acf:3950,NCER,3950,acf:3951,NCGR,3951,1,adjacent_graphics_slots,False
,acf:3951,NCGR,3951,acf:3952,NCLR,3952,1,adjacent_graphics_slots,False
,acf:3952,NCLR,3952,acf:3953,NANR,3953,1,adjacent_graphics_slots,False
,acf:3953,NANR,3953,acf:3954,NCER,3954,1,adjacent_graphics_slots,False
,acf:3954,NCER,3954,acf:3955,NCGR,3955,1,adjacent_graphics_slots,False
,acf:3955,NCGR,3955,acf:3956,NCLR,3956,1,adjacent_graphics_slots,False
,acf:3956,NCLR,3956,acf:3957,NANR,3957,1,adjacent_graphics_slots,False
,acf:3957,NANR,3957,acf:3958,NCER,3958,1,adjacent_graphics_slots,False
,acf:3958,NCER,3958,acf:3959,NCGR,3959,1,adjacent_graphics_slots,False
,acf:3959,NCGR,3959,acf:3960,NCLR,3960,1,adjacent_graphics_slots,False
,acf:3960,NCLR,3960,acf:3961,NANR,3961,1,adjacent_graphics_slots,False
,acf:3961,NANR,3961,acf:3962,NCER,3962,1,adjacent_graphics_slots,False
,acf:3962,NCER,3962,acf:3963,NCGR,3963,1,adjacent_graphics_slots,False
,acf:3963,NCGR,3963,acf:3964,NCLR,3964,1,adjacent_graphics_slots,False
,acf:3964,NCLR,3964,acf:3965,NANR,3965,1,adjacent_graphics_slots,False
,acf:3965,NANR,3965,acf:3966,NCER,3966,1,adjacent_graphics_slots,False
,acf:3966,NCER,3966,acf:3967,NCGR,3967,1,adjacent_graphics_slots,False
,acf:3967,NCGR,3967,acf:3968,NCLR,3968,1,adjacent_graphics_slots,False
,acf:3968,NCLR,3968,acf:3969,NANR,3969,1,adjacent_graphics_slots,False
,acf:3969,NANR,3969,acf:3970,NCER,3970,1,adjacent_graphics_slots,False
,acf:3970,NCER,3970,acf:3971,NCGR,3971,1,adjacent_graphics_slots,False
,acf:3971,NCGR,3971,acf:3972,NCLR,3972,1,adjacent_graphics_slots,False
,acf:3972,NCLR,3972,acf:3973,NANR,3973,1,adjacent_graphics_slots,False
,acf:3973,NANR,3973,acf:3974,NCER,3974,1,adjacent_graphics_slots,False
,acf:3974,NCER,3974,acf:3975,NCGR,3975,1,adjacent_graphics_slots,False
,acf:3975,NCGR,3975,acf:3976,NCLR,3976,1,adjacent_graphics_slots,False
,acf:3976,NCLR,3976,acf:3977,NANR,3977,1,adjacent_graphics_slots,False
,acf:3977,NANR,3977,acf:3978,NCER,3978,1,adjacent_graphics_slots,False
,acf:3978,NCER,3978,acf:3979,NCGR,3979,1,adjacent_graphics_slots,False
,acf:3979,NCGR,3979,acf:3980,NCLR,3980,1,adjacent_graphics_slots,False
,acf:3980,NCLR,3980,acf:3981,NANR,3981,1,adjacent_graphics_slots,False
,acf:3981,NANR,3981,acf:3982,NCER,3982,1,adjacent_graphics_slots,False
,acf:3982,NCER,3982,acf:3983,NCGR,3983,1,adjacent_graphics_slots,False
,acf:3983,NCGR,3983,acf:3984,NCLR,3984,1,adjacent_graphics_slots,False
,acf:3984,NCLR,3984,acf:3985,NANR,3985,1,adjacent_graphics_slots,False
,acf:3985,NANR,3985,acf:3986,NCER,3986,1,adjacent_graphics_slots,False
,acf:3986,NCER,3986,acf:3987,NCGR,3987,1,adjacent_graphics_slots,False
,acf:3987,NCGR,3987,acf:3988,NCLR,3988,1,adjacent_graphics_slots,False
,acf:3988,NCLR,3988,acf:3989,NANR,3989,1,adjacent_graphics_slots,False
,acf:3989,NANR,3989,acf:3990,NCER,3990,1,adjacent_graphics_slots,False
,acf:3990,NCER,3990,acf:3991,NCGR,3991,1,adjacent_graphics_slots,False
,acf:3991,NCGR,3991,acf:3992,NCLR,3992,1,adjacent_graphics_slots,False
,acf:3992,NCLR,3992,acf:3993,NANR,3993,1,adjacent_graphics_slots,False
,acf:3993,NANR,3993,acf:3994,NCER,3994,1,adjacent_graphics_slots,False
,acf:3994,NCER,3994,acf:3995,NCGR,3995,1,adjacent_graphics_slots,False
,acf:3995,NCGR,3995,acf:3996,NCLR,3996,1,adjacent_graphics_slots,False
,acf:3996,NCLR,3996,acf:3997,NANR,3997,1,adjacent_graphics_slots,False
,acf:3997,NANR,3997,acf:3998,NCER,3998,1,adjacent_graphics_slots,False
,acf:3998,NCER,3998,acf:3999,NCGR,3999,1,adjacent_graphics_slots,False
,acf:3999,NCGR,3999,acf:4000,NCLR,4000,1,adjacent_graphics_slots,False
,acf:4000,NCLR,4000,acf:4001,NANR,4001,1,adjacent_graphics_slots,False
,acf:4001,NANR,4001,acf:4002,NCER,4002,1,adjacent_graphics_slots,False
,acf:4002,NCER,4002,acf:4003,NCGR,4003,1,adjacent_graphics_slots,False
,acf:4003,NCGR,4003,acf:4004,NCLR,4004,1,adjacent_graphics_slots,False
,acf:4004,NCLR,4004,acf:4005,NANR,4005,1,adjacent_graphics_slots,False
,acf:4005,NANR,4005,acf:4006,NCER,4006,1,adjacent_graphics_slots,False
,acf:4006,NCER,4006,acf:4007,NCGR,4007,1,adjacent_graphics_slots,False
,acf:4007,NCGR,4007,acf:4008,NCLR,4008,1,adjacent_graphics_slots,False
,acf:4008,NCLR,4008,acf:4009,NANR,4009,1,adjacent_graphics_slots,False
,acf:4009,NANR,4009,acf:4010,NCER,4010,1,adjacent_graphics_slots,False
,acf:4010,NCER,4010,acf:4011,NCGR,4011,1,adjacent_graphics_slots,False
,acf:4011,NCGR,4011,acf:4012,NCLR,4012,1,adjacent_graphics_slots,False
,acf:4012,NCLR,4012,acf:4013,NANR,4013,1,adjacent_graphics_slots,False
,acf:4013,NANR,4013,acf:4014,NCER,4014,1,adjacent_graphics_slots,False
,acf:4014,NCER,4014,acf:4015,NCGR,4015,1,adjacent_graphics_slots,False
,acf:4015,NCGR,4015,acf:4016,NCLR,4016,1,adjacent_graphics_slots,False
,acf:4016,NCLR,4016,acf:4017,NANR,4017,1,adjacent_graphics_slots,False
,acf:4017,NANR,4017,acf:4018,NCER,4018,1,adjacent_graphics_slots,False
,acf:4018,NCER,4018,acf:4019,NCGR,4019,1,adjacent_graphics_slots,False
,acf:4019,NCGR,4019,acf:4020,NCLR,4020,1,adjacent_graphics_slots,False
,acf:4020,NCLR,4020,acf:4021,NANR,4021,1,adjacent_graphics_slots,False
,acf:4021,NANR,4021,acf:4022,NCER,4022,1,adjacent_graphics_slots,False
,acf:4022,NCER,4022,acf:4023,NCGR,4023,1,adjacent_graphics_slots,False
,acf:4023,NCGR,4023,acf:4024,NCLR,4024,1,adjacent_graphics_slots,False
,acf:4024,NCLR,4024,acf:4025,NANR,4025,1,adjacent_graphics_slots,False
,acf:4025,NANR,4025,acf:4026,NCER,4026,1,adjacent_graphics_slots,False
,acf:4026,NCER,4026,acf:4027,NCGR,4027,1,adjacent_graphics_slots,False
,acf:4027,NCGR,4027,acf:4028,NCLR,4028,1,adjacent_graphics_slots,False
,acf:4028,NCLR,4028,acf:4029,NANR,4029,1,adjacent_graphics_slots,False
,acf:4029,NANR,4029,acf:4030,NCER,4030,1,adjacent_graphics_slots,False
,acf:4030,NCER,4030,acf:4031,NCGR,4031,1,adjacent_graphics_slots,False
,acf:4031,NCGR,4031,acf:4032,NCLR,4032,1,adjacent_graphics_slots,False
,acf:4032,NCLR,4032,acf:4033,NANR,4033,1,adjacent_graphics_slots,False
,acf:4033,NANR,4033,acf:4034,NCER,4034,1,adjacent_graphics_slots,False
,acf:4034,NCER,4034,acf:4035,NCGR,4035,1,adjacent_graphics_slots,False
,acf:4035,NCGR,4035,acf:4036,NCLR,4036,1,adjacent_graphics_slots,False
,acf:4036,NCLR,4036,acf:4037,NANR,4037,1,adjacent_graphics_slots,False
,acf:4037,NANR,4037,acf:4038,NCER,4038,1,adjacent_graphics_slots,False
,acf:4038,NCER,4038,acf:4039,NCGR,4039,1,adjacent_graphics_slots,False
,acf:4039,NCGR,4039,acf:4040,NCLR,4040,1,adjacent_graphics_slots,False
,acf:4040,NCLR,4040,acf:4041,NANR,4041,1,adjacent_graphics_slots,False
,acf:4041,NANR,4041,acf:4042,NCER,4042,1,adjacent_graphics_slots,False
,acf:4042,NCER,4042,acf:4043,NCGR,4043,1,adjacent_graphics_slots,False
,acf:4043,NCGR,4043,acf:4044,NCLR,4044,1,adjacent_graphics_slots,False
,acf:4044,NCLR,4044,acf:4045,NANR,4045,1,adjacent_graphics_slots,False
,acf:4045,NANR,4045,acf:4046,NCER,4046,1,adjacent_graphics_slots,False
,acf:4046,NCER,4046,acf:4047,NCGR,4047,1,adjacent_graphics_slots,False
,acf:4047,NCGR,4047,acf:4048,NCLR,4048,1,adjacent_graphics_slots,False
,acf:4048,NCLR,4048,acf:4049,NANR,4049,1,adjacent_graphics_slots,False
,acf:4049,NANR,4049,acf:4050,NCER,4050,1,adjacent_graphics_slots,False
,acf:4050,NCER,4050,acf:4051,NCGR,4051,1,adjacent_graphics_slots,False
,acf:4051,NCGR,4051,acf:4052,NCLR,4052,1,adjacent_graphics_slots,False
,acf:4052,NCLR,4052,acf:4053,NANR,4053,1,adjacent_graphics_slots,False
,acf:4053,NANR,4053,acf:4054,NCER,4054,1,adjacent_graphics_slots,False
,acf:4054,NCER,4054,acf:4055,NCGR,4055,1,adjacent_graphics_slots,False
,acf:4055,NCGR,4055,acf:4056,NCLR,4056,1,adjacent_graphics_slots,False
,acf:4056,NCLR,4056,acf:4057,NANR,4057,1,adjacent_graphics_slots,False
,acf:4057,NANR,4057,acf:4058,NCER,4058,1,adjacent_graphics_slots,False
,acf:4058,NCER,4058,acf:4059,NCGR,4059,1,adjacent_graphics_slots,False
,acf:4059,NCGR,4059,acf:4060,NCLR,4060,1,adjacent_graphics_slots,False
,acf:4060,NCLR,4060,acf:4061,NANR,4061,1,adjacent_graphics_slots,False
,acf:4061,NANR,4061,acf:4062,NCER,4062,1,adjacent_graphics_slots,False
,acf:4062,NCER,4062,acf:4063,NCGR,4063,1,adjacent_graphics_slots,False
,acf:4063,NCGR,4063,acf:4064,NCLR,4064,1,adjacent_graphics_slots,False
,acf:4064,NCLR,4064,acf:4065,NANR,4065,1,adjacent_graphics_slots,False
,acf:4065,NANR,4065,acf:4066,NCER,4066,1,adjacent_graphics_slots,False
,acf:4066,NCER,4066,acf:4067,NCGR,4067,1,adjacent_graphics_slots,False
,acf:4067,NCGR,4067,acf:4068,NCLR,4068,1,adjacent_graphics_slots,False
,acf:4068,NCLR,4068,acf:4069,NANR,4069,1,adjacent_graphics_slots,False
,acf:4069,NANR,4069,acf:4070,NCER,4070,1,adjacent_graphics_slots,False
,acf:4070,NCER,4070,acf:4071,NCGR,4071,1,adjacent_graphics_slots,False
,acf:4071,NCGR,4071,acf:4072,NCLR,4072,1,adjacent_graphics_slots,False
,acf:4072,NCLR,4072,acf:4073,NANR,4073,1,adjacent_graphics_slots,False
,acf:4073,NANR,4073,acf:4074,NCER,4074,1,adjacent_graphics_slots,False
,acf:4074,NCER,4074,acf:4075,NCGR,4075,1,adjacent_graphics_slots,False
,acf:4075,NCGR,4075,acf:4076,NCLR,4076,1,adjacent_graphics_slots,False
,acf:4076,NCLR,4076,acf:4077,NANR,4077,1,adjacent_graphics_slots,False
,acf:4077,NANR,4077,acf:4078,NCER,4078,1,adjacent_graphics_slots,False
,acf:4078,NCER,4078,acf:4079,NCGR,4079,1,adjacent_graphics_slots,False
,acf:4079,NCGR,4079,acf:4080,NCLR,4080,1,adjacent_graphics_slots,False
,acf:4080,NCLR,4080,acf:4081,NANR,4081,1,adjacent_graphics_slots,False
,acf:4081,NANR,4081,acf:4082,NCER,4082,1,adjacent_graphics_slots,False
,acf:4082,NCER,4082,acf:4083,NCGR,4083,1,adjacent_graphics_slots,False
,acf:4083,NCGR,4083,acf:4084,NCLR,4084,1,adjacent_graphics_slots,False
,acf:4084,NCLR,4084,acf:4085,NANR,4085,1,adjacent_graphics_slots,False
,acf:4085,NANR,4085,acf:4086,NCER,4086,1,adjacent_graphics_slots,False
,acf:4086,NCER,4086,acf:4087,NCGR,4087,1,adjacent_graphics_slots,False
,acf:4087,NCGR,4087,acf:4088,NCLR,4088,1,adjacent_graphics_slots,False
,acf:4088,NCLR,4088,acf:4089,NANR,4089,1,adjacent_graphics_slots,False
,acf:4089,NANR,4089,acf:4090,NCER,4090,1,adjacent_graphics_slots,False
,acf:4090,NCER,4090,acf:4091,NCGR,4091,1,adjacent_graphics_slots,False
,acf:4091,NCGR,4091,acf:4092,NCLR,4092,1,adjacent_graphics_slots,False
,acf:4092,NCLR,4092,acf:4093,NANR,4093,1,adjacent_graphics_slots,False
,acf:4093,NANR,4093,acf:4094,NCER,4094,1,adjacent_graphics_slots,False
,acf:4094,NCER,4094,acf:4095,NCGR,4095,1,adjacent_graphics_slots,False
,acf:4095,NCGR,4095,acf:4096,NCLR,4096,1,adjacent_graphics_slots,False
,acf:4096,NCLR,4096,acf:4097,NANR,4097,1,adjacent_graphics_slots,False
,acf:4097,NANR,4097,acf:4098,NCER,4098,1,adjacent_graphics_slots,False
,acf:4098,NCER,4098,acf:4099,NCGR,4099,1,adjacent_graphics_slots,False
,acf:4099,NCGR,4099,acf:4100,NCLR,4100,1,adjacent_graphics_slots,False
,acf:4100,NCLR,4100,acf:4101,NANR,4101,1,adjacent_graphics_slots,False
,acf:4101,NANR,4101,acf:4102,NCER,4102,1,adjacent_graphics_slots,False
,acf:4102,NCER,4102,acf:4103,NCGR,4103,1,adjacent_graphics_slots,False
,acf:4103,NCGR,4103,acf:4104,NCLR,4104,1,adjacent_graphics_slots,False
,acf:4104,NCLR,4104,acf:4105,NANR,4105,1,adjacent_graphics_slots,False
,acf:4105,NANR,4105,acf:4106,NCER,4106,1,adjacent_graphics_slots,False
,acf:4106,NCER,4106,acf:4107,NCGR,4107,1,adjacent_graphics_slots,False
,acf:4107,NCGR,4107,acf:4108,NCLR,4108,1,adjacent_graphics_slots,False
,acf:4108,NCLR,4108,acf:4109,NANR,4109,1,adjacent_graphics_slots,False
,acf:4109,NANR,4109,acf:4110,NCER,4110,1,adjacent_graphics_slots,False
,acf:4110,NCER,4110,acf:4111,NCGR,4111,1,adjacent_graphics_slots,False
,acf:4111,NCGR,4111,acf:4112,NCLR,4112,1,adjacent_graphics_slots,False
,acf:4112,NCLR,4112,acf:4113,NANR,4113,1,adjacent_graphics_slots,False
,acf:4113,NANR,4113,acf:4114,NCER,4114,1,adjacent_graphics_slots,False
,acf:4114,NCER,4114,acf:4115,NCGR,4115,1,adjacent_graphics_slots,False
,acf:4115,NCGR,4115,acf:4116,NCLR,4116,1,adjacent_graphics_slots,False
,acf:4116,NCLR,4116,acf:4117,NANR,4117,1,adjacent_graphics_slots,False
,acf:4117,NANR,4117,acf:4118,NCER,4118,1,adjacent_graphics_slots,False
,acf:4118,NCER,4118,acf:4119,NCGR,4119,1,adjacent_graphics_slots,False
,acf:4119,NCGR,4119,acf:4120,NCLR,4120,1,adjacent_graphics_slots,False
,acf:4120,NCLR,4120,acf:4121,NANR,4121,1,adjacent_graphics_slots,False
,acf:4121,NANR,4121,acf:4122,NCER,4122,1,adjacent_graphics_slots,False
,acf:4122,NCER,4122,acf:4123,NCGR,4123,1,adjacent_graphics_slots,False
,acf:4123,NCGR,4123,acf:4124,NCLR,4124,1,adjacent_graphics_slots,False
,acf:4124,NCLR,4124,acf:4125,NANR,4125,1,adjacent_graphics_slots,False
,acf:4125,NANR,4125,acf:4126,NCER,4126,1,adjacent_graphics_slots,False
,acf:4126,NCER,4126,acf:4127,NCGR,4127,1,adjacent_graphics_slots,False
,acf:4127,NCGR,4127,acf:4128,NCLR,4128,1,adjacent_graphics_slots,False
,acf:4128,NCLR,4128,acf:4129,NANR,4129,1,adjacent_graphics_slots,False
,acf:4129,NANR,4129,acf:4130,NCER,4130,1,adjacent_graphics_slots,False
,acf:4130,NCER,4130,acf:4131,NCGR,4131,1,adjacent_graphics_slots,False
,acf:4131,NCGR,4131,acf:4132,NCLR,4132,1,adjacent_graphics_slots,False
,acf:4132,NCLR,4132,acf:4133,NANR,4133,1,adjacent_graphics_slots,False
,acf:4133,NANR,4133,acf:4134,NCER,4134,1,adjacent_graphics_slots,False
,acf:4134,NCER,4134,acf:4135,NCGR,4135,1,adjacent_graphics_slots,False
,acf:4135,NCGR,4135,acf:4136,NCLR,4136,1,adjacent_graphics_slots,False
,acf:4136,NCLR,4136,acf:4137,NANR,4137,1,adjacent_graphics_slots,False
,acf:4137,NANR,4137,acf:4138,NCER,4138,1,adjacent_graphics_slots,False
,acf:4138,NCER,4138,acf:4139,NCGR,4139,1,adjacent_graphics_slots,False
,acf:4139,NCGR,4139,acf:4140,NCLR,4140,1,adjacent_graphics_slots,False
,acf:4140,NCLR,4140,acf:4141,NANR,4141,1,adjacent_graphics_slots,False
,acf:4141,NANR,4141,acf:4142,NCER,4142,1,adjacent_graphics_slots,False
,acf:4142,NCER,4142,acf:4143,NCGR,4143,1,adjacent_graphics_slots,False
,acf:4143,NCGR,4143,acf:4144,NCLR,4144,1,adjacent_graphics_slots,False
,acf:4144,NCLR,4144,acf:4145,NANR,4145,1,adjacent_graphics_slots,False
,acf:4145,NANR,4145,acf:4146,NCER,4146,1,adjacent_graphics_slots,False
,acf:4146,NCER,4146,acf:4147,NCGR,4147,1,adjacent_graphics_slots,False
,acf:4147,NCGR,4147,acf:4148,NCLR,4148,1,adjacent_graphics_slots,False
,acf:4148,NCLR,4148,acf:4149,NANR,4149,1,adjacent_graphics_slots,False
,acf:4149,NANR,4149,acf:4150,NCER,4150,1,adjacent_graphics_slots,False
,acf:4150,NCER,4150,acf:4151,NCGR,4151,1,adjacent_graphics_slots,False
,acf:4151,NCGR,4151,acf:4152,NCLR,4152,1,adjacent_graphics_slots,False
,acf:4152,NCLR,4152,acf:4153,NANR,4153,1,adjacent_graphics_slots,False
,acf:4153,NANR,4153,acf:4154,NCER,4154,1,adjacent_graphics_slots,False
,acf:4154,NCER,4154,acf:4155,NCGR,4155,1,adjacent_graphics_slots,False
,acf:4155,NCGR,4155,acf:4156,NCLR,4156,1,adjacent_graphics_slots,False
,acf:4156,NCLR,4156,acf:4157,NANR,4157,1,adjacent_graphics_slots,False
,acf:4157,NANR,4157,acf:4158,NCER,4158,1,adjacent_graphics_slots,False
,acf:4158,NCER,4158,acf:4159,NCGR,4159,1,adjacent_graphics_slots,False
,acf:4159,NCGR,4159,acf:4160,NCLR,4160,1,adjacent_graphics_slots,False
,acf:4160,NCLR,4160,acf:4161,NANR,4161,1,adjacent_graphics_slots,False
,acf:4161,NANR,4161,acf:4162,NCER,4162,1,adjacent_graphics_slots,False
,acf:4162,NCER,4162,acf:4163,NCGR,4163,1,adjacent_graphics_slots,False
,acf:4163,NCGR,4163,acf:4164,NCLR,4164,1,adjacent_graphics_slots,False
,acf:4164,NCLR,4164,acf:4165,NANR,4165,1,adjacent_graphics_slots,False
,acf:4165,NANR,4165,acf:4166,NCER,4166,1,adjacent_graphics_slots,False
,acf:4166,NCER,4166,acf:4167,NCGR,4167,1,adjacent_graphics_slots,False
,acf:4167,NCGR,4167,acf:4168,NCLR,4168,1,adjacent_graphics_slots,False
,acf:4168,NCLR,4168,acf:4169,NANR,4169,1,adjacent_graphics_slots,False
,acf:4169,NANR,4169,acf:4170,NCER,4170,1,adjacent_graphics_slots,False
,acf:4170,NCER,4170,acf:4171,NCGR,4171,1,adjacent_graphics_slots,False
,acf:4171,NCGR,4171,acf:4172,NCLR,4172,1,adjacent_graphics_slots,False
,acf:4172,NCLR,4172,acf:4173,NANR,4173,1,adjacent_graphics_slots,False
,acf:4173,NANR,4173,acf:4174,NCER,4174,1,adjacent_graphics_slots,False
,acf:4174,NCER,4174,acf:4175,NCGR,4175,1,adjacent_graphics_slots,False
,acf:4175,NCGR,4175,acf:4176,NCLR,4176,1,adjacent_graphics_slots,False
,acf:4176,NCLR,4176,acf:4177,NANR,4177,1,adjacent_graphics_slots,False
,acf:4177,NANR,4177,acf:4178,NCER,4178,1,adjacent_graphics_slots,False
,acf:4178,NCER,4178,acf:4179,NCGR,4179,1,adjacent_graphics_slots,False
,acf:4179,NCGR,4179,acf:4180,NCLR,4180,1,adjacent_graphics_slots,False
,acf:4180,NCLR,4180,acf:4181,NANR,4181,1,adjacent_graphics_slots,False
,acf:4181,NANR,4181,acf:4182,NCER,4182,1,adjacent_graphics_slots,False
,acf:4182,NCER,4182,acf:4183,NCGR,4183,1,adjacent_graphics_slots,False
,acf:4183,NCGR,4183,acf:4184,NCLR,4184,1,adjacent_graphics_slots,False
,acf:4184,NCLR,4184,acf:4185,NANR,4185,1,adjacent_graphics_slots,False
,acf:4185,NANR,4185,acf:4186,NCER,4186,1,adjacent_graphics_slots,False
,acf:4186,NCER,4186,acf:4187,NCGR,4187,1,adjacent_graphics_slots,False
,acf:4187,NCGR,4187,acf:4188,NCLR,4188,1,adjacent_graphics_slots,False
,acf:4188,NCLR,4188,acf:4189,NANR,4189,1,adjacent_graphics_slots,False
,acf:4189,NANR,4189,acf:4190,NCER,4190,1,adjacent_graphics_slots,False
,acf:4190,NCER,4190,acf:4191,NCGR,4191,1,adjacent_graphics_slots,False
,acf:4191,NCGR,4191,acf:4192,NCLR,4192,1,adjacent_graphics_slots,False
,acf:4192,NCLR,4192,acf:4193,NANR,4193,1,adjacent_graphics_slots,False
,acf:4193,NANR,4193,acf:4194,NCER,4194,1,adjacent_graphics_slots,False
,acf:4194,NCER,4194,acf:4195,NCGR,4195,1,adjacent_graphics_slots,False
,acf:4195,NCGR,4195,acf:4196,NCLR,4196,1,adjacent_graphics_slots,False
,acf:4196,NCLR,4196,acf:4197,NANR,4197,1,adjacent_graphics_slots,False
,acf:4197,NANR,4197,acf:4198,NCER,4198,1,adjacent_graphics_slots,False
,acf:4198,NCER,4198,acf:4199,NCGR,4199,1,adjacent_graphics_slots,False
,acf:4199,NCGR,4199,acf:4200,NCLR,4200,1,adjacent_graphics_slots,False
,acf:4200,NCLR,4200,acf:4201,NANR,4201,1,adjacent_graphics_slots,False
,acf:4201,NANR,4201,acf:4202,NCER,4202,1,adjacent_graphics_slots,False
,acf:4202,NCER,4202,acf:4203,NCGR,4203,1,adjacent_graphics_slots,False
,acf:4203,NCGR,4203,acf:4204,NCLR,4204,1,adjacent_graphics_slots,False
,acf:4204,NCLR,4204,acf:4205,NANR,4205,1,adjacent_graphics_slots,False
,acf:4205,NANR,4205,acf:4206,NCER,4206,1,adjacent_graphics_slots,False
,acf:4206,NCER,4206,acf:4207,NCGR,4207,1,adjacent_graphics_slots,False
,acf:4207,NCGR,4207,acf:4208,NCLR,4208,1,adjacent_graphics_slots,False
,acf:4208,NCLR,4208,acf:4209,NANR,4209,1,adjacent_graphics_slots,False
,acf:4209,NANR,4209,acf:4210,NCER,4210,1,adjacent_graphics_slots,False
,acf:4210,NCER,4210,acf:4211,NCGR,4211,1,adjacent_graphics_slots,False
,acf:4211,NCGR,4211,acf:4212,NCLR,4212,1,adjacent_graphics_slots,False
,acf:4212,NCLR,4212,acf:4213,NANR,4213,1,adjacent_graphics_slots,False
,acf:4213,NANR,4213,acf:4214,NCER,4214,1,adjacent_graphics_slots,False
,acf:4214,NCER,4214,acf:4215,NCGR,4215,1,adjacent_graphics_slots,False
,acf:4215,NCGR,4215,acf:4216,NCLR,4216,1,adjacent_graphics_slots,False
,acf:4216,NCLR,4216,acf:4217,NANR,4217,1,adjacent_graphics_slots,False
,acf:4217,NANR,4217,acf:4218,NCER,4218,1,adjacent_graphics_slots,False
,acf:4218,NCER,4218,acf:4219,NCGR,4219,1,adjacent_graphics_slots,False
,acf:4219,NCGR,4219,acf:4220,NCLR,4220,1,adjacent_graphics_slots,False
,acf:4220,NCLR,4220,acf:4221,NANR,4221,1,adjacent_graphics_slots,False
,acf:4221,NANR,4221,acf:4222,NCER,4222,1,adjacent_graphics_slots,False
,acf:4222,NCER,4222,acf:4223,NCGR,4223,1,adjacent_graphics_slots,False
,acf:4223,NCGR,4223,acf:4224,NCLR,4224,1,adjacent_graphics_slots,False
,acf:4224,NCLR,4224,acf:4225,NANR,4225,1,adjacent_graphics_slots,False
,acf:4225,NANR,4225,acf:4226,NCER,4226,1,adjacent_graphics_slots,False
,acf:4226,NCER,4226,acf:4227,NCGR,4227,1,adjacent_graphics_slots,False
,acf:4227,NCGR,4227,acf:4228,NCLR,4228,1,adjacent_graphics_slots,False
,acf:4228,NCLR,4228,acf:4229,NANR,4229,1,adjacent_graphics_slots,False
,acf:4229,NANR,4229,acf:4230,NCER,4230,1,adjacent_graphics_slots,False
,acf:4230,NCER,4230,acf:4231,NCGR,4231,1,adjacent_graphics_slots,False
,acf:4231,NCGR,4231,acf:4232,NCLR,4232,1,adjacent_graphics_slots,False
,acf:4232,NCLR,4232,acf:4233,NANR,4233,1,adjacent_graphics_slots,False
,acf:4233,NANR,4233,acf:4234,NCER,4234,1,adjacent_graphics_slots,False
,acf:4234,NCER,4234,acf:4235,NCGR,4235,1,adjacent_graphics_slots,False
,acf:4235,NCGR,4235,acf:4236,NCLR,4236,1,adjacent_graphics_slots,False
,acf:4236,NCLR,4236,acf:4237,NANR,4237,1,adjacent_graphics_slots,False
,acf:4237,NANR,4237,acf:4238,NCER,4238,1,adjacent_graphics_slots,False
,acf:4238,NCER,4238,acf:4239,NCGR,4239,1,adjacent_graphics_slots,False
,acf:4239,NCGR,4239,acf:4240,NCLR,4240,1,adjacent_graphics_slots,False
,acf:4240,NCLR,4240,acf:4241,NANR,4241,1,adjacent_graphics_slots,False
,acf:4241,NANR,4241,acf:4242,NCER,4242,1,adjacent_graphics_slots,False
,acf:4242,NCER,4242,acf:4243,NCGR,4243,1,adjacent_graphics_slots,False
,acf:4243,NCGR,4243,acf:4244,NCLR,4244,1,adjacent_graphics_slots,False
,acf:4244,NCLR,4244,acf:4245,NANR,4245,1,adjacent_graphics_slots,False
,acf:4245,NANR,4245,acf:4246,NCER,4246,1,adjacent_graphics_slots,False
,acf:4246,NCER,4246,acf:4247,NCGR,4247,1,adjacent_graphics_slots,False
,acf:4247,NCGR,4247,acf:4248,NCLR,4248,1,adjacent_graphics_slots,False
,acf:4248,NCLR,4248,acf:4249,NANR,4249,1,adjacent_graphics_slots,False
,acf:4249,NANR,4249,acf:4250,NCER,4250,1,adjacent_graphics_slots,False
,acf:4250,NCER,4250,acf:4251,NCGR,4251,1,adjacent_graphics_slots,False
,acf:4251,NCGR,4251,acf:4252,NCLR,4252,1,adjacent_graphics_slots,False
,acf:4252,NCLR,4252,acf:4253,NANR,4253,1,adjacent_graphics_slots,False
,acf:4253,NANR,4253,acf:4254,NCER,4254,1,adjacent_graphics_slots,False
,acf:4254,NCER,4254,acf:4255,NCGR,4255,1,adjacent_graphics_slots,False
,acf:4255,NCGR,4255,acf:4256,NCLR,4256,1,adjacent_graphics_slots,False
,acf:4256,NCLR,4256,acf:4257,NANR,4257,1,adjacent_graphics_slots,False
,acf:4257,NANR,4257,acf:4258,NCER,4258,1,adjacent_graphics_slots,False
,acf:4258,NCER,4258,acf:4259,NCGR,4259,1,adjacent_graphics_slots,False
,acf:4259,NCGR,4259,acf:4260,NCLR,4260,1,adjacent_graphics_slots,False
,acf:4260,NCLR,4260,acf:4261,NANR,4261,1,adjacent_graphics_slots,False
,acf:4261,NANR,4261,acf:4262,NCER,4262,1,adjacent_graphics_slots,False
,acf:4262,NCER,4262,acf:4263,NCGR,4263,1,adjacent_graphics_slots,False
,acf:4263,NCGR,4263,acf:4264,NCLR,4264,1,adjacent_graphics_slots,False
,acf:4264,NCLR,4264,acf:4265,NANR,4265,1,adjacent_graphics_slots,False
,acf:4265,NANR,4265,acf:4266,NCER,4266,1,adjacent_graphics_slots,False
,acf:4266,NCER,4266,acf:4267,NCGR,4267,1,adjacent_graphics_slots,False
,acf:4267,NCGR,4267,acf:4268,NCLR,4268,1,adjacent_graphics_slots,False
,acf:4268,NCLR,4268,acf:4269,NANR,4269,1,adjacent_graphics_slots,False
,acf:4269,NANR,4269,acf:4270,NCER,4270,1,adjacent_graphics_slots,False
,acf:4270,NCER,4270,acf:4271,NCGR,4271,1,adjacent_graphics_slots,False
,acf:4271,NCGR,4271,acf:4272,NCLR,4272,1,adjacent_graphics_slots,False
,acf:4272,NCLR,4272,acf:4273,NANR,4273,1,adjacent_graphics_slots,False
,acf:4273,NANR,4273,acf:4274,NCER,4274,1,adjacent_graphics_slots,False
,acf:4274,NCER,4274,acf:4275,NCGR,4275,1,adjacent_graphics_slots,False
,acf:4275,NCGR,4275,acf:4276,NCLR,4276,1,adjacent_graphics_slots,False
,acf:4276,NCLR,4276,acf:4277,NANR,4277,1,adjacent_graphics_slots,False
,acf:4277,NANR,4277,acf:4278,NCER,4278,1,adjacent_graphics_slots,False
,acf:4278,NCER,4278,acf:4279,NCGR,4279,1,adjacent_graphics_slots,False
,acf:4279,NCGR,4279,acf:4280,NCLR,4280,1,adjacent_graphics_slots,False
,acf:4280,NCLR,4280,acf:4281,NANR,4281,1,adjacent_graphics_slots,False
,acf:4281,NANR,4281,acf:4282,NCER,4282,1,adjacent_graphics_slots,False
,acf:4282,NCER,4282,acf:4283,NCGR,4283,1,adjacent_graphics_slots,False
,acf:4283,NCGR,4283,acf:4284,NCLR,4284,1,adjacent_graphics_slots,False
,acf:4284,NCLR,4284,acf:4285,NANR,4285,1,adjacent_graphics_slots,False
,acf:4285,NANR,4285,acf:4286,NCER,4286,1,adjacent_graphics_slots,False
,acf:4286,NCER,4286,acf:4287,NCGR,4287,1,adjacent_graphics_slots,False
,acf:4287,NCGR,4287,acf:4288,NCLR,4288,1,adjacent_graphics_slots,False
,acf:4288,NCLR,4288,acf:4289,NANR,4289,1,adjacent_graphics_slots,False
,acf:4289,NANR,4289,acf:4290,NCER,4290,1,adjacent_graphics_slots,False
,acf:4290,NCER,4290,acf:4291,NCGR,4291,1,adjacent_graphics_slots,False
,acf:4291,NCGR,4291,acf:4292,NCLR,4292,1,adjacent_graphics_slots,False
,acf:4292,NCLR,4292,acf:4293,NANR,4293,1,adjacent_graphics_slots,False
,acf:4293,NANR,4293,acf:4294,NCER,4294,1,adjacent_graphics_slots,False
,acf:4294,NCER,4294,acf:4295,NCGR,4295,1,adjacent_graphics_slots,False
,acf:4295,NCGR,4295,acf:4296,NCLR,4296,1,adjacent_graphics_slots,False
,acf:4296,NCLR,4296,acf:4297,NANR,4297,1,adjacent_graphics_slots,False
,acf:4297,NANR,4297,acf:4298,NCER,4298,1,adjacent_graphics_slots,False
,acf:4298,NCER,4298,acf:4299,NCGR,4299,1,adjacent_graphics_slots,False
,acf:4299,NCGR,4299,acf:4300,NCLR,4300,1,adjacent_graphics_slots,False
,acf:4300,NCLR,4300,acf:4301,NANR,4301,1,adjacent_graphics_slots,False
,acf:4301,NANR,4301,acf:4302,NCER,4302,1,adjacent_graphics_slots,False
,acf:4302,NCER,4302,acf:4303,NCGR,4303,1,adjacent_graphics_slots,False
,acf:4303,NCGR,4303,acf:4304,NCLR,4304,1,adjacent_graphics_slots,False
,acf:4304,NCLR,4304,acf:4305,NANR,4305,1,adjacent_graphics_slots,False
,acf:4305,NANR,4305,acf:4306,NCER,4306,1,adjacent_graphics_slots,False
,acf:4306,NCER,4306,acf:4307,NCGR,4307,1,adjacent_graphics_slots,False
,acf:4307,NCGR,4307,acf:4308,NCLR,4308,1,adjacent_graphics_slots,False
,acf:4308,NCLR,4308,acf:4309,NANR,4309,1,adjacent_graphics_slots,False
,acf:4309,NANR,4309,acf:4310,NCER,4310,1,adjacent_graphics_slots,False
,acf:4310,NCER,4310,acf:4311,NCGR,4311,1,adjacent_graphics_slots,False
,acf:4311,NCGR,4311,acf:4312,NCLR,4312,1,adjacent_graphics_slots,False
,acf:4312,NCLR,4312,acf:4313,NANR,4313,1,adjacent_graphics_slots,False
,acf:4313,NANR,4313,acf:4314,NCER,4314,1,adjacent_graphics_slots,False
,acf:4314,NCER,4314,acf:4315,NCGR,4315,1,adjacent_graphics_slots,False
,acf:4315,NCGR,4315,acf:4316,NCLR,4316,1,adjacent_graphics_slots,False
,acf:4316,NCLR,4316,acf:4317,NANR,4317,1,adjacent_graphics_slots,False
,acf:4317,NANR,4317,acf:4318,NCER,4318,1,adjacent_graphics_slots,False
,acf:4318,NCER,4318,acf:4319,NCGR,4319,1,adjacent_graphics_slots,False
,acf:4319,NCGR,4319,acf:4320,NCLR,4320,1,adjacent_graphics_slots,False
,acf:4320,NCLR,4320,acf:4321,NANR,4321,1,adjacent_graphics_slots,False
,acf:4321,NANR,4321,acf:4322,NCER,4322,1,adjacent_graphics_slots,False
,acf:4322,NCER,4322,acf:4323,NCGR,4323,1,adjacent_graphics_slots,False
,acf:4323,NCGR,4323,acf:4324,NCLR,4324,1,adjacent_graphics_slots,False
,acf:4324,NCLR,4324,acf:4325,NANR,4325,1,adjacent_graphics_slots,False
,acf:4325,NANR,4325,acf:4326,NCER,4326,1,adjacent_graphics_slots,False
,acf:4326,NCER,4326,acf:4327,NCGR,4327,1,adjacent_graphics_slots,False
,acf:4327,NCGR,4327,acf:4328,NCLR,4328,1,adjacent_graphics_slots,False
,acf:4328,NCLR,4328,acf:4329,NANR,4329,1,adjacent_graphics_slots,False
,acf:4329,NANR,4329,acf:4330,NCER,4330,1,adjacent_graphics_slots,False
,acf:4330,NCER,4330,acf:4331,NCGR,4331,1,adjacent_graphics_slots,False
,acf:4331,NCGR,4331,acf:4332,NCLR,4332,1,adjacent_graphics_slots,False
,acf:4332,NCLR,4332,acf:4333,NANR,4333,1,adjacent_graphics_slots,False
,acf:4333,NANR,4333,acf:4334,NCER,4334,1,adjacent_graphics_slots,False
,acf:4334,NCER,4334,acf:4335,NCGR,4335,1,adjacent_graphics_slots,False
,acf:4335,NCGR,4335,acf:4336,NCLR,4336,1,adjacent_graphics_slots,False
,acf:4336,NCLR,4336,acf:4337,NANR,4337,1,adjacent_graphics_slots,False
,acf:4337,NANR,4337,acf:4338,NCER,4338,1,adjacent_graphics_slots,False
,acf:4338,NCER,4338,acf:4339,NCGR,4339,1,adjacent_graphics_slots,False
,acf:4339,NCGR,4339,acf:4340,NCLR,4340,1,adjacent_graphics_slots,False
,acf:4340,NCLR,4340,acf:4341,NANR,4341,1,adjacent_graphics_slots,False
,acf:4341,NANR,4341,acf:4342,NCER,4342,1,adjacent_graphics_slots,False
,acf:4342,NCER,4342,acf:4343,NCGR,4343,1,adjacent_graphics_slots,False
,acf:4343,NCGR,4343,acf:4344,NCLR,4344,1,adjacent_graphics_slots,False
,acf:4344,NCLR,4344,acf:4345,NANR,4345,1,adjacent_graphics_slots,False
,acf:4345,NANR,4345,acf:4346,NCER,4346,1,adjacent_graphics_slots,False
,acf:4346,NCER,4346,acf:4347,NCGR,4347,1,adjacent_graphics_slots,False
,acf:4347,NCGR,4347,acf:4348,NCLR,4348,1,adjacent_graphics_slots,False
,acf:4348,NCLR,4348,acf:4349,NANR,4349,1,adjacent_graphics_slots,False
,acf:4349,NANR,4349,acf:4350,NCER,4350,1,adjacent_graphics_slots,False
,acf:4350,NCER,4350,acf:4351,NCGR,4351,1,adjacent_graphics_slots,False
,acf:4351,NCGR,4351,acf:4352,NCLR,4352,1,adjacent_graphics_slots,False
,acf:4352,NCLR,4352,acf:4353,NANR,4353,1,adjacent_graphics_slots,False
,acf:4353,NANR,4353,acf:4354,NCER,4354,1,adjacent_graphics_slots,False
,acf:4354,NCER,4354,acf:4355,NCGR,4355,1,adjacent_graphics_slots,False
,acf:4355,NCGR,4355,acf:4356,NCLR,4356,1,adjacent_graphics_slots,False
,acf:4356,NCLR,4356,acf:4357,NANR,4357,1,adjacent_graphics_slots,False
,acf:4357,NANR,4357,acf:4358,NCER,4358,1,adjacent_graphics_slots,False
,acf:4358,NCER,4358,acf:4359,NCGR,4359,1,adjacent_graphics_slots,False
,acf:4359,NCGR,4359,acf:4360,NCLR,4360,1,adjacent_graphics_slots,False
,acf:4360,NCLR,4360,acf:4361,NANR,4361,1,adjacent_graphics_slots,False
,acf:4361,NANR,4361,acf:4362,NCER,4362,1,adjacent_graphics_slots,False
,acf:4362,NCER,4362,acf:4363,NCGR,4363,1,adjacent_graphics_slots,False
,acf:4363,NCGR,4363,acf:4364,NCLR,4364,1,adjacent_graphics_slots,False
,acf:4364,NCLR,4364,acf:4365,NANR,4365,1,adjacent_graphics_slots,False
,acf:4365,NANR,4365,acf:4366,NCER,4366,1,adjacent_graphics_slots,False
,acf:4366,NCER,4366,acf:4367,NCGR,4367,1,adjacent_graphics_slots,False
,acf:4367,NCGR,4367,acf:4368,NCLR,4368,1,adjacent_graphics_slots,False
,acf:4368,NCLR,4368,acf:4369,NANR,4369,1,adjacent_graphics_slots,False
,acf:4369,NANR,4369,acf:4370,NCER,4370,1,adjacent_graphics_slots,False
,acf:4370,NCER,4370,acf:4371,NCGR,4371,1,adjacent_graphics_slots,False
,acf:4371,NCGR,4371,acf:4372,NCLR,4372,1,adjacent_graphics_slots,False
,acf:4372,NCLR,4372,acf:4373,NANR,4373,1,adjacent_graphics_slots,False
,acf:4373,NANR,4373,acf:4374,NCER,4374,1,adjacent_graphics_slots,False
,acf:4374,NCER,4374,acf:4375,NCGR,4375,1,adjacent_graphics_slots,False
,acf:4375,NCGR,4375,acf:4376,NCLR,4376,1,adjacent_graphics_slots,False
,acf:4376,NCLR,4376,acf:4377,NANR,4377,1,adjacent_graphics_slots,False
,acf:4377,NANR,4377,acf:4378,NCER,4378,1,adjacent_graphics_slots,False
,acf:4378,NCER,4378,acf:4379,NCGR,4379,1,adjacent_graphics_slots,False
,acf:4379,NCGR,4379,acf:4380,NCLR,4380,1,adjacent_graphics_slots,False
,acf:4380,NCLR,4380,acf:4381,NANR,4381,1,adjacent_graphics_slots,False
,acf:4381,NANR,4381,acf:4382,NCER,4382,1,adjacent_graphics_slots,False
,acf:4382,NCER,4382,acf:4383,NCGR,4383,1,adjacent_graphics_slots,False
,acf:4383,NCGR,4383,acf:4384,NCLR,4384,1,adjacent_graphics_slots,False
,acf:4384,NCLR,4384,acf:4385,NANR,4385,1,adjacent_graphics_slots,False
,acf:4385,NANR,4385,acf:4386,NCER,4386,1,adjacent_graphics_slots,False
,acf:4386,NCER,4386,acf:4387,NCGR,4387,1,adjacent_graphics_slots,False
,acf:4387,NCGR,4387,acf:4388,NCLR,4388,1,adjacent_graphics_slots,False
,acf:4388,NCLR,4388,acf:4389,NANR,4389,1,adjacent_graphics_slots,False
,acf:4389,NANR,4389,acf:4390,NCER,4390,1,adjacent_graphics_slots,False
,acf:4390,NCER,4390,acf:4391,NCGR,4391,1,adjacent_graphics_slots,False
,acf:4391,NCGR,4391,acf:4392,NCLR,4392,1,adjacent_graphics_slots,False
,acf:4392,NCLR,4392,acf:4393,NANR,4393,1,adjacent_graphics_slots,False
,acf:4393,NANR,4393,acf:4394,NCER,4394,1,adjacent_graphics_slots,False
,acf:4394,NCER,4394,acf:4395,NCGR,4395,1,adjacent_graphics_slots,False
,acf:4395,NCGR,4395,acf:4396,NCLR,4396,1,adjacent_graphics_slots,False
,acf:4396,NCLR,4396,acf:4397,NANR,4397,1,adjacent_graphics_slots,False
,acf:4397,NANR,4397,acf:4398,NCER,4398,1,adjacent_graphics_slots,False
,acf:4398,NCER,4398,acf:4399,NCGR,4399,1,adjacent_graphics_slots,False
,acf:4399,NCGR,4399,acf:4400,NCLR,4400,1,adjacent_graphics_slots,False
,acf:4400,NCLR,4400,acf:4401,NANR,4401,1,adjacent_graphics_slots,False
,acf:4401,NANR,4401,acf:4402,NCER,4402,1,adjacent_graphics_slots,False
,acf:4402,NCER,4402,acf:4403,NCGR,4403,1,adjacent_graphics_slots,False
,acf:4403,NCGR,4403,acf:4404,NCLR,4404,1,adjacent_graphics_slots,False
,acf:4404,NCLR,4404,acf:4405,NANR,4405,1,adjacent_graphics_slots,False
,acf:4405,NANR,4405,acf:4406,NCER,4406,1,adjacent_graphics_slots,False
,acf:4406,NCER,4406,acf:4407,NCGR,4407,1,adjacent_graphics_slots,False
,acf:4407,NCGR,4407,acf:4408,NCLR,4408,1,adjacent_graphics_slots,False
,acf:4408,NCLR,4408,acf:4409,NANR,4409,1,adjacent_graphics_slots,False
,acf:4409,NANR,4409,acf:4410,NCER,4410,1,adjacent_graphics_slots,False
,acf:4410,NCER,4410,acf:4411,NCGR,4411,1,adjacent_graphics_slots,False
,acf:4411,NCGR,4411,acf:4412,NCLR,4412,1,adjacent_graphics_slots,False
,acf:4412,NCLR,4412,acf:4413,NANR,4413,1,adjacent_graphics_slots,False
,acf:4413,NANR,4413,acf:4414,NCER,4414,1,adjacent_graphics_slots,False
,acf:4414,NCER,4414,acf:4415,NCGR,4415,1,adjacent_graphics_slots,False
,acf:4415,NCGR,4415,acf:4416,NCLR,4416,1,adjacent_graphics_slots,False
,acf:4416,NCLR,4416,acf:4417,NANR,4417,1,adjacent_graphics_slots,False
,acf:4417,NANR,4417,acf:4418,NCER,4418,1,adjacent_graphics_slots,False
,acf:4418,NCER,4418,acf:4419,NCGR,4419,1,adjacent_graphics_slots,False
,acf:4419,NCGR,4419,acf:4420,NCLR,4420,1,adjacent_graphics_slots,False
,acf:4420,NCLR,4420,acf:4421,NANR,4421,1,adjacent_graphics_slots,False
,acf:4421,NANR,4421,acf:4422,NCER,4422,1,adjacent_graphics_slots,False
,acf:4422,NCER,4422,acf:4423,NCGR,4423,1,adjacent_graphics_slots,False
,acf:4423,NCGR,4423,acf:4424,NCLR,4424,1,adjacent_graphics_slots,False
,acf:4424,NCLR,4424,acf:4425,NANR,4425,1,adjacent_graphics_slots,False
,acf:4425,NANR,4425,acf:4426,NCER,4426,1,adjacent_graphics_slots,False
,acf:4426,NCER,4426,acf:4427,NCGR,4427,1,adjacent_graphics_slots,False
,acf:4427,NCGR,4427,acf:4428,NCLR,4428,1,adjacent_graphics_slots,False
,acf:4428,NCLR,4428,acf:4429,NANR,4429,1,adjacent_graphics_slots,False
,acf:4429,NANR,4429,acf:4430,NCER,4430,1,adjacent_graphics_slots,False
,acf:4430,NCER,4430,acf:4431,NCGR,4431,1,adjacent_graphics_slots,False
,acf:4431,NCGR,4431,acf:4432,NCLR,4432,1,adjacent_graphics_slots,False
,acf:4432,NCLR,4432,acf:4433,NANR,4433,1,adjacent_graphics_slots,False
,acf:4433,NANR,4433,acf:4434,NCER,4434,1,adjacent_graphics_slots,False
,acf:4434,NCER,4434,acf:4435,NCGR,4435,1,adjacent_graphics_slots,False
,acf:4435,NCGR,4435,acf:4436,NCLR,4436,1,adjacent_graphics_slots,False
,acf:4436,NCLR,4436,acf:4437,NANR,4437,1,adjacent_graphics_slots,False
,acf:4437,NANR,4437,acf:4438,NCER,4438,1,adjacent_graphics_slots,False
,acf:4438,NCER,4438,acf:4439,NCGR,4439,1,adjacent_graphics_slots,False
,acf:4439,NCGR,4439,acf:4440,NCLR,4440,1,adjacent_graphics_slots,False
,acf:4440,NCLR,4440,acf:4441,NANR,4441,1,adjacent_graphics_slots,False
,acf:4441,NANR,4441,acf:4442,NCER,4442,1,adjacent_graphics_slots,False
,acf:4442,NCER,4442,acf:4443,NCGR,4443,1,adjacent_graphics_slots,False
,acf:4443,NCGR,4443,acf:4444,NCLR,4444,1,adjacent_graphics_slots,False
,acf:4444,NCLR,4444,acf:4445,NANR,4445,1,adjacent_graphics_slots,False
,acf:4445,NANR,4445,acf:4446,NCER,4446,1,adjacent_graphics_slots,False
,acf:4446,NCER,4446,acf:4447,NCGR,4447,1,adjacent_graphics_slots,False
,acf:4447,NCGR,4447,acf:4448,NCLR,4448,1,adjacent_graphics_slots,False
,acf:4448,NCLR,4448,acf:4449,NANR,4449,1,adjacent_graphics_slots,False
,acf:4449,NANR,4449,acf:4450,NCER,4450,1,adjacent_graphics_slots,False
,acf:4450,NCER,4450,acf:4451,NCGR,4451,1,adjacent_graphics_slots,False
,acf:4451,NCGR,4451,acf:4452,NCLR,4452,1,adjacent_graphics_slots,False
,acf:4452,NCLR,4452,acf:4453,NANR,4453,1,adjacent_graphics_slots,False
,acf:4453,NANR,4453,acf:4454,NCER,4454,1,adjacent_graphics_slots,False
,acf:4454,NCER,4454,acf:4455,NCGR,4455,1,adjacent_graphics_slots,False
,acf:4455,NCGR,4455,acf:4456,NCLR,4456,1,adjacent_graphics_slots,False
,acf:4456,NCLR,4456,acf:4457,NANR,4457,1,adjacent_graphics_slots,False
,acf:4457,NANR,4457,acf:4458,NCER,4458,1,adjacent_graphics_slots,False
,acf:4458,NCER,4458,acf:4459,NCGR,4459,1,adjacent_graphics_slots,False
,acf:4459,NCGR,4459,acf:4460,NCLR,4460,1,adjacent_graphics_slots,False
,acf:4460,NCLR,4460,acf:4461,NANR,4461,1,adjacent_graphics_slots,False
,acf:4461,NANR,4461,acf:4462,NCER,4462,1,adjacent_graphics_slots,False
,acf:4462,NCER,4462,acf:4463,NCGR,4463,1,adjacent_graphics_slots,False
,acf:4463,NCGR,4463,acf:4464,NCLR,4464,1,adjacent_graphics_slots,False
,acf:4464,NCLR,4464,acf:4465,NANR,4465,1,adjacent_graphics_slots,False
,acf:4465,NANR,4465,acf:4466,NCER,4466,1,adjacent_graphics_slots,False
,acf:4466,NCER,4466,acf:4467,NCGR,4467,1,adjacent_graphics_slots,False
,acf:4467,NCGR,4467,acf:4468,NCLR,4468,1,adjacent_graphics_slots,False
,acf:4468,NCLR,4468,acf:4469,NANR,4469,1,adjacent_graphics_slots,False
,acf:4469,NANR,4469,acf:4470,NCER,4470,1,adjacent_graphics_slots,False
,acf:4470,NCER,4470,acf:4471,NCGR,4471,1,adjacent_graphics_slots,False
,acf:4471,NCGR,4471,acf:4472,NCLR,4472,1,adjacent_graphics_slots,False
,acf:4472,NCLR,4472,acf:4473,NANR,4473,1,adjacent_graphics_slots,False
,acf:4473,NANR,4473,acf:4474,NCER,4474,1,adjacent_graphics_slots,False
,acf:4474,NCER,4474,acf:4475,NCGR,4475,1,adjacent_graphics_slots,False
,acf:4475,NCGR,4475,acf:4476,NCLR,4476,1,adjacent_graphics_slots,False
,acf:4476,NCLR,4476,acf:4477,NANR,4477,1,adjacent_graphics_slots,False
,acf:4477,NANR,4477,acf:4478,NCER,4478,1,adjacent_graphics_slots,False
,acf:4478,NCER,4478,acf:4479,NCGR,4479,1,adjacent_graphics_slots,False
,acf:4479,NCGR,4479,acf:4480,NCLR,4480,1,adjacent_graphics_slots,False
,acf:4480,NCLR,4480,acf:4481,NANR,4481,1,adjacent_graphics_slots,False
,acf:4481,NANR,4481,acf:4482,NCER,4482,1,adjacent_graphics_slots,False
,acf:4482,NCER,4482,acf:4483,NCGR,4483,1,adjacent_graphics_slots,False
,acf:4483,NCGR,4483,acf:4484,NCLR,4484,1,adjacent_graphics_slots,False
,acf:4484,NCLR,4484,acf:4485,NANR,4485,1,adjacent_graphics_slots,False
,acf:4485,NANR,4485,acf:4486,NCER,4486,1,adjacent_graphics_slots,False
,acf:4486,NCER,4486,acf:4487,NCGR,4487,1,adjacent_graphics_slots,False
,acf:4487,NCGR,4487,acf:4488,NCLR,4488,1,adjacent_graphics_slots,False
,acf:4488,NCLR,4488,acf:4489,NANR,4489,1,adjacent_graphics_slots,False
,acf:4489,NANR,4489,acf:4490,NCER,4490,1,adjacent_graphics_slots,False
,acf:4490,NCER,4490,acf:4491,NCGR,4491,1,adjacent_graphics_slots,False
,acf:4491,NCGR,4491,acf:4492,NCLR,4492,1,adjacent_graphics_slots,False
,acf:4492,NCLR,4492,acf:4493,NANR,4493,1,adjacent_graphics_slots,False
,acf:4493,NANR,4493,acf:4494,NCER,4494,1,adjacent_graphics_slots,False
,acf:4494,NCER,4494,acf:4495,NCGR,4495,1,adjacent_graphics_slots,False
,acf:4495,NCGR,4495,acf:4496,NCLR,4496,1,adjacent_graphics_slots,False
,acf:4496,NCLR,4496,acf:4497,NANR,4497,1,adjacent_graphics_slots,False
,acf:4497,NANR,4497,acf:4498,NCER,4498,1,adjacent_graphics_slots,False
,acf:4498,NCER,4498,acf:4499,NCGR,4499,1,adjacent_graphics_slots,False
,acf:4499,NCGR,4499,acf:4500,NCLR,4500,1,adjacent_graphics_slots,False
,acf:4500,NCLR,4500,acf:4501,NANR,4501,1,adjacent_graphics_slots,False
,acf:4501,NANR,4501,acf:4502,NCER,4502,1,adjacent_graphics_slots,False
,acf:4502,NCER,4502,acf:4503,NCGR,4503,1,adjacent_graphics_slots,False
,acf:4503,NCGR,4503,acf:4504,NCLR,4504,1,adjacent_graphics_slots,False
,acf:4504,NCLR,4504,acf:4505,NANR,4505,1,adjacent_graphics_slots,False
,acf:4505,NANR,4505,acf:4506,NCER,4506,1,adjacent_graphics_slots,False
,acf:4506,NCER,4506,acf:4507,NCGR,4507,1,adjacent_graphics_slots,False
,acf:4507,NCGR,4507,acf:4508,NCLR,4508,1,adjacent_graphics_slots,False
,acf:4508,NCLR,4508,acf:4509,NANR,4509,1,adjacent_graphics_slots,False
,acf:4509,NANR,4509,acf:4510,NCER,4510,1,adjacent_graphics_slots,False
,acf:4510,NCER,4510,acf:4511,NCGR,4511,1,adjacent_graphics_slots,False
,acf:4511,NCGR,4511,acf:4512,NCLR,4512,1,adjacent_graphics_slots,False
,acf:4512,NCLR,4512,acf:4513,NANR,4513,1,adjacent_graphics_slots,False
,acf:4513,NANR,4513,acf:4514,NCER,4514,1,adjacent_graphics_slots,False
,acf:4514,NCER,4514,acf:4515,NCGR,4515,1,adjacent_graphics_slots,False
,acf:4515,NCGR,4515,acf:4516,NCLR,4516,1,adjacent_graphics_slots,False
,acf:4516,NCLR,4516,acf:4517,NANR,4517,1,adjacent_graphics_slots,False
,acf:4517,NANR,4517,acf:4518,NCER,4518,1,adjacent_graphics_slots,False
,acf:4518,NCER,4518,acf:4519,NCGR,4519,1,adjacent_graphics_slots,False
,acf:4519,NCGR,4519,acf:4520,NCLR,4520,1,adjacent_graphics_slots,False
,acf:4520,NCLR,4520,acf:4521,NANR,4521,1,adjacent_graphics_slots,False
,acf:4521,NANR,4521,acf:4522,NCER,4522,1,adjacent_graphics_slots,False
,acf:4522,NCER,4522,acf:4523,NCGR,4523,1,adjacent_graphics_slots,False
,acf:4523,NCGR,4523,acf:4524,NCLR,4524,1,adjacent_graphics_slots,False
,acf:4524,NCLR,4524,acf:4525,NANR,4525,1,adjacent_graphics_slots,False
,acf:4525,NANR,4525,acf:4526,NCER,4526,1,adjacent_graphics_slots,False
,acf:4526,NCER,4526,acf:4527,NCGR,4527,1,adjacent_graphics_slots,False
,acf:4527,NCGR,4527,acf:4528,NCLR,4528,1,adjacent_graphics_slots,False
,acf:4528,NCLR,4528,acf:4529,NANR,4529,1,adjacent_graphics_slots,False
,acf:4529,NANR,4529,acf:4530,NCER,4530,1,adjacent_graphics_slots,False
,acf:4530,NCER,4530,acf:4531,NCGR,4531,1,adjacent_graphics_slots,False
,acf:4531,NCGR,4531,acf:4532,NCLR,4532,1,adjacent_graphics_slots,False
,acf:4532,NCLR,4532,acf:4533,NANR,4533,1,adjacent_graphics_slots,False
,acf:4533,NANR,4533,acf:4534,NCER,4534,1,adjacent_graphics_slots,False
,acf:4534,NCER,4534,acf:4535,NCGR,4535,1,adjacent_graphics_slots,False
,acf:4535,NCGR,4535,acf:4536,NCLR,4536,1,adjacent_graphics_slots,False
,acf:4536,NCLR,4536,acf:4537,NANR,4537,1,adjacent_graphics_slots,False
,acf:4537,NANR,4537,acf:4538,NCER,4538,1,adjacent_graphics_slots,False
,acf:4538,NCER,4538,acf:4539,NCGR,4539,1,adjacent_graphics_slots,False
,acf:4539,NCGR,4539,acf:4540,NCLR,4540,1,adjacent_graphics_slots,False
,acf:4540,NCLR,4540,acf:4541,NANR,4541,1,adjacent_graphics_slots,False
,acf:4541,NANR,4541,acf:4542,NCER,4542,1,adjacent_graphics_slots,False
,acf:4542,NCER,4542,acf:4543,NCGR,4543,1,adjacent_graphics_slots,False
,acf:4543,NCGR,4543,acf:4544,NCLR,4544,1,adjacent_graphics_slots,False
,acf:4544,NCLR,4544,acf:4545,NANR,4545,1,adjacent_graphics_slots,False
,acf:4545,NANR,4545,acf:4546,NCER,4546,1,adjacent_graphics_slots,False
,acf:4546,NCER,4546,acf:4547,NCGR,4547,1,adjacent_graphics_slots,False
,acf:4547,NCGR,4547,acf:4548,NCLR,4548,1,adjacent_graphics_slots,False
,acf:4548,NCLR,4548,acf:4549,NANR,4549,1,adjacent_graphics_slots,False
,acf:4549,NANR,4549,acf:4550,NCER,4550,1,adjacent_graphics_slots,False
,acf:4550,NCER,4550,acf:4551,NCGR,4551,1,adjacent_graphics_slots,False
,acf:4551,NCGR,4551,acf:4552,NCLR,4552,1,adjacent_graphics_slots,False
,acf:4552,NCLR,4552,acf:4553,NANR,4553,1,adjacent_graphics_slots,False
,acf:4553,NANR,4553,acf:4554,NCER,4554,1,adjacent_graphics_slots,False
,acf:4554,NCER,4554,acf:4555,NCGR,4555,1,adjacent_graphics_slots,False
,acf:4555,NCGR,4555,acf:4556,NCLR,4556,1,adjacent_graphics_slots,False
,acf:4556,NCLR,4556,acf:4557,NANR,4557,1,adjacent_graphics_slots,False
,acf:4557,NANR,4557,acf:4558,NCER,4558,1,adjacent_graphics_slots,False
,acf:4558,NCER,4558,acf:4559,NCGR,4559,1,adjacent_graphics_slots,False
,acf:4559,NCGR,4559,acf:4560,NCLR,4560,1,adjacent_graphics_slots,False
,acf:4560,NCLR,4560,acf:4561,NANR,4561,1,adjacent_graphics_slots,False
,acf:4561,NANR,4561,acf:4562,NCER,4562,1,adjacent_graphics_slots,False
,acf:4562,NCER,4562,acf:4563,NCGR,4563,1,adjacent_graphics_slots,False
,acf:4563,NCGR,4563,acf:4564,NCLR,4564,1,adjacent_graphics_slots,False
,acf:4564,NCLR,4564,acf:4565,NANR,4565,1,adjacent_graphics_slots,False
,acf:4565,NANR,4565,acf:4566,NCER,4566,1,adjacent_graphics_slots,False
,acf:4566,NCER,4566,acf:4567,NCGR,4567,1,adjacent_graphics_slots,False
,acf:4567,NCGR,4567,acf:4568,NCLR,4568,1,adjacent_graphics_slots,False
,acf:4568,NCLR,4568,acf:4569,NANR,4569,1,adjacent_graphics_slots,False
,acf:4569,NANR,4569,acf:4570,NCER,4570,1,adjacent_graphics_slots,False
,acf:4570,NCER,4570,acf:4571,NCGR,4571,1,adjacent_graphics_slots,False
,acf:4571,NCGR,4571,acf:4572,NCLR,4572,1,adjacent_graphics_slots,False
,acf:4572,NCLR,4572,acf:4573,NANR,4573,1,adjacent_graphics_slots,False
,acf:4573,NANR,4573,acf:4574,NCER,4574,1,adjacent_graphics_slots,False
,acf:4574,NCER,4574,acf:4575,NCGR,4575,1,adjacent_graphics_slots,False
,acf:4575,NCGR,4575,acf:4576,NCLR,4576,1,adjacent_graphics_slots,False
,acf:4576,NCLR,4576,acf:4577,NANR,4577,1,adjacent_graphics_slots,False
,acf:4577,NANR,4577,acf:4578,NCER,4578,1,adjacent_graphics_slots,False
,acf:4578,NCER,4578,acf:4579,NCGR,4579,1,adjacent_graphics_slots,False
,acf:4579,NCGR,4579,acf:4580,NCLR,4580,1,adjacent_graphics_slots,False
,acf:4580,NCLR,4580,acf:4581,NANR,4581,1,adjacent_graphics_slots,False
,acf:4581,NANR,4581,acf:4582,NCER,4582,1,adjacent_graphics_slots,False
,acf:4582,NCER,4582,acf:4583,NCGR,4583,1,adjacent_graphics_slots,False
,acf:4583,NCGR,4583,acf:4584,NCLR,4584,1,adjacent_graphics_slots,False
,acf:4584,NCLR,4584,acf:4585,NANR,4585,1,adjacent_graphics_slots,False
,acf:4585,NANR,4585,acf:4586,NCER,4586,1,adjacent_graphics_slots,False
,acf:4586,NCER,4586,acf:4587,NCGR,4587,1,adjacent_graphics_slots,False
,acf:4587,NCGR,4587,acf:4588,NCLR,4588,1,adjacent_graphics_slots,False
,acf:4588,NCLR,4588,acf:4589,NANR,4589,1,adjacent_graphics_slots,False
,acf:4589,NANR,4589,acf:4590,NCER,4590,1,adjacent_graphics_slots,False
,acf:4590,NCER,4590,acf:4591,NCGR,4591,1,adjacent_graphics_slots,False
,acf:4591,NCGR,4591,acf:4592,NCLR,4592,1,adjacent_graphics_slots,False
,acf:4592,NCLR,4592,acf:4593,NANR,4593,1,adjacent_graphics_slots,False
,acf:4593,NANR,4593,acf:4594,NCER,4594,1,adjacent_graphics_slots,False
,acf:4594,NCER,4594,acf:4595,NCGR,4595,1,adjacent_graphics_slots,False
,acf:4595,NCGR,4595,acf:4596,NCLR,4596,1,adjacent_graphics_slots,False
,acf:4596,NCLR,4596,acf:4597,NANR,4597,1,adjacent_graphics_slots,False
,acf:4597,NANR,4597,acf:4598,NCER,4598,1,adjacent_graphics_slots,False
,acf:4598,NCER,4598,acf:4599,NCGR,4599,1,adjacent_graphics_slots,False
,acf:4599,NCGR,4599,acf:4600,NCLR,4600,1,adjacent_graphics_slots,False
,acf:4600,NCLR,4600,acf:4601,NANR,4601,1,adjacent_graphics_slots,False
,acf:4601,NANR,4601,acf:4602,NCER,4602,1,adjacent_graphics_slots,False
,acf:4602,NCER,4602,acf:4603,NCGR,4603,1,adjacent_graphics_slots,False
,acf:4603,NCGR,4603,acf:4604,NCLR,4604,1,adjacent_graphics_slots,False
,acf:4604,NCLR,4604,acf:4605,NANR,4605,1,adjacent_graphics_slots,False
,acf:4605,NANR,4605,acf:4606,NCER,4606,1,adjacent_graphics_slots,False
,acf:4606,NCER,4606,acf:4607,NCGR,4607,1,adjacent_graphics_slots,False
,acf:4607,NCGR,4607,acf:4608,NCLR,4608,1,adjacent_graphics_slots,False
,acf:4608,NCLR,4608,acf:4609,NANR,4609,1,adjacent_graphics_slots,False
,acf:4609,NANR,4609,acf:4610,NCER,4610,1,adjacent_graphics_slots,False
,acf:4610,NCER,4610,acf:4611,NCGR,4611,1,adjacent_graphics_slots,False
,acf:4611,NCGR,4611,acf:4612,NCLR,4612,1,adjacent_graphics_slots,False
,acf:4612,NCLR,4612,acf:4613,NANR,4613,1,adjacent_graphics_slots,False
,acf:4613,NANR,4613,acf:4614,NCER,4614,1,adjacent_graphics_slots,False
,acf:4614,NCER,4614,acf:4615,NCGR,4615,1,adjacent_graphics_slots,False
,acf:4615,NCGR,4615,acf:4616,NCLR,4616,1,adjacent_graphics_slots,False
,acf:4616,NCLR,4616,acf:4617,NANR,4617,1,adjacent_graphics_slots,False
,acf:4617,NANR,4617,acf:4618,NCER,4618,1,adjacent_graphics_slots,False
,acf:4618,NCER,4618,acf:4619,NCGR,4619,1,adjacent_graphics_slots,False
,acf:4619,NCGR,4619,acf:4620,NCLR,4620,1,adjacent_graphics_slots,False
,acf:4620,NCLR,4620,acf:4621,NANR,4621,1,adjacent_graphics_slots,False
,acf:4621,NANR,4621,acf:4622,NCER,4622,1,adjacent_graphics_slots,False
,acf:4622,NCER,4622,acf:4623,NCGR,4623,1,adjacent_graphics_slots,False
,acf:4623,NCGR,4623,acf:4624,NCLR,4624,1,adjacent_graphics_slots,False
,acf:4624,NCLR,4624,acf:4625,NANR,4625,1,adjacent_graphics_slots,False
,acf:4625,NANR,4625,acf:4626,NCER,4626,1,adjacent_graphics_slots,False
,acf:4626,NCER,4626,acf:4627,NCGR,4627,1,adjacent_graphics_slots,False
,acf:4627,NCGR,4627,acf:4628,NCLR,4628,1,adjacent_graphics_slots,False
,acf:4628,NCLR,4628,acf:4629,NANR,4629,1,adjacent_graphics_slots,False
,acf:4629,NANR,4629,acf:4630,NCER,4630,1,adjacent_graphics_slots,False
,acf:4630,NCER,4630,acf:4631,NCGR,4631,1,adjacent_graphics_slots,False
,acf:4631,NCGR,4631,acf:4632,NCLR,4632,1,adjacent_graphics_slots,False
,acf:4632,NCLR,4632,acf:4633,NANR,4633,1,adjacent_graphics_slots,False
,acf:4633,NANR,4633,acf:4634,NCER,4634,1,adjacent_graphics_slots,False
,acf:4634,NCER,4634,acf:4635,NCGR,4635,1,adjacent_graphics_slots,False
,acf:4635,NCGR,4635,acf:4636,NCLR,4636,1,adjacent_graphics_slots,False
,acf:4636,NCLR,4636,acf:4637,NANR,4637,1,adjacent_graphics_slots,False
,acf:4637,NANR,4637,acf:4638,NCER,4638,1,adjacent_graphics_slots,False
,acf:4638,NCER,4638,acf:4639,NCGR,4639,1,adjacent_graphics_slots,False
,acf:4639,NCGR,4639,acf:4640,NCLR,4640,1,adjacent_graphics_slots,False
,acf:4640,NCLR,4640,acf:4641,NANR,4641,1,adjacent_graphics_slots,False
,acf:4641,NANR,4641,acf:4642,NCER,4642,1,adjacent_graphics_slots,False
,acf:4642,NCER,4642,acf:4643,NCGR,4643,1,adjacent_graphics_slots,False
,acf:4643,NCGR,4643,acf:4644,NCLR,4644,1,adjacent_graphics_slots,False
,acf:4644,NCLR,4644,acf:4645,NANR,4645,1,adjacent_graphics_slots,False
,acf:4645,NANR,4645,acf:4646,NCER,4646,1,adjacent_graphics_slots,False
,acf:4646,NCER,4646,acf:4647,NCGR,4647,1,adjacent_graphics_slots,False
,acf:4647,NCGR,4647,acf:4648,NCLR,4648,1,adjacent_graphics_slots,False
,acf:4648,NCLR,4648,acf:4649,NANR,4649,1,adjacent_graphics_slots,False
,acf:4649,NANR,4649,acf:4650,NCER,4650,1,adjacent_graphics_slots,False
,acf:4650,NCER,4650,acf:4651,NCGR,4651,1,adjacent_graphics_slots,False
,acf:4651,NCGR,4651,acf:4652,NCLR,4652,1,adjacent_graphics_slots,False
,acf:4652,NCLR,4652,acf:4653,NANR,4653,1,adjacent_graphics_slots,False
,acf:4653,NANR,4653,acf:4654,NCER,4654,1,adjacent_graphics_slots,False
,acf:4654,NCER,4654,acf:4655,NCGR,4655,1,adjacent_graphics_slots,False
,acf:4655,NCGR,4655,acf:4656,NCLR,4656,1,adjacent_graphics_slots,False
,acf:4656,NCLR,4656,acf:4657,NANR,4657,1,adjacent_graphics_slots,False
,acf:4657,NANR,4657,acf:4658,NCER,4658,1,adjacent_graphics_slots,False
,acf:4658,NCER,4658,acf:4659,NCGR,4659,1,adjacent_graphics_slots,False
,acf:4659,NCGR,4659,acf:4660,NCLR,4660,1,adjacent_graphics_slots,False
,acf:4660,NCLR,4660,acf:4661,NANR,4661,1,adjacent_graphics_slots,False
,acf:4661,NANR,4661,acf:4662,NCER,4662,1,adjacent_graphics_slots,False
,acf:4662,NCER,4662,acf:4663,NCGR,4663,1,adjacent_graphics_slots,False
,acf:4663,NCGR,4663,acf:4664,NCLR,4664,1,adjacent_graphics_slots,False
,acf:4664,NCLR,4664,acf:4665,NANR,4665,1,adjacent_graphics_slots,False
,acf:4665,NANR,4665,acf:4666,NCER,4666,1,adjacent_graphics_slots,False
,acf:4666,NCER,4666,acf:4667,NCGR,4667,1,adjacent_graphics_slots,False
,acf:4667,NCGR,4667,acf:4668,NCLR,4668,1,adjacent_graphics_slots,False
,acf:4668,NCLR,4668,acf:4669,NANR,4669,1,adjacent_graphics_slots,False
,acf:4669,NANR,4669,acf:4670,NCER,4670,1,adjacent_graphics_slots,False
,acf:4670,NCER,4670,acf:4671,NCGR,4671,1,adjacent_graphics_slots,False
,acf:4671,NCGR,4671,acf:4672,NCLR,4672,1,adjacent_graphics_slots,False
,acf:4672,NCLR,4672,acf:4673,NANR,4673,1,adjacent_graphics_slots,False
,acf:4673,NANR,4673,acf:4674,NCER,4674,1,adjacent_graphics_slots,False
,acf:4674,NCER,4674,acf:4675,NCGR,4675,1,adjacent_graphics_slots,False
,acf:4675,NCGR,4675,acf:4676,NCLR,4676,1,adjacent_graphics_slots,False
,acf:4676,NCLR,4676,acf:4677,NANR,4677,1,adjacent_graphics_slots,False
,acf:4677,NANR,4677,acf:4678,NCER,4678,1,adjacent_graphics_slots,False
,acf:4678,NCER,4678,acf:4679,NCGR,4679,1,adjacent_graphics_slots,False
,acf:4679,NCGR,4679,acf:4680,NCLR,4680,1,adjacent_graphics_slots,False
,acf:4680,NCLR,4680,acf:4681,NANR,4681,1,adjacent_graphics_slots,False
,acf:4681,NANR,4681,acf:4682,NCER,4682,1,adjacent_graphics_slots,False
,acf:4682,NCER,4682,acf:4683,NCGR,4683,1,adjacent_graphics_slots,False
,acf:4683,NCGR,4683,acf:4684,NCLR,4684,1,adjacent_graphics_slots,False
,acf:4684,NCLR,4684,acf:4685,NANR,4685,1,adjacent_graphics_slots,False
,acf:4685,NANR,4685,acf:4686,NCER,4686,1,adjacent_graphics_slots,False
,acf:4686,NCER,4686,acf:4687,NCGR,4687,1,adjacent_graphics_slots,False
,acf:4687,NCGR,4687,acf:4688,NCLR,4688,1,adjacent_graphics_slots,False
,acf:4688,NCLR,4688,acf:4689,NANR,4689,1,adjacent_graphics_slots,False
,acf:4689,NANR,4689,acf:4690,NCER,4690,1,adjacent_graphics_slots,False
,acf:4690,NCER,4690,acf:4691,NCGR,4691,1,adjacent_graphics_slots,False
,acf:4691,NCGR,4691,acf:4692,NCLR,4692,1,adjacent_graphics_slots,False
,acf:4692,NCLR,4692,acf:4693,NANR,4693,1,adjacent_graphics_slots,False
,acf:4693,NANR,4693,acf:4694,NCER,4694,1,adjacent_graphics_slots,False
,acf:4694,NCER,4694,acf:4695,NCGR,4695,1,adjacent_graphics_slots,False
,acf:4695,NCGR,4695,acf:4696,NCLR,4696,1,adjacent_graphics_slots,False
,acf:4696,NCLR,4696,acf:4697,NANR,4697,1,adjacent_graphics_slots,False
,acf:4697,NANR,4697,acf:4698,NCER,4698,1,adjacent_graphics_slots,False
,acf:4698,NCER,4698,acf:4699,NCGR,4699,1,adjacent_graphics_slots,False
,acf:4699,NCGR,4699,acf:4700,NCLR,4700,1,adjacent_graphics_slots,False
,acf:4700,NCLR,4700,acf:4701,NANR,4701,1,adjacent_graphics_slots,False
,acf:4701,NANR,4701,acf:4702,NCER,4702,1,adjacent_graphics_slots,False
,acf:4702,NCER,4702,acf:4703,NCGR,4703,1,adjacent_graphics_slots,False
,acf:4703,NCGR,4703,acf:4704,NCLR,4704,1,adjacent_graphics_slots,False
,acf:4704,NCLR,4704,acf:4705,NANR,4705,1,adjacent_graphics_slots,False
,acf:4705,NANR,4705,acf:4706,NCER,4706,1,adjacent_graphics_slots,False
,acf:4706,NCER,4706,acf:4707,NCGR,4707,1,adjacent_graphics_slots,False
,acf:4707,NCGR,4707,acf:4708,NCLR,4708,1,adjacent_graphics_slots,False
,acf:4708,NCLR,4708,acf:4709,NANR,4709,1,adjacent_graphics_slots,False
,acf:4709,NANR,4709,acf:4710,NCER,4710,1,adjacent_graphics_slots,False
,acf:4710,NCER,4710,acf:4711,NCGR,4711,1,adjacent_graphics_slots,False
,acf:4711,NCGR,4711,acf:4712,NCLR,4712,1,adjacent_graphics_slots,False
,acf:4712,NCLR,4712,acf:4713,NANR,4713,1,adjacent_graphics_slots,False
,acf:4713,NANR,4713,acf:4714,NCER,4714,1,adjacent_graphics_slots,False
,acf:4714,NCER,4714,acf:4715,NCGR,4715,1,adjacent_graphics_slots,False
,acf:4715,NCGR,4715,acf:4716,NCLR,4716,1,adjacent_graphics_slots,False
,acf:4716,NCLR,4716,acf:4717,NANR,4717,1,adjacent_graphics_slots,False
,acf:4717,NANR,4717,acf:4718,NCER,4718,1,adjacent_graphics_slots,False
,acf:4718,NCER,4718,acf:4719,NCGR,4719,1,adjacent_graphics_slots,False
,acf:4719,NCGR,4719,acf:4720,NCLR,4720,1,adjacent_graphics_slots,False
,acf:4720,NCLR,4720,acf:4721,NANR,4721,1,adjacent_graphics_slots,False
,acf:4721,NANR,4721,acf:4722,NCER,4722,1,adjacent_graphics_slots,False
,acf:4722,NCER,4722,acf:4723,NCGR,4723,1,adjacent_graphics_slots,False
,acf:4723,NCGR,4723,acf:4724,NCLR,4724,1,adjacent_graphics_slots,False
,acf:4724,NCLR,4724,acf:4725,NANR,4725,1,adjacent_graphics_slots,False
,acf:4725,NANR,4725,acf:4726,NCER,4726,1,adjacent_graphics_slots,False
,acf:4726,NCER,4726,acf:4727,NCGR,4727,1,adjacent_graphics_slots,False
,acf:4727,NCGR,4727,acf:4728,NCLR,4728,1,adjacent_graphics_slots,False
,acf:4728,NCLR,4728,acf:4729,NANR,4729,1,adjacent_graphics_slots,False
,acf:4729,NANR,4729,acf:4730,NCER,4730,1,adjacent_graphics_slots,False
,acf:4730,NCER,4730,acf:4731,NCGR,4731,1,adjacent_graphics_slots,False
,acf:4731,NCGR,4731,acf:4732,NCLR,4732,1,adjacent_graphics_slots,False
,acf:4732,NCLR,4732,acf:4733,NANR,4733,1,adjacent_graphics_slots,False
,acf:4733,NANR,4733,acf:4734,NCER,4734,1,adjacent_graphics_slots,False
,acf:4734,NCER,4734,acf:4735,NCGR,4735,1,adjacent_graphics_slots,False
,acf:4735,NCGR,4735,acf:4736,NCLR,4736,1,adjacent_graphics_slots,False
,acf:4736,NCLR,4736,acf:4737,NANR,4737,1,adjacent_graphics_slots,False
,acf:4737,NANR,4737,acf:4738,NCER,4738,1,adjacent_graphics_slots,False
,acf:4738,NCER,4738,acf:4739,NCGR,4739,1,adjacent_graphics_slots,False
,acf:4739,NCGR,4739,acf:4740,NCLR,4740,1,adjacent_graphics_slots,False
,acf:4740,NCLR,4740,acf:4741,NANR,4741,1,adjacent_graphics_slots,False
,acf:4741,NANR,4741,acf:4742,NCER,4742,1,adjacent_graphics_slots,False
,acf:4742,NCER,4742,acf:4743,NCGR,4743,1,adjacent_graphics_slots,False
,acf:4743,NCGR,4743,acf:4744,NCLR,4744,1,adjacent_graphics_slots,False
,acf:4744,NCLR,4744,acf:4745,NANR,4745,1,adjacent_graphics_slots,False
,acf:4745,NANR,4745,acf:4746,NCER,4746,1,adjacent_graphics_slots,False
,acf:4746,NCER,4746,acf:4747,NCGR,4747,1,adjacent_graphics_slots,False
,acf:4747,NCGR,4747,acf:4748,NCLR,4748,1,adjacent_graphics_slots,False
,acf:4748,NCLR,4748,acf:4749,NANR,4749,1,adjacent_graphics_slots,False
,acf:4749,NANR,4749,acf:4750,NCER,4750,1,adjacent_graphics_slots,False
,acf:4750,NCER,4750,acf:4751,NCGR,4751,1,adjacent_graphics_slots,False
,acf:4751,NCGR,4751,acf:4752,NCLR,4752,1,adjacent_graphics_slots,False
,acf:4752,NCLR,4752,acf:4753,NANR,4753,1,adjacent_graphics_slots,False
,acf:4753,NANR,4753,acf:4754,NCER,4754,1,adjacent_graphics_slots,False
,acf:4754,NCER,4754,acf:4755,NCGR,4755,1,adjacent_graphics_slots,False
,acf:4755,NCGR,4755,acf:4756,NCLR,4756,1,adjacent_graphics_slots,False
,acf:4756,NCLR,4756,acf:4757,NANR,4757,1,adjacent_graphics_slots,False
,acf:4757,NANR,4757,acf:4758,NCER,4758,1,adjacent_graphics_slots,False
,acf:4758,NCER,4758,acf:4759,NCGR,4759,1,adjacent_graphics_slots,False
,acf:4759,NCGR,4759,acf:4760,NCLR,4760,1,adjacent_graphics_slots,False
,acf:4760,NCLR,4760,acf:4761,NANR,4761,1,adjacent_graphics_slots,False
,acf:4761,NANR,4761,acf:4762,NCER,4762,1,adjacent_graphics_slots,False
,acf:4762,NCER,4762,acf:4763,NCGR,4763,1,adjacent_graphics_slots,False
,acf:4763,NCGR,4763,acf:4764,NCLR,4764,1,adjacent_graphics_slots,False
,acf:4764,NCLR,4764,acf:4765,NANR,4765,1,adjacent_graphics_slots,False
,acf:4765,NANR,4765,acf:4766,NCER,4766,1,adjacent_graphics_slots,False
,acf:4766,NCER,4766,acf:4767,NCGR,4767,1,adjacent_graphics_slots,False
,acf:4767,NCGR,4767,acf:4768,NCLR,4768,1,adjacent_graphics_slots,False
,acf:4768,NCLR,4768,acf:4769,NANR,4769,1,adjacent_graphics_slots,False
,acf:4769,NANR,4769,acf:4770,NCER,4770,1,adjacent_graphics_slots,False
,acf:4770,NCER,4770,acf:4771,NCGR,4771,1,adjacent_graphics_slots,False
,acf:4771,NCGR,4771,acf:4772,NCLR,4772,1,adjacent_graphics_slots,False
,acf:4772,NCLR,4772,acf:4773,NANR,4773,1,adjacent_graphics_slots,False
,acf:4773,NANR,4773,acf:4774,NCER,4774,1,adjacent_graphics_slots,False
,acf:4774,NCER,4774,acf:4775,NCGR,4775,1,adjacent_graphics_slots,False
,acf:4775,NCGR,4775,acf:4776,NCLR,4776,1,adjacent_graphics_slots,False
,acf:4776,NCLR,4776,acf:4777,NANR,4777,1,adjacent_graphics_slots,False
,acf:4777,NANR,4777,acf:4778,NCER,4778,1,adjacent_graphics_slots,False
,acf:4778,NCER,4778,acf:4779,NCGR,4779,1,adjacent_graphics_slots,False
,acf:4779,NCGR,4779,acf:4780,NCLR,4780,1,adjacent_graphics_slots,False
,acf:4780,NCLR,4780,acf:4781,NANR,4781,1,adjacent_graphics_slots,False
,acf:4781,NANR,4781,acf:4782,NCER,4782,1,adjacent_graphics_slots,False
,acf:4782,NCER,4782,acf:4783,NCGR,4783,1,adjacent_graphics_slots,False
,acf:4783,NCGR,4783,acf:4784,NCLR,4784,1,adjacent_graphics_slots,False
,acf:4784,NCLR,4784,acf:4785,NANR,4785,1,adjacent_graphics_slots,False
,acf:4785,NANR,4785,acf:4786,NCER,4786,1,adjacent_graphics_slots,False
,acf:4786,NCER,4786,acf:4787,NCGR,4787,1,adjacent_graphics_slots,False
,acf:4787,NCGR,4787,acf:4788,NCLR,4788,1,adjacent_graphics_slots,False
,acf:4788,NCLR,4788,acf:4789,NANR,4789,1,adjacent_graphics_slots,False
,acf:4789,NANR,4789,acf:4790,NCER,4790,1,adjacent_graphics_slots,False
,acf:4790,NCER,4790,acf:4791,NCGR,4791,1,adjacent_graphics_slots,False
,acf:4791,NCGR,4791,acf:4792,NCLR,4792,1,adjacent_graphics_slots,False
,acf:4792,NCLR,4792,acf:4793,NANR,4793,1,adjacent_graphics_slots,False
,acf:4793,NANR,4793,acf:4794,NCER,4794,1,adjacent_graphics_slots,False
,acf:4794,NCER,4794,acf:4795,NCGR,4795,1,adjacent_graphics_slots,False
,acf:4795,NCGR,4795,acf:4796,NCLR,4796,1,adjacent_graphics_slots,False
,acf:4796,NCLR,4796,acf:4797,NANR,4797,1,adjacent_graphics_slots,False
,acf:4797,NANR,4797,acf:4798,NCER,4798,1,adjacent_graphics_slots,False
,acf:4798,NCER,4798,acf:4799,NCGR,4799,1,adjacent_graphics_slots,False
,acf:4799,NCGR,4799,acf:4800,NCLR,4800,1,adjacent_graphics_slots,False
,acf:4800,NCLR,4800,acf:4801,NANR,4801,1,adjacent_graphics_slots,False
,acf:4801,NANR,4801,acf:4802,NCER,4802,1,adjacent_graphics_slots,False
,acf:4802,NCER,4802,acf:4803,NCGR,4803,1,adjacent_graphics_slots,False
,acf:4803,NCGR,4803,acf:4804,NCLR,4804,1,adjacent_graphics_slots,False
,acf:4804,NCLR,4804,acf:4805,NANR,4805,1,adjacent_graphics_slots,False
,acf:4805,NANR,4805,acf:4806,NCER,4806,1,adjacent_graphics_slots,False
,acf:4806,NCER,4806,acf:4807,NCGR,4807,1,adjacent_graphics_slots,False
,acf:4807,NCGR,4807,acf:4808,NCLR,4808,1,adjacent_graphics_slots,False
,acf:4808,NCLR,4808,acf:4809,NANR,4809,1,adjacent_graphics_slots,False
,acf:4809,NANR,4809,acf:4810,NCER,4810,1,adjacent_graphics_slots,False
,acf:4810,NCER,4810,acf:4811,NCGR,4811,1,adjacent_graphics_slots,False
,acf:4811,NCGR,4811,acf:4812,NCLR,4812,1,adjacent_graphics_slots,False
,acf:4812,NCLR,4812,acf:4813,NANR,4813,1,adjacent_graphics_slots,False
,acf:4813,NANR,4813,acf:4814,NCER,4814,1,adjacent_graphics_slots,False
,acf:4814,NCER,4814,acf:4815,NCGR,4815,1,adjacent_graphics_slots,False
,acf:4815,NCGR,4815,acf:4816,NCLR,4816,1,adjacent_graphics_slots,False
,acf:4816,NCLR,4816,acf:4817,NANR,4817,1,adjacent_graphics_slots,False
,acf:4817,NANR,4817,acf:4818,NCER,4818,1,adjacent_graphics_slots,False
,acf:4818,NCER,4818,acf:4819,NCGR,4819,1,adjacent_graphics_slots,False
,acf:4819,NCGR,4819,acf:4820,NCLR,4820,1,adjacent_graphics_slots,False
,acf:4820,NCLR,4820,acf:4821,NANR,4821,1,adjacent_graphics_slots,False
,acf:4821,NANR,4821,acf:4822,NCER,4822,1,adjacent_graphics_slots,False
,acf:4822,NCER,4822,acf:4823,NCGR,4823,1,adjacent_graphics_slots,False
,acf:4823,NCGR,4823,acf:4824,NCLR,4824,1,adjacent_graphics_slots,False
,acf:4824,NCLR,4824,acf:4825,NANR,4825,1,adjacent_graphics_slots,False
,acf:4825,NANR,4825,acf:4826,NCER,4826,1,adjacent_graphics_slots,False
,acf:4826,NCER,4826,acf:4827,NCGR,4827,1,adjacent_graphics_slots,False
,acf:4827,NCGR,4827,acf:4828,NCLR,4828,1,adjacent_graphics_slots,False
,acf:4828,NCLR,4828,acf:4829,NANR,4829,1,adjacent_graphics_slots,False
,acf:4829,NANR,4829,acf:4830,NCER,4830,1,adjacent_graphics_slots,False
,acf:4830,NCER,4830,acf:4831,NCGR,4831,1,adjacent_graphics_slots,False
,acf:4831,NCGR,4831,acf:4832,NCLR,4832,1,adjacent_graphics_slots,False
,acf:4832,NCLR,4832,acf:4833,NANR,4833,1,adjacent_graphics_slots,False
,acf:4833,NANR,4833,acf:4834,NCER,4834,1,adjacent_graphics_slots,False
,acf:4834,NCER,4834,acf:4835,NCGR,4835,1,adjacent_graphics_slots,False
,acf:4835,NCGR,4835,acf:4836,NCLR,4836,1,adjacent_graphics_slots,False
,acf:4836,NCLR,4836,acf:4837,NANR,4837,1,adjacent_graphics_slots,False
,acf:4837,NANR,4837,acf:4838,NCER,4838,1,adjacent_graphics_slots,False
,acf:4838,NCER,4838,acf:4839,NCGR,4839,1,adjacent_graphics_slots,False
,acf:4839,NCGR,4839,acf:4840,NCLR,4840,1,adjacent_graphics_slots,False
,acf:4840,NCLR,4840,acf:4841,NANR,4841,1,adjacent_graphics_slots,False
,acf:4841,NANR,4841,acf:4842,NCER,4842,1,adjacent_graphics_slots,False
,acf:4842,NCER,4842,acf:4843,NCGR,4843,1,adjacent_graphics_slots,False
,acf:4843,NCGR,4843,acf:4844,NCLR,4844,1,adjacent_graphics_slots,False
,acf:4844,NCLR,4844,acf:4845,NANR,4845,1,adjacent_graphics_slots,False
,acf:4845,NANR,4845,acf:4846,NCER,4846,1,adjacent_graphics_slots,False
,acf:4846,NCER,4846,acf:4847,NCGR,4847,1,adjacent_graphics_slots,False
,acf:4847,NCGR,4847,acf:4848,NCLR,4848,1,adjacent_graphics_slots,False
,acf:4848,NCLR,4848,acf:4849,NANR,4849,1,adjacent_graphics_slots,False
,acf:4849,NANR,4849,acf:4850,NCER,4850,1,adjacent_graphics_slots,False
,acf:4850,NCER,4850,acf:4851,NCGR,4851,1,adjacent_graphics_slots,False
,acf:4851,NCGR,4851,acf:4852,NCLR,4852,1,adjacent_graphics_slots,False
,acf:4852,NCLR,4852,acf:4853,NANR,4853,1,adjacent_graphics_slots,False
,acf:4853,NANR,4853,acf:4854,NCER,4854,1,adjacent_graphics_slots,False
,acf:4854,NCER,4854,acf:4855,NCGR,4855,1,adjacent_graphics_slots,False
,acf:4855,NCGR,4855,acf:4856,NCLR,4856,1,adjacent_graphics_slots,False
,acf:4856,NCLR,4856,acf:4857,NANR,4857,1,adjacent_graphics_slots,False
,acf:4857,NANR,4857,acf:4858,NCER,4858,1,adjacent_graphics_slots,False
,acf:4858,NCER,4858,acf:4859,NCGR,4859,1,adjacent_graphics_slots,False
,acf:4859,NCGR,4859,acf:4860,NCLR,4860,1,adjacent_graphics_slots,False
,acf:4860,NCLR,4860,acf:4861,NANR,4861,1,adjacent_graphics_slots,False
,acf:4861,NANR,4861,acf:4862,NCER,4862,1,adjacent_graphics_slots,False
,acf:4862,NCER,4862,acf:4863,NCGR,4863,1,adjacent_graphics_slots,False
,acf:4863,NCGR,4863,acf:4864,NCLR,4864,1,adjacent_graphics_slots,False
,acf:4864,NCLR,4864,acf:4865,NANR,4865,1,adjacent_graphics_slots,False
,acf:4865,NANR,4865,acf:4866,NCER,4866,1,adjacent_graphics_slots,False
,acf:4866,NCER,4866,acf:4867,NCGR,4867,1,adjacent_graphics_slots,False
,acf:4867,NCGR,4867,acf:4868,NCLR,4868,1,adjacent_graphics_slots,False
,acf:4868,NCLR,4868,acf:4869,NANR,4869,1,adjacent_graphics_slots,False
,acf:4869,NANR,4869,acf:4870,NCER,4870,1,adjacent_graphics_slots,False
,acf:4870,NCER,4870,acf:4871,NCGR,4871,1,adjacent_graphics_slots,False
,acf:4871,NCGR,4871,acf:4872,NCLR,4872,1,adjacent_graphics_slots,False
,acf:4872,NCLR,4872,acf:4873,NANR,4873,1,adjacent_graphics_slots,False
,acf:4873,NANR,4873,acf:4874,NCER,4874,1,adjacent_graphics_slots,False
,acf:4874,NCER,4874,acf:4875,NCGR,4875,1,adjacent_graphics_slots,False
,acf:4875,NCGR,4875,acf:4876,NCLR,4876,1,adjacent_graphics_slots,False
,acf:4876,NCLR,4876,acf:4877,NANR,4877,1,adjacent_graphics_slots,False
,acf:4877,NANR,4877,acf:4878,NCER,4878,1,adjacent_graphics_slots,False
,acf:4878,NCER,4878,acf:4879,NCGR,4879,1,adjacent_graphics_slots,False
,acf:4879,NCGR,4879,acf:4880,NCLR,4880,1,adjacent_graphics_slots,False
,acf:4880,NCLR,4880,acf:4881,NANR,4881,1,adjacent_graphics_slots,False
,acf:4881,NANR,4881,acf:4882,NCER,4882,1,adjacent_graphics_slots,False
,acf:4882,NCER,4882,acf:4883,NCGR,4883,1,adjacent_graphics_slots,False
,acf:4883,NCGR,4883,acf:4884,NCLR,4884,1,adjacent_graphics_slots,False
,acf:4884,NCLR,4884,acf:4885,NANR,4885,1,adjacent_graphics_slots,False
,acf:4885,NANR,4885,acf:4886,NCER,4886,1,adjacent_graphics_slots,False
,acf:4886,NCER,4886,acf:4887,NCGR,4887,1,adjacent_graphics_slots,False
,acf:4887,NCGR,4887,acf:4888,NCLR,4888,1,adjacent_graphics_slots,False
,acf:4888,NCLR,4888,acf:4889,NANR,4889,1,adjacent_graphics_slots,False
,acf:4889,NANR,4889,acf:4890,NCER,4890,1,adjacent_graphics_slots,False
,acf:4890,NCER,4890,acf:4891,NCGR,4891,1,adjacent_graphics_slots,False
,acf:4891,NCGR,4891,acf:4892,NCLR,4892,1,adjacent_graphics_slots,False
,acf:4892,NCLR,4892,acf:4893,NANR,4893,1,adjacent_graphics_slots,False
,acf:4893,NANR,4893,acf:4894,NCER,4894,1,adjacent_graphics_slots,False
,acf:4894,NCER,4894,acf:4895,NCGR,4895,1,adjacent_graphics_slots,False
,acf:4895,NCGR,4895,acf:4896,NCLR,4896,1,adjacent_graphics_slots,False
,acf:4896,NCLR,4896,acf:4897,NANR,4897,1,adjacent_graphics_slots,False
,acf:4897,NANR,4897,acf:4898,NCER,4898,1,adjacent_graphics_slots,False
,acf:4898,NCER,4898,acf:4899,NCGR,4899,1,adjacent_graphics_slots,False
,acf:4899,NCGR,4899,acf:4900,NCLR,4900,1,adjacent_graphics_slots,False
,acf:4900,NCLR,4900,acf:4901,NANR,4901,1,adjacent_graphics_slots,False
,acf:4901,NANR,4901,acf:4902,NCER,4902,1,adjacent_graphics_slots,False
,acf:4902,NCER,4902,acf:4903,NCGR,4903,1,adjacent_graphics_slots,False
,acf:4903,NCGR,4903,acf:4904,NCLR,4904,1,adjacent_graphics_slots,False
,acf:4904,NCLR,4904,acf:4905,NANR,4905,1,adjacent_graphics_slots,False
,acf:4905,NANR,4905,acf:4906,NCER,4906,1,adjacent_graphics_slots,False
,acf:4906,NCER,4906,acf:4907,NCGR,4907,1,adjacent_graphics_slots,False
,acf:4907,NCGR,4907,acf:4908,NCLR,4908,1,adjacent_graphics_slots,False
,acf:4908,NCLR,4908,acf:4909,NANR,4909,1,adjacent_graphics_slots,False
,acf:4909,NANR,4909,acf:4910,NCER,4910,1,adjacent_graphics_slots,False
,acf:4910,NCER,4910,acf:4911,NCGR,4911,1,adjacent_graphics_slots,False
,acf:4911,NCGR,4911,acf:4912,NCLR,4912,1,adjacent_graphics_slots,False
,acf:4912,NCLR,4912,acf:4913,NANR,4913,1,adjacent_graphics_slots,False
,acf:4913,NANR,4913,acf:4914,NCER,4914,1,adjacent_graphics_slots,False
,acf:4914,NCER,4914,acf:4915,NCGR,4915,1,adjacent_graphics_slots,False
,acf:4915,NCGR,4915,acf:4916,NCLR,4916,1,adjacent_graphics_slots,False
,acf:4916,NCLR,4916,acf:4917,NANR,4917,1,adjacent_graphics_slots,False
,acf:4917,NANR,4917,acf:4918,NCER,4918,1,adjacent_graphics_slots,False
,acf:4918,NCER,4918,acf:4919,NCGR,4919,1,adjacent_graphics_slots,False
,acf:4919,NCGR,4919,acf:4920,NCLR,4920,1,adjacent_graphics_slots,False
,acf:4920,NCLR,4920,acf:4921,NANR,4921,1,adjacent_graphics_slots,False
,acf:4921,NANR,4921,acf:4922,NCER,4922,1,adjacent_graphics_slots,False
,acf:4922,NCER,4922,acf:4923,NCGR,4923,1,adjacent_graphics_slots,False
,acf:4923,NCGR,4923,acf:4924,NCLR,4924,1,adjacent_graphics_slots,False
,acf:4924,NCLR,4924,acf:4925,NANR,4925,1,adjacent_graphics_slots,False
,acf:4925,NANR,4925,acf:4926,NCER,4926,1,adjacent_graphics_slots,False
,acf:4926,NCER,4926,acf:4927,NCGR,4927,1,adjacent_graphics_slots,False
,acf:4927,NCGR,4927,acf:4928,NCLR,4928,1,adjacent_graphics_slots,False
,acf:4928,NCLR,4928,acf:4929,NANR,4929,1,adjacent_graphics_slots,False
,acf:4929,NANR,4929,acf:4930,NCER,4930,1,adjacent_graphics_slots,False
,acf:4930,NCER,4930,acf:4931,NCGR,4931,1,adjacent_graphics_slots,False
,acf:4931,NCGR,4931,acf:4932,NCLR,4932,1,adjacent_graphics_slots,False
,acf:4932,NCLR,4932,acf:4933,NANR,4933,1,adjacent_graphics_slots,False
,acf:4933,NANR,4933,acf:4934,NCER,4934,1,adjacent_graphics_slots,False
,acf:4934,NCER,4934,acf:4935,NCGR,4935,1,adjacent_graphics_slots,False
,acf:4935,NCGR,4935,acf:4936,NCLR,4936,1,adjacent_graphics_slots,False
,acf:4936,NCLR,4936,acf:4937,NANR,4937,1,adjacent_graphics_slots,False
,acf:4937,NANR,4937,acf:4938,NCER,4938,1,adjacent_graphics_slots,False
,acf:4938,NCER,4938,acf:4939,NCGR,4939,1,adjacent_graphics_slots,False
,acf:4939,NCGR,4939,acf:4940,NCLR,4940,1,adjacent_graphics_slots,False
,acf:4940,NCLR,4940,acf:4941,NANR,4941,1,adjacent_graphics_slots,False
,acf:4941,NANR,4941,acf:4942,NCER,4942,1,adjacent_graphics_slots,False
,acf:4942,NCER,4942,acf:4943,NCGR,4943,1,adjacent_graphics_slots,False
,acf:4943,NCGR,4943,acf:4944,NCLR,4944,1,adjacent_graphics_slots,False
,acf:4944,NCLR,4944,acf:4945,NANR,4945,1,adjacent_graphics_slots,False
,acf:4945,NANR,4945,acf:4946,NCER,4946,1,adjacent_graphics_slots,False
,acf:4946,NCER,4946,acf:4947,NCGR,4947,1,adjacent_graphics_slots,False
,acf:4947,NCGR,4947,acf:4948,NCLR,4948,1,adjacent_graphics_slots,False
,acf:5043,NCGR,5043,acf:5044,NCGR,5044,1,adjacent_graphics_slots,False
,acf:5044,NCGR,5044,acf:5045,NCGR,5045,1,adjacent_graphics_slots,False
,acf:5045,NCGR,5045,acf:5046,NCGR,5046,1,adjacent_graphics_slots,False
,acf:5046,NCGR,5046,acf:5047,NCGR,5047,1,adjacent_graphics_slots,False
,acf:5047,NCGR,5047,acf:5048,NCGR,5048,1,adjacent_graphics_slots,False
,acf:5048,NCGR,5048,acf:5049,NCGR,5049,1,adjacent_graphics_slots,False
,acf:5049,NCGR,5049,acf:5050,NCGR,5050,1,adjacent_graphics_slots,False
,acf:5050,NCGR,5050,acf:5051,NCGR,5051,1,adjacent_graphics_slots,False
,acf:5051,NCGR,5051,acf:5052,NCGR,5052,1,adjacent_graphics_slots,False
,acf:5052,NCGR,5052,acf:5053,NCGR,5053,1,adjacent_graphics_slots,False
,acf:5053,NCGR,5053,acf:5054,NCGR,5054,1,adjacent_graphics_slots,False
,acf:5054,NCGR,5054,acf:5055,NCGR,5055,1,adjacent_graphics_slots,False
,acf:5055,NCGR,5055,acf:5056,NCGR,5056,1,adjacent_graphics_slots,False
,acf:5056,NCGR,5056,acf:5057,NCGR,5057,1,adjacent_graphics_slots,False
,acf:5057,NCGR,5057,acf:5058,NCGR,5058,1,adjacent_graphics_slots,False
,acf:5058,NCGR,5058,acf:5059,NCGR,5059,1,adjacent_graphics_slots,False
,acf:5059,NCGR,5059,acf:5060,NCGR,5060,1,adjacent_graphics_slots,False
,acf:5060,NCGR,5060,acf:5061,NCGR,5061,1,adjacent_graphics_slots,False
,acf:5061,NCGR,5061,acf:5062,NCGR,5062,1,adjacent_graphics_slots,False
,acf:5062,NCGR,5062,acf:5063,NCGR,5063,1,adjacent_graphics_slots,False
,acf:5063,NCGR,5063,acf:5064,NCGR,5064,1,adjacent_graphics_slots,False
,acf:5064,NCGR,5064,acf:5065,NCGR,5065,1,adjacent_graphics_slots,False
,acf:5065,NCGR,5065,acf:5066,NCGR,5066,1,adjacent_graphics_slots,False
,acf:5066,NCGR,5066,acf:5067,NCGR,5067,1,adjacent_graphics_slots,False
,acf:5067,NCGR,5067,acf:5068,NCGR,5068,1,adjacent_graphics_slots,False
,acf:5068,NCGR,5068,acf:5069,NCGR,5069,1,adjacent_graphics_slots,False
,acf:5069,NCGR,5069,acf:5070,NCGR,5070,1,adjacent_graphics_slots,False
,acf:5070,NCGR,5070,acf:5071,NCGR,5071,1,adjacent_graphics_slots,False
,acf:5071,NCGR,5071,acf:5072,NCGR,5072,1,adjacent_graphics_slots,False
,acf:5072,NCGR,5072,acf:5073,NCGR,5073,1,adjacent_graphics_slots,False
,acf:5073,NCGR,5073,acf:5074,NCGR,5074,1,adjacent_graphics_slots,False
,acf:5074,NCGR,5074,acf:5075,NCGR,5075,1,adjacent_graphics_slots,False
,acf:5075,NCGR,5075,acf:5076,NCGR,5076,1,adjacent_graphics_slots,False
,acf:5076,NCGR,5076,acf:5077,NCGR,5077,1,adjacent_graphics_slots,False
,acf:5077,NCGR,5077,acf:5078,NCGR,5078,1,adjacent_graphics_slots,False
,acf:5078,NCGR,5078,acf:5079,NCGR,5079,1,adjacent_graphics_slots,False
,acf:5079,NCGR,5079,acf:5080,NCGR,5080,1,adjacent_graphics_slots,False
,acf:5080,NCGR,5080,acf:5081,NCGR,5081,1,adjacent_graphics_slots,False
,acf:5081,NCGR,5081,acf:5082,NCGR,5082,1,adjacent_graphics_slots,False
,acf:5082,NCGR,5082,acf:5083,NCGR,5083,1,adjacent_graphics_slots,False
,acf:5083,NCGR,5083,acf:5084,NCGR,5084,1,adjacent_graphics_slots,False
,acf:5084,NCGR,5084,acf:5085,NCGR,5085,1,adjacent_graphics_slots,False
,acf:5085,NCGR,5085,acf:5086,NCGR,5086,1,adjacent_graphics_slots,False
,acf:5086,NCGR,5086,acf:5087,NCGR,5087,1,adjacent_graphics_slots,False
,acf:5087,NCGR,5087,acf:5088,NCGR,5088,1,adjacent_graphics_slots,False
,acf:5088,NCGR,5088,acf:5089,NCGR,5089,1,adjacent_graphics_slots,False
,acf:5089,NCGR,5089,acf:5090,NCGR,5090,1,adjacent_graphics_slots,False
,acf:5090,NCGR,5090,acf:5091,NCGR,5091,1,adjacent_graphics_slots,False
,acf:5091,NCGR,5091,acf:5092,NCGR,5092,1,adjacent_graphics_slots,False
,acf:5092,NCGR,5092,acf:5093,NCGR,5093,1,adjacent_graphics_slots,False
,acf:5093,NCGR,5093,acf:5094,NCGR,5094,1,adjacent_graphics_slots,False
,acf:5094,NCGR,5094,acf:5095,NCGR,5095,1,adjacent_graphics_slots,False
,acf:5095,NCGR,5095,acf:5096,NCGR,5096,1,adjacent_graphics_slots,False
,acf:5096,NCGR,5096,acf:5097,NCGR,5097,1,adjacent_graphics_slots,False
,acf:5097,NCGR,5097,acf:5098,NCGR,5098,1,adjacent_graphics_slots,False
,acf:5098,NCGR,5098,acf:5099,NCGR,5099,1,adjacent_graphics_slots,False
,acf:5099,NCGR,5099,acf:5100,NCGR,5100,1,adjacent_graphics_slots,False
,acf:5100,NCGR,5100,acf:5101,NCGR,5101,1,adjacent_graphics_slots,False
,acf:5101,NCGR,5101,acf:5102,NCGR,5102,1,adjacent_graphics_slots,False
,acf:5102,NCGR,5102,acf:5103,NCGR,5103,1,adjacent_graphics_slots,False
,acf:5103,NCGR,5103,acf:5104,NCGR,5104,1,adjacent_graphics_slots,False
,acf:5104,NCGR,5104,acf:5105,NCGR,5105,1,adjacent_graphics_slots,False
,acf:5105,NCGR,5105,acf:5106,NCGR,5106,1,adjacent_graphics_slots,False
,acf:5106,NCGR,5106,acf:5107,NCGR,5107,1,adjacent_graphics_slots,False
,acf:5107,NCGR,5107,acf:5108,NCGR,5108,1,adjacent_graphics_slots,False
,acf:5108,NCGR,5108,acf:5109,NCGR,5109,1,adjacent_graphics_slots,False
,acf:5109,NCGR,5109,acf:5110,NCGR,5110,1,adjacent_graphics_slots,False
,acf:5110,NCGR,5110,acf:5111,NCGR,5111,1,adjacent_graphics_slots,False
,acf:5111,NCGR,5111,acf:5112,NCGR,5112,1,adjacent_graphics_slots,False
,acf:5112,NCGR,5112,acf:5113,NCGR,5113,1,adjacent_graphics_slots,False
,acf:5113,NCGR,5113,acf:5114,NCGR,5114,1,adjacent_graphics_slots,False
,acf:5114,NCGR,5114,acf:5115,NCGR,5115,1,adjacent_graphics_slots,False
,acf:5115,NCGR,5115,acf:5116,NCGR,5116,1,adjacent_graphics_slots,False
,acf:5116,NCGR,5116,acf:5117,NCGR,5117,1,adjacent_graphics_slots,False
,acf:5117,NCGR,5117,acf:5118,NCGR,5118,1,adjacent_graphics_slots,False
,acf:5118,NCGR,5118,acf:5119,NCGR,5119,1,adjacent_graphics_slots,False
,acf:5119,NCGR,5119,acf:5120,NCGR,5120,1,adjacent_graphics_slots,False
,acf:5120,NCGR,5120,acf:5121,NCGR,5121,1,adjacent_graphics_slots,False
,acf:5121,NCGR,5121,acf:5122,NCGR,5122,1,adjacent_graphics_slots,False
,acf:5122,NCGR,5122,acf:5123,NCGR,5123,1,adjacent_graphics_slots,False
,acf:5123,NCGR,5123,acf:5124,NCGR,5124,1,adjacent_graphics_slots,False
,acf:5124,NCGR,5124,acf:5125,NCGR,5125,1,adjacent_graphics_slots,False
,acf:5125,NCGR,5125,acf:5126,NCGR,5126,1,adjacent_graphics_slots,False
,acf:5126,NCGR,5126,acf:5127,NCGR,5127,1,adjacent_graphics_slots,False
,acf:5127,NCGR,5127,acf:5128,NCGR,5128,1,adjacent_graphics_slots,False
,acf:5128,NCGR,5128,acf:5129,NCGR,5129,1,adjacent_graphics_slots,False
,acf:5129,NCGR,5129,acf:5130,NCGR,5130,1,adjacent_graphics_slots,False
,acf:5130,NCGR,5130,acf:5131,NCGR,5131,1,adjacent_graphics_slots,False
,acf:5131,NCGR,5131,acf:5132,NCGR,5132,1,adjacent_graphics_slots,False
,acf:5132,NCGR,5132,acf:5133,NCGR,5133,1,adjacent_graphics_slots,False
,acf:5133,NCGR,5133,acf:5134,NCGR,5134,1,adjacent_graphics_slots,False
,acf:5134,NCGR,5134,acf:5135,NCGR,5135,1,adjacent_graphics_slots,False
,acf:5135,NCGR,5135,acf:5136,NCGR,5136,1,adjacent_graphics_slots,False
,acf:5136,NCGR,5136,acf:5137,NCGR,5137,1,adjacent_graphics_slots,False
,acf:5137,NCGR,5137,acf:5138,NCGR,5138,1,adjacent_graphics_slots,False
,acf:5138,NCGR,5138,acf:5139,NCGR,5139,1,adjacent_graphics_slots,False
,acf:5139,NCGR,5139,acf:5140,NCGR,5140,1,adjacent_graphics_slots,False
,acf:5140,NCGR,5140,acf:5141,NCGR,5141,1,adjacent_graphics_slots,False
,acf:5141,NCGR,5141,acf:5142,NCGR,5142,1,adjacent_graphics_slots,False
,acf:5142,NCGR,5142,acf:5143,NCGR,5143,1,adjacent_graphics_slots,False
,acf:5143,NCGR,5143,acf:5144,NCGR,5144,1,adjacent_graphics_slots,False
,acf:5144,NCGR,5144,acf:5145,NCGR,5145,1,adjacent_graphics_slots,False
,acf:5145,NCGR,5145,acf:5146,NCGR,5146,1,adjacent_graphics_slots,False
,acf:5146,NCGR,5146,acf:5147,NCGR,5147,1,adjacent_graphics_slots,False
,acf:5147,NCGR,5147,acf:5148,NCGR,5148,1,adjacent_graphics_slots,False
,acf:5148,NCGR,5148,acf:5149,NCGR,5149,1,adjacent_graphics_slots,False
,acf:5149,NCGR,5149,acf:5150,NCGR,5150,1,adjacent_graphics_slots,False
,acf:5150,NCGR,5150,acf:5151,NCGR,5151,1,adjacent_graphics_slots,False
,acf:5151,NCGR,5151,acf:5152,NCGR,5152,1,adjacent_graphics_slots,False
,acf:5152,NCGR,5152,acf:5153,NCGR,5153,1,adjacent_graphics_slots,False
,acf:5153,NCGR,5153,acf:5154,NCGR,5154,1,adjacent_graphics_slots,False
,acf:5154,NCGR,5154,acf:5155,NCGR,5155,1,adjacent_graphics_slots,False
,acf:5155,NCGR,5155,acf:5156,NCGR,5156,1,adjacent_graphics_slots,False
,acf:5156,NCGR,5156,acf:5157,NCGR,5157,1,adjacent_graphics_slots,False
,acf:5157,NCGR,5157,acf:5158,NCGR,5158,1,adjacent_graphics_slots,False
,acf:5158,NCGR,5158,acf:5159,NCGR,5159,1,adjacent_graphics_slots,False
,acf:5159,NCGR,5159,acf:5160,NCGR,5160,1,adjacent_graphics_slots,False
,acf:5160,NCGR,5160,acf:5161,NCGR,5161,1,adjacent_graphics_slots,False
,acf:5161,NCGR,5161,acf:5162,NCGR,5162,1,adjacent_graphics_slots,False
,acf:5162,NCGR,5162,acf:5163,NCGR,5163,1,adjacent_graphics_slots,False
,acf:5163,NCGR,5163,acf:5164,NCGR,5164,1,adjacent_graphics_slots,False
,acf:5164,NCGR,5164,acf:5165,NCGR,5165,1,adjacent_graphics_slots,False
,acf:5165,NCGR,5165,acf:5166,NCGR,5166,1,adjacent_graphics_slots,False
,acf:5166,NCGR,5166,acf:5167,NCGR,5167,1,adjacent_graphics_slots,False
,acf:5167,NCGR,5167,acf:5168,NCGR,5168,1,adjacent_graphics_slots,False
,acf:5168,NCGR,5168,acf:5169,NCGR,5169,1,adjacent_graphics_slots,False
,acf:5169,NCGR,5169,acf:5170,NCGR,5170,1,adjacent_graphics_slots,False
,acf:5170,NCGR,5170,acf:5171,NCGR,5171,1,adjacent_graphics_slots,False
,acf:5171,NCGR,5171,acf:5172,NCGR,5172,1,adjacent_graphics_slots,False
,acf:5172,NCGR,5172,acf:5173,NCGR,5173,1,adjacent_graphics_slots,False
,acf:5173,NCGR,5173,acf:5174,NCGR,5174,1,adjacent_graphics_slots,False
,acf:5174,NCGR,5174,acf:5175,NCGR,5175,1,adjacent_graphics_slots,False
,acf:5175,NCGR,5175,acf:5176,NCGR,5176,1,adjacent_graphics_slots,False
,acf:5176,NCGR,5176,acf:5177,NANR,5177,1,adjacent_graphics_slots,False
,acf:5177,NANR,5177,acf:5178,NCER,5178,1,adjacent_graphics_slots,False
,acf:5178,NCER,5178,acf:5179,NCGR,5179,1,adjacent_graphics_slots,False
,acf:5179,NCGR,5179,acf:5180,NCLR,5180,1,adjacent_graphics_slots,False
,acf:5180,NCLR,5180,acf:5181,NCGR,5181,1,adjacent_graphics_slots,False
,acf:5181,NCGR,5181,acf:5182,NCLR,5182,1,adjacent_graphics_slots,False
,acf:5182,NCLR,5182,acf:5183,NCGR,5183,1,adjacent_graphics_slots,False
,acf:5183,NCGR,5183,acf:5184,NCLR,5184,1,adjacent_graphics_slots,False
,acf:5184,NCLR,5184,acf:5185,NCGR,5185,1,adjacent_graphics_slots,False
,acf:5185,NCGR,5185,acf:5186,NCLR,5186,1,adjacent_graphics_slots,False
,acf:5186,NCLR,5186,acf:5187,NCGR,5187,1,adjacent_graphics_slots,False
,acf:5187,NCGR,5187,acf:5188,NCLR,5188,1,adjacent_graphics_slots,False
,acf:5188,NCLR,5188,acf:5189,NCGR,5189,1,adjacent_graphics_slots,False
,acf:5189,NCGR,5189,acf:5190,NCLR,5190,1,adjacent_graphics_slots,False
,acf:5190,NCLR,5190,acf:5191,NCGR,5191,1,adjacent_graphics_slots,False
,acf:5191,NCGR,5191,acf:5192,NCLR,5192,1,adjacent_graphics_slots,False
,acf:5192,NCLR,5192,acf:5193,NCGR,5193,1,adjacent_graphics_slots,False
,acf:5193,NCGR,5193,acf:5194,NCLR,5194,1,adjacent_graphics_slots,False
,acf:5194,NCLR,5194,acf:5195,NCGR,5195,1,adjacent_graphics_slots,False
,acf:5195,NCGR,5195,acf:5196,NCLR,5196,1,adjacent_graphics_slots,False
,acf:5196,NCLR,5196,acf:5197,NCGR,5197,1,adjacent_graphics_slots,False
,acf:5197,NCGR,5197,acf:5198,NCLR,5198,1,adjacent_graphics_slots,False
,acf:5198,NCLR,5198,acf:5199,NCGR,5199,1,adjacent_graphics_slots,False
,acf:5199,NCGR,5199,acf:5200,NCLR,5200,1,adjacent_graphics_slots,False
,acf:5200,NCLR,5200,acf:5201,NCGR,5201,1,adjacent_graphics_slots,False
,acf:5201,NCGR,5201,acf:5202,NCLR,5202,1,adjacent_graphics_slots,False
,acf:5202,NCLR,5202,acf:5203,NCGR,5203,1,adjacent_graphics_slots,False
,acf:5203,NCGR,5203,acf:5204,NCLR,5204,1,adjacent_graphics_slots,False
,acf:5204,NCLR,5204,acf:5205,NCGR,5205,1,adjacent_graphics_slots,False
,acf:5205,NCGR,5205,acf:5206,NCLR,5206,1,adjacent_graphics_slots,False
,acf:5206,NCLR,5206,acf:5207,NCGR,5207,1,adjacent_graphics_slots,False
,acf:5207,NCGR,5207,acf:5208,NCLR,5208,1,adjacent_graphics_slots,False
,acf:5208,NCLR,5208,acf:5209,NCGR,5209,1,adjacent_graphics_slots,False
,acf:5209,NCGR,5209,acf:5210,NCLR,5210,1,adjacent_graphics_slots,False
,acf:5210,NCLR,5210,acf:5211,NCGR,5211,1,adjacent_graphics_slots,False
,acf:5211,NCGR,5211,acf:5212,NCLR,5212,1,adjacent_graphics_slots,False
,acf:5212,NCLR,5212,acf:5213,NCGR,5213,1,adjacent_graphics_slots,False
,acf:5213,NCGR,5213,acf:5214,NCLR,5214,1,adjacent_graphics_slots,False
,acf:5214,NCLR,5214,acf:5215,NCGR,5215,1,adjacent_graphics_slots,False
,acf:5215,NCGR,5215,acf:5216,NCLR,5216,1,adjacent_graphics_slots,False
,acf:5216,NCLR,5216,acf:5217,NCGR,5217,1,adjacent_graphics_slots,False
,acf:5217,NCGR,5217,acf:5218,NCLR,5218,1,adjacent_graphics_slots,False
,acf:5218,NCLR,5218,acf:5219,NCGR,5219,1,adjacent_graphics_slots,False
,acf:5219,NCGR,5219,acf:5220,NCLR,5220,1,adjacent_graphics_slots,False
,acf:5220,NCLR,5220,acf:5221,NCGR,5221,1,adjacent_graphics_slots,False
,acf:5221,NCGR,5221,acf:5222,NCLR,5222,1,adjacent_graphics_slots,False
,acf:5222,NCLR,5222,acf:5223,NCGR,5223,1,adjacent_graphics_slots,False
,acf:5223,NCGR,5223,acf:5224,NCLR,5224,1,adjacent_graphics_slots,False
,acf:5224,NCLR,5224,acf:5225,NCGR,5225,1,adjacent_graphics_slots,False
,acf:5225,NCGR,5225,acf:5226,NCLR,5226,1,adjacent_graphics_slots,False
,acf:5226,NCLR,5226,acf:5227,NCGR,5227,1,adjacent_graphics_slots,False
,acf:5227,NCGR,5227,acf:5228,NCLR,5228,1,adjacent_graphics_slots,False
,acf:5228,NCLR,5228,acf:5229,NCGR,5229,1,adjacent_graphics_slots,False
,acf:5229,NCGR,5229,acf:5230,NCLR,5230,1,adjacent_graphics_slots,False
,acf:5230,NCLR,5230,acf:5231,NCGR,5231,1,adjacent_graphics_slots,False
,acf:5231,NCGR,5231,acf:5232,NCLR,5232,1,adjacent_graphics_slots,False
,acf:5232,NCLR,5232,acf:5233,NCGR,5233,1,adjacent_graphics_slots,False
,acf:5233,NCGR,5233,acf:5234,NCLR,5234,1,adjacent_graphics_slots,False
,acf:5234,NCLR,5234,acf:5235,NCGR,5235,1,adjacent_graphics_slots,False
,acf:5235,NCGR,5235,acf:5236,NCLR,5236,1,adjacent_graphics_slots,False
,acf:5236,NCLR,5236,acf:5237,NCGR,5237,1,adjacent_graphics_slots,False
,acf:5237,NCGR,5237,acf:5238,NCLR,5238,1,adjacent_graphics_slots,False
,acf:5238,NCLR,5238,acf:5239,NCGR,5239,1,adjacent_graphics_slots,False
,acf:5239,NCGR,5239,acf:5240,NCLR,5240,1,adjacent_graphics_slots,False
,acf:5240,NCLR,5240,acf:5241,NCGR,5241,1,adjacent_graphics_slots,False
,acf:5241,NCGR,5241,acf:5242,NCLR,5242,1,adjacent_graphics_slots,False
,acf:5242,NCLR,5242,acf:5243,NCGR,5243,1,adjacent_graphics_slots,False
,acf:5243,NCGR,5243,acf:5244,NCLR,5244,1,adjacent_graphics_slots,False
,acf:5244,NCLR,5244,acf:5245,NCGR,5245,1,adjacent_graphics_slots,False
,acf:5245,NCGR,5245,acf:5246,NCLR,5246,1,adjacent_graphics_slots,False
,acf:5246,NCLR,5246,acf:5247,NCGR,5247,1,adjacent_graphics_slots,False
,acf:5247,NCGR,5247,acf:5248,NCLR,5248,1,adjacent_graphics_slots,False
,acf:5248,NCLR,5248,acf:5249,NCGR,5249,1,adjacent_graphics_slots,False
,acf:5249,NCGR,5249,acf:5250,NCLR,5250,1,adjacent_graphics_slots,False
,acf:5250,NCLR,5250,acf:5251,NCGR,5251,1,adjacent_graphics_slots,False
,acf:5251,NCGR,5251,acf:5252,NCLR,5252,1,adjacent_graphics_slots,False
,acf:5252,NCLR,5252,acf:5253,NCGR,5253,1,adjacent_graphics_slots,False
,acf:5253,NCGR,5253,acf:5254,NCLR,5254,1,adjacent_graphics_slots,False
,acf:5254,NCLR,5254,acf:5255,NCGR,5255,1,adjacent_graphics_slots,False
,acf:5255,NCGR,5255,acf:5256,NCLR,5256,1,adjacent_graphics_slots,False
,acf:5256,NCLR,5256,acf:5257,NCGR,5257,1,adjacent_graphics_slots,False
,acf:5257,NCGR,5257,acf:5258,NCLR,5258,1,adjacent_graphics_slots,False
,acf:5258,NCLR,5258,acf:5259,NCGR,5259,1,adjacent_graphics_slots,False
,acf:5259,NCGR,5259,acf:5260,NCLR,5260,1,adjacent_graphics_slots,False
,acf:5260,NCLR,5260,acf:5261,NCGR,5261,1,adjacent_graphics_slots,False
,acf:5261,NCGR,5261,acf:5262,NCLR,5262,1,adjacent_graphics_slots,False
,acf:5262,NCLR,5262,acf:5263,NCGR,5263,1,adjacent_graphics_slots,False
,acf:5263,NCGR,5263,acf:5264,NCLR,5264,1,adjacent_graphics_slots,False
,acf:5264,NCLR,5264,acf:5265,NCGR,5265,1,adjacent_graphics_slots,False
,acf:5265,NCGR,5265,acf:5266,NCLR,5266,1,adjacent_graphics_slots,False
,acf:5266,NCLR,5266,acf:5267,NCGR,5267,1,adjacent_graphics_slots,False
,acf:5267,NCGR,5267,acf:5268,NCLR,5268,1,adjacent_graphics_slots,False
,acf:5268,NCLR,5268,acf:5269,NCGR,5269,1,adjacent_graphics_slots,False
,acf:5269,NCGR,5269,acf:5270,NCLR,5270,1,adjacent_graphics_slots,False
,acf:5270,NCLR,5270,acf:5271,NCGR,5271,1,adjacent_graphics_slots,False
,acf:5271,NCGR,5271,acf:5272,NCLR,5272,1,adjacent_graphics_slots,False
,acf:5272,NCLR,5272,acf:5273,NCGR,5273,1,adjacent_graphics_slots,False
,acf:5273,NCGR,5273,acf:5274,NCLR,5274,1,adjacent_graphics_slots,False
,acf:5274,NCLR,5274,acf:5275,NCGR,5275,1,adjacent_graphics_slots,False
,acf:5275,NCGR,5275,acf:5276,NCLR,5276,1,adjacent_graphics_slots,False
,acf:5276,NCLR,5276,acf:5277,NCGR,5277,1,adjacent_graphics_slots,False
,acf:5277,NCGR,5277,acf:5278,NCLR,5278,1,adjacent_graphics_slots,False
,acf:5278,NCLR,5278,acf:5279,NCGR,5279,1,adjacent_graphics_slots,False
,acf:5279,NCGR,5279,acf:5280,NCLR,5280,1,adjacent_graphics_slots,False
,acf:5280,NCLR,5280,acf:5281,NCGR,5281,1,adjacent_graphics_slots,False
,acf:5281,NCGR,5281,acf:5282,NCLR,5282,1,adjacent_graphics_slots,False
,acf:5282,NCLR,5282,acf:5283,NCGR,5283,1,adjacent_graphics_slots,False
,acf:5283,NCGR,5283,acf:5284,NCLR,5284,1,adjacent_graphics_slots,False
,acf:5284,NCLR,5284,acf:5285,NCGR,5285,1,adjacent_graphics_slots,False
,acf:5285,NCGR,5285,acf:5286,NCLR,5286,1,adjacent_graphics_slots,False
,acf:5286,NCLR,5286,acf:5287,NCGR,5287,1,adjacent_graphics_slots,False
,acf:5287,NCGR,5287,acf:5288,NCLR,5288,1,adjacent_graphics_slots,False
,acf:5288,NCLR,5288,acf:5289,NCGR,5289,1,adjacent_graphics_slots,False
,acf:5289,NCGR,5289,acf:5290,NCLR,5290,1,adjacent_graphics_slots,False
,acf:5290,NCLR,5290,acf:5291,NCGR,5291,1,adjacent_graphics_slots,False
,acf:5291,NCGR,5291,acf:5292,NCLR,5292,1,adjacent_graphics_slots,False
,acf:5292,NCLR,5292,acf:5293,NCGR,5293,1,adjacent_graphics_slots,False
,acf:5293,NCGR,5293,acf:5294,NCLR,5294,1,adjacent_graphics_slots,False
,acf:5294,NCLR,5294,acf:5295,NCGR,5295,1,adjacent_graphics_slots,False
,acf:5295,NCGR,5295,acf:5296,NCLR,5296,1,adjacent_graphics_slots,False
,acf:5296,NCLR,5296,acf:5297,NCGR,5297,1,adjacent_graphics_slots,False
,acf:5297,NCGR,5297,acf:5298,NCLR,5298,1,adjacent_graphics_slots,False
,acf:5298,NCLR,5298,acf:5299,NCGR,5299,1,adjacent_graphics_slots,False
,acf:5299,NCGR,5299,acf:5300,NCLR,5300,1,adjacent_graphics_slots,False
,acf:5300,NCLR,5300,acf:5301,NCGR,5301,1,adjacent_graphics_slots,False
,acf:5301,NCGR,5301,acf:5302,NCLR,5302,1,adjacent_graphics_slots,False
,acf:5302,NCLR,5302,acf:5303,NCGR,5303,1,adjacent_graphics_slots,False
,acf:5303,NCGR,5303,acf:5304,NCLR,5304,1,adjacent_graphics_slots,False
,acf:5304,NCLR,5304,acf:5305,NCGR,5305,1,adjacent_graphics_slots,False
,acf:5305,NCGR,5305,acf:5306,NCLR,5306,1,adjacent_graphics_slots,False
,acf:5306,NCLR,5306,acf:5307,NCGR,5307,1,adjacent_graphics_slots,False
,acf:5307,NCGR,5307,acf:5308,NCLR,5308,1,adjacent_graphics_slots,False
,acf:5308,NCLR,5308,acf:5309,NCGR,5309,1,adjacent_graphics_slots,False
,acf:5309,NCGR,5309,acf:5310,NCLR,5310,1,adjacent_graphics_slots,False
,acf:5310,NCLR,5310,acf:5311,NCGR,5311,1,adjacent_graphics_slots,False
,acf:5311,NCGR,5311,acf:5312,NCLR,5312,1,adjacent_graphics_slots,False
,acf:5312,NCLR,5312,acf:5313,NCGR,5313,1,adjacent_graphics_slots,False
,acf:5313,NCGR,5313,acf:5314,NCLR,5314,1,adjacent_graphics_slots,False
,acf:5314,NCLR,5314,acf:5315,NCGR,5315,1,adjacent_graphics_slots,False
,acf:5315,NCGR,5315,acf:5316,NCLR,5316,1,adjacent_graphics_slots,False
,acf:5316,NCLR,5316,acf:5317,NCGR,5317,1,adjacent_graphics_slots,False
,acf:5317,NCGR,5317,acf:5318,NCLR,5318,1,adjacent_graphics_slots,False
,acf:5318,NCLR,5318,acf:5319,NCGR,5319,1,adjacent_graphics_slots,False
,acf:5319,NCGR,5319,acf:5320,NCLR,5320,1,adjacent_graphics_slots,False
,acf:5320,NCLR,5320,acf:5321,NCGR,5321,1,adjacent_graphics_slots,False
,acf:5321,NCGR,5321,acf:5322,NCLR,5322,1,adjacent_graphics_slots,False
,acf:5322,NCLR,5322,acf:5323,NCGR,5323,1,adjacent_graphics_slots,False
,acf:5323,NCGR,5323,acf:5324,NCLR,5324,1,adjacent_graphics_slots,False
,acf:5324,NCLR,5324,acf:5325,NCGR,5325,1,adjacent_graphics_slots,False
,acf:5325,NCGR,5325,acf:5326,NCLR,5326,1,adjacent_graphics_slots,False
,acf:5326,NCLR,5326,acf:5327,NCGR,5327,1,adjacent_graphics_slots,False
,acf:5327,NCGR,5327,acf:5328,NCLR,5328,1,adjacent_graphics_slots,False
,acf:5328,NCLR,5328,acf:5329,NCGR,5329,1,adjacent_graphics_slots,False
,acf:5329,NCGR,5329,acf:5330,NCLR,5330,1,adjacent_graphics_slots,False
,acf:5330,NCLR,5330,acf:5331,NCGR,5331,1,adjacent_graphics_slots,False
,acf:5331,NCGR,5331,acf:5332,NCLR,5332,1,adjacent_graphics_slots,False
,acf:5332,NCLR,5332,acf:5333,NCGR,5333,1,adjacent_graphics_slots,False
,acf:5333,NCGR,5333,acf:5334,NCLR,5334,1,adjacent_graphics_slots,False
,acf:5334,NCLR,5334,acf:5335,NCGR,5335,1,adjacent_graphics_slots,False
,acf:5335,NCGR,5335,acf:5336,NCLR,5336,1,adjacent_graphics_slots,False
,acf:5336,NCLR,5336,acf:5337,NCGR,5337,1,adjacent_graphics_slots,False
,acf:5337,NCGR,5337,acf:5338,NCLR,5338,1,adjacent_graphics_slots,False
,acf:5338,NCLR,5338,acf:5339,NCGR,5339,1,adjacent_graphics_slots,False
,acf:5339,NCGR,5339,acf:5340,NCLR,5340,1,adjacent_graphics_slots,False
,acf:5340,NCLR,5340,acf:5341,NCGR,5341,1,adjacent_graphics_slots,False
,acf:5341,NCGR,5341,acf:5342,NCLR,5342,1,adjacent_graphics_slots,False
,acf:5342,NCLR,5342,acf:5343,NCGR,5343,1,adjacent_graphics_slots,False
,acf:5343,NCGR,5343,acf:5344,NCLR,5344,1,adjacent_graphics_slots,False
,acf:5344,NCLR,5344,acf:5345,NCGR,5345,1,adjacent_graphics_slots,False
,acf:5345,NCGR,5345,acf:5346,NCLR,5346,1,adjacent_graphics_slots,False
,acf:5346,NCLR,5346,acf:5347,NCGR,5347,1,adjacent_graphics_slots,False
,acf:5347,NCGR,5347,acf:5348,NCLR,5348,1,adjacent_graphics_slots,False
,acf:5348,NCLR,5348,acf:5349,NCGR,5349,1,adjacent_graphics_slots,False
,acf:5349,NCGR,5349,acf:5350,NCLR,5350,1,adjacent_graphics_slots,False
,acf:5350,NCLR,5350,acf:5351,NCGR,5351,1,adjacent_graphics_slots,False
,acf:5351,NCGR,5351,acf:5352,NCLR,5352,1,adjacent_graphics_slots,False
,acf:5352,NCLR,5352,acf:5353,NCGR,5353,1,adjacent_graphics_slots,False
,acf:5353,NCGR,5353,acf:5354,NCLR,5354,1,adjacent_graphics_slots,False
,acf:5354,NCLR,5354,acf:5355,NCGR,5355,1,adjacent_graphics_slots,False
,acf:5355,NCGR,5355,acf:5356,NCLR,5356,1,adjacent_graphics_slots,False
,acf:5356,NCLR,5356,acf:5357,NCGR,5357,1,adjacent_graphics_slots,False
,acf:5357,NCGR,5357,acf:5358,NCLR,5358,1,adjacent_graphics_slots,False
,acf:5358,NCLR,5358,acf:5359,NCGR,5359,1,adjacent_graphics_slots,False
,acf:5359,NCGR,5359,acf:5360,NCLR,5360,1,adjacent_graphics_slots,False
,acf:5360,NCLR,5360,acf:5361,NCGR,5361,1,adjacent_graphics_slots,False
,acf:5361,NCGR,5361,acf:5362,NCLR,5362,1,adjacent_graphics_slots,False
,acf:5362,NCLR,5362,acf:5363,NCGR,5363,1,adjacent_graphics_slots,False
,acf:5363,NCGR,5363,acf:5364,NCLR,5364,1,adjacent_graphics_slots,False
,acf:5364,NCLR,5364,acf:5365,NCGR,5365,1,adjacent_graphics_slots,False
,acf:5365,NCGR,5365,acf:5366,NCLR,5366,1,adjacent_graphics_slots,False
,acf:5366,NCLR,5366,acf:5367,NCGR,5367,1,adjacent_graphics_slots,False
,acf:5367,NCGR,5367,acf:5368,NCLR,5368,1,adjacent_graphics_slots,False
,acf:5368,NCLR,5368,acf:5369,NCGR,5369,1,adjacent_graphics_slots,False
,acf:5369,NCGR,5369,acf:5370,NCLR,5370,1,adjacent_graphics_slots,False
,acf:5370,NCLR,5370,acf:5371,NCGR,5371,1,adjacent_graphics_slots,False
,acf:5371,NCGR,5371,acf:5372,NCLR,5372,1,adjacent_graphics_slots,False
,acf:5372,NCLR,5372,acf:5373,NCGR,5373,1,adjacent_graphics_slots,False
,acf:5373,NCGR,5373,acf:5374,NCLR,5374,1,adjacent_graphics_slots,False
,acf:5374,NCLR,5374,acf:5375,NCGR,5375,1,adjacent_graphics_slots,False
,acf:5375,NCGR,5375,acf:5376,NCLR,5376,1,adjacent_graphics_slots,False
,acf:5376,NCLR,5376,acf:5377,NCGR,5377,1,adjacent_graphics_slots,False
,acf:5377,NCGR,5377,acf:5378,NCLR,5378,1,adjacent_graphics_slots,False
,acf:5378,NCLR,5378,acf:5379,NCGR,5379,1,adjacent_graphics_slots,False
,acf:5379,NCGR,5379,acf:5380,NCLR,5380,1,adjacent_graphics_slots,False
,acf:5380,NCLR,5380,acf:5381,NCGR,5381,1,adjacent_graphics_slots,False
,acf:5381,NCGR,5381,acf:5382,NCLR,5382,1,adjacent_graphics_slots,False
,acf:5382,NCLR,5382,acf:5383,NCGR,5383,1,adjacent_graphics_slots,False
,acf:5383,NCGR,5383,acf:5384,NCLR,5384,1,adjacent_graphics_slots,False
,acf:5384,NCLR,5384,acf:5385,NCGR,5385,1,adjacent_graphics_slots,False
,acf:5385,NCGR,5385,acf:5386,NCLR,5386,1,adjacent_graphics_slots,False
,acf:5386,NCLR,5386,acf:5387,NCGR,5387,1,adjacent_graphics_slots,False
,acf:5387,NCGR,5387,acf:5388,NCLR,5388,1,adjacent_graphics_slots,False
,acf:5388,NCLR,5388,acf:5389,NCGR,5389,1,adjacent_graphics_slots,False
,acf:5389,NCGR,5389,acf:5390,NCLR,5390,1,adjacent_graphics_slots,False
,acf:5390,NCLR,5390,acf:5391,NCGR,5391,1,adjacent_graphics_slots,False
,acf:5391,NCGR,5391,acf:5392,NCLR,5392,1,adjacent_graphics_slots,False
,acf:5392,NCLR,5392,acf:5393,NCGR,5393,1,adjacent_graphics_slots,False
,acf:5393,NCGR,5393,acf:5394,NCLR,5394,1,adjacent_graphics_slots,False
,acf:5394,NCLR,5394,acf:5395,NCGR,5395,1,adjacent_graphics_slots,False
,acf:5395,NCGR,5395,acf:5396,NCLR,5396,1,adjacent_graphics_slots,False
,acf:5396,NCLR,5396,acf:5397,NCGR,5397,1,adjacent_graphics_slots,False
,acf:5397,NCGR,5397,acf:5398,NCLR,5398,1,adjacent_graphics_slots,False
,acf:5398,NCLR,5398,acf:5399,NCGR,5399,1,adjacent_graphics_slots,False
,acf:5399,NCGR,5399,acf:5400,NCLR,5400,1,adjacent_graphics_slots,False
,acf:5400,NCLR,5400,acf:5401,NCGR,5401,1,adjacent_graphics_slots,False
,acf:5401,NCGR,5401,acf:5402,NCLR,5402,1,adjacent_graphics_slots,False
,acf:5402,NCLR,5402,acf:5403,NCGR,5403,1,adjacent_graphics_slots,False
,acf:5403,NCGR,5403,acf:5404,NCLR,5404,1,adjacent_graphics_slots,False
,acf:5404,NCLR,5404,acf:5405,NCGR,5405,1,adjacent_graphics_slots,False
,acf:5405,NCGR,5405,acf:5406,NCLR,5406,1,adjacent_graphics_slots,False
,acf:5406,NCLR,5406,acf:5407,NCGR,5407,1,adjacent_graphics_slots,False
,acf:5407,NCGR,5407,acf:5408,NCLR,5408,1,adjacent_graphics_slots,False
,acf:5408,NCLR,5408,acf:5409,NCGR,5409,1,adjacent_graphics_slots,False
,acf:5409,NCGR,5409,acf:5410,NCLR,5410,1,adjacent_graphics_slots,False
,acf:5410,NCLR,5410,acf:5411,NCGR,5411,1,adjacent_graphics_slots,False
,acf:5411,NCGR,5411,acf:5412,NCLR,5412,1,adjacent_graphics_slots,False
,acf:5412,NCLR,5412,acf:5413,NCGR,5413,1,adjacent_graphics_slots,False
,acf:5413,NCGR,5413,acf:5414,NCLR,5414,1,adjacent_graphics_slots,False
,acf:5414,NCLR,5414,acf:5415,NCGR,5415,1,adjacent_graphics_slots,False
,acf:5415,NCGR,5415,acf:5416,NCLR,5416,1,adjacent_graphics_slots,False
,acf:5416,NCLR,5416,acf:5417,NCGR,5417,1,adjacent_graphics_slots,False
,acf:5417,NCGR,5417,acf:5418,NCLR,5418,1,adjacent_graphics_slots,False
,acf:5418,NCLR,5418,acf:5419,NCGR,5419,1,adjacent_graphics_slots,False
,acf:5419,NCGR,5419,acf:5420,NCLR,5420,1,adjacent_graphics_slots,False
,acf:5420,NCLR,5420,acf:5421,NCGR,5421,1,adjacent_graphics_slots,False
,acf:5421,NCGR,5421,acf:5422,NCLR,5422,1,adjacent_graphics_slots,False
,acf:5422,NCLR,5422,acf:5423,NCGR,5423,1,adjacent_graphics_slots,False
,acf:5423,NCGR,5423,acf:5424,NCLR,5424,1,adjacent_graphics_slots,False
,acf:5424,NCLR,5424,acf:5425,NCGR,5425,1,adjacent_graphics_slots,False
,acf:5425,NCGR,5425,acf:5426,NCLR,5426,1,adjacent_graphics_slots,False
,acf:5426,NCLR,5426,acf:5427,NCGR,5427,1,adjacent_graphics_slots,False
,acf:5427,NCGR,5427,acf:5428,NCLR,5428,1,adjacent_graphics_slots,False
,acf:5428,NCLR,5428,acf:5429,NCGR,5429,1,adjacent_graphics_slots,False
,acf:5429,NCGR,5429,acf:5430,NCLR,5430,1,adjacent_graphics_slots,False
,acf:5430,NCLR,5430,acf:5431,NCGR,5431,1,adjacent_graphics_slots,False
,acf:5431,NCGR,5431,acf:5432,NCLR,5432,1,adjacent_graphics_slots,False
,acf:5432,NCLR,5432,acf:5433,NCGR,5433,1,adjacent_graphics_slots,False
,acf:5433,NCGR,5433,acf:5434,NCLR,5434,1,adjacent_graphics_slots,False
,acf:5434,NCLR,5434,acf:5435,NCGR,5435,1,adjacent_graphics_slots,False
,acf:5435,NCGR,5435,acf:5436,NCLR,5436,1,adjacent_graphics_slots,False
,acf:5436,NCLR,5436,acf:5437,NCGR,5437,1,adjacent_graphics_slots,False
,acf:5437,NCGR,5437,acf:5438,NCLR,5438,1,adjacent_graphics_slots,False
,acf:5438,NCLR,5438,acf:5439,NCGR,5439,1,adjacent_graphics_slots,False
,acf:5439,NCGR,5439,acf:5440,NCLR,5440,1,adjacent_graphics_slots,False
,acf:5440,NCLR,5440,acf:5441,NCGR,5441,1,adjacent_graphics_slots,False
,acf:5441,NCGR,5441,acf:5442,NCLR,5442,1,adjacent_graphics_slots,False
,acf:5442,NCLR,5442,acf:5443,NCGR,5443,1,adjacent_graphics_slots,False
,acf:5443,NCGR,5443,acf:5444,NCLR,5444,1,adjacent_graphics_slots,False
,acf:5444,NCLR,5444,acf:5445,NCGR,5445,1,adjacent_graphics_slots,False
,acf:5445,NCGR,5445,acf:5446,NCLR,5446,1,adjacent_graphics_slots,False
,acf:5446,NCLR,5446,acf:5447,NCGR,5447,1,adjacent_graphics_slots,False
,acf:5447,NCGR,5447,acf:5448,NCLR,5448,1,adjacent_graphics_slots,False
,acf:5448,NCLR,5448,acf:5449,NCGR,5449,1,adjacent_graphics_slots,False
,acf:5449,NCGR,5449,acf:5450,NCLR,5450,1,adjacent_graphics_slots,False
,acf:5450,NCLR,5450,acf:5451,NCGR,5451,1,adjacent_graphics_slots,False
,acf:5451,NCGR,5451,acf:5452,NCLR,5452,1,adjacent_graphics_slots,False
,acf:5452,NCLR,5452,acf:5453,NCGR,5453,1,adjacent_graphics_slots,False
,acf:5453,NCGR,5453,acf:5454,NCLR,5454,1,adjacent_graphics_slots,False
,acf:5454,NCLR,5454,acf:5455,NCGR,5455,1,adjacent_graphics_slots,False
,acf:5455,NCGR,5455,acf:5456,NCLR,5456,1,adjacent_graphics_slots,False
,acf:5456,NCLR,5456,acf:5457,NCGR,5457,1,adjacent_graphics_slots,False
,acf:5457,NCGR,5457,acf:5458,NCLR,5458,1,adjacent_graphics_slots,False
,acf:5458,NCLR,5458,acf:5459,NCGR,5459,1,adjacent_graphics_slots,False
,acf:5459,NCGR,5459,acf:5460,NCLR,5460,1,adjacent_graphics_slots,False
,acf:5460,NCLR,5460,acf:5461,NCGR,5461,1,adjacent_graphics_slots,False
,acf:5461,NCGR,5461,acf:5462,NCLR,5462,1,adjacent_graphics_slots,False
,acf:5462,NCLR,5462,acf:5463,NCGR,5463,1,adjacent_graphics_slots,False
,acf:5463,NCGR,5463,acf:5464,NCLR,5464,1,adjacent_graphics_slots,False
,acf:5464,NCLR,5464,acf:5465,NCGR,5465,1,adjacent_graphics_slots,False
,acf:5465,NCGR,5465,acf:5466,NCLR,5466,1,adjacent_graphics_slots,False
,acf:5466,NCLR,5466,acf:5467,NCGR,5467,1,adjacent_graphics_slots,False
,acf:5467,NCGR,5467,acf:5468,NCLR,5468,1,adjacent_graphics_slots,False
,acf:5468,NCLR,5468,acf:5469,NCGR,5469,1,adjacent_graphics_slots,False
,acf:5469,NCGR,5469,acf:5470,NCLR,5470,1,adjacent_graphics_slots,False
,acf:5470,NCLR,5470,acf:5471,NCGR,5471,1,adjacent_graphics_slots,False
,acf:5471,NCGR,5471,acf:5472,NCLR,5472,1,adjacent_graphics_slots,False
,acf:5472,NCLR,5472,acf:5473,NCGR,5473,1,adjacent_graphics_slots,False
,acf:5473,NCGR,5473,acf:5474,NCLR,5474,1,adjacent_graphics_slots,False
,acf:5474,NCLR,5474,acf:5475,NCGR,5475,1,adjacent_graphics_slots,False
,acf:5475,NCGR,5475,acf:5476,NCLR,5476,1,adjacent_graphics_slots,False
,acf:5476,NCLR,5476,acf:5477,NCGR,5477,1,adjacent_graphics_slots,False
,acf:5477,NCGR,5477,acf:5478,NCLR,5478,1,adjacent_graphics_slots,False
,acf:5478,NCLR,5478,acf:5479,NCGR,5479,1,adjacent_graphics_slots,False
,acf:5479,NCGR,5479,acf:5480,NCLR,5480,1,adjacent_graphics_slots,False
,acf:5480,NCLR,5480,acf:5481,NCGR,5481,1,adjacent_graphics_slots,False
,acf:5481,NCGR,5481,acf:5482,NCLR,5482,1,adjacent_graphics_slots,False
,acf:5482,NCLR,5482,acf:5483,NCGR,5483,1,adjacent_graphics_slots,False
,acf:5483,NCGR,5483,acf:5484,NCLR,5484,1,adjacent_graphics_slots,False
,acf:5484,NCLR,5484,acf:5485,NCGR,5485,1,adjacent_graphics_slots,False
,acf:5485,NCGR,5485,acf:5486,NCLR,5486,1,adjacent_graphics_slots,False
,acf:5486,NCLR,5486,acf:5487,NCGR,5487,1,adjacent_graphics_slots,False
,acf:5487,NCGR,5487,acf:5488,NCLR,5488,1,adjacent_graphics_slots,False
,acf:5488,NCLR,5488,acf:5489,NCGR,5489,1,adjacent_graphics_slots,False
,acf:5489,NCGR,5489,acf:5490,NCLR,5490,1,adjacent_graphics_slots,False
,acf:5490,NCLR,5490,acf:5491,NCGR,5491,1,adjacent_graphics_slots,False
,acf:5491,NCGR,5491,acf:5492,NCLR,5492,1,adjacent_graphics_slots,False
,acf:5492,NCLR,5492,acf:5493,NCGR,5493,1,adjacent_graphics_slots,False
,acf:5493,NCGR,5493,acf:5494,NCLR,5494,1,adjacent_graphics_slots,False
,acf:5494,NCLR,5494,acf:5495,NCGR,5495,1,adjacent_graphics_slots,False
,acf:5495,NCGR,5495,acf:5496,NCLR,5496,1,adjacent_graphics_slots,False
,acf:5496,NCLR,5496,acf:5497,NCGR,5497,1,adjacent_graphics_slots,False
,acf:5497,NCGR,5497,acf:5498,NCLR,5498,1,adjacent_graphics_slots,False
,acf:5498,NCLR,5498,acf:5499,NCGR,5499,1,adjacent_graphics_slots,False
,acf:5499,NCGR,5499,acf:5500,NCLR,5500,1,adjacent_graphics_slots,False
,acf:5500,NCLR,5500,acf:5501,NCGR,5501,1,adjacent_graphics_slots,False
,acf:5501,NCGR,5501,acf:5502,NCLR,5502,1,adjacent_graphics_slots,False
,acf:5502,NCLR,5502,acf:5503,NCGR,5503,1,adjacent_graphics_slots,False
,acf:5503,NCGR,5503,acf:5504,NCLR,5504,1,adjacent_graphics_slots,False
,acf:5504,NCLR,5504,acf:5505,NCGR,5505,1,adjacent_graphics_slots,False
,acf:5505,NCGR,5505,acf:5506,NCLR,5506,1,adjacent_graphics_slots,False
,acf:5506,NCLR,5506,acf:5507,NCGR,5507,1,adjacent_graphics_slots,False
,acf:5507,NCGR,5507,acf:5508,NCLR,5508,1,adjacent_graphics_slots,False
,acf:5508,NCLR,5508,acf:5509,NCGR,5509,1,adjacent_graphics_slots,False
,acf:5509,NCGR,5509,acf:5510,NCLR,5510,1,adjacent_graphics_slots,False
,acf:5510,NCLR,5510,acf:5511,NCGR,5511,1,adjacent_graphics_slots,False
,acf:5511,NCGR,5511,acf:5512,NCLR,5512,1,adjacent_graphics_slots,False
,acf:5512,NCLR,5512,acf:5513,NCGR,5513,1,adjacent_graphics_slots,False
,acf:5513,NCGR,5513,acf:5514,NCLR,5514,1,adjacent_graphics_slots,False
,acf:5514,NCLR,5514,acf:5515,NCGR,5515,1,adjacent_graphics_slots,False
,acf:5515,NCGR,5515,acf:5516,NCLR,5516,1,adjacent_graphics_slots,False
,acf:5516,NCLR,5516,acf:5517,NCGR,5517,1,adjacent_graphics_slots,False
,acf:5517,NCGR,5517,acf:5518,NCLR,5518,1,adjacent_graphics_slots,False
,acf:5518,NCLR,5518,acf:5519,NCGR,5519,1,adjacent_graphics_slots,False
,acf:5519,NCGR,5519,acf:5520,NCLR,5520,1,adjacent_graphics_slots,False
,acf:5520,NCLR,5520,acf:5521,NCGR,5521,1,adjacent_graphics_slots,False
,acf:5521,NCGR,5521,acf:5522,NCLR,5522,1,adjacent_graphics_slots,False
,acf:5522,NCLR,5522,acf:5523,NCGR,5523,1,adjacent_graphics_slots,False
,acf:5523,NCGR,5523,acf:5524,NCLR,5524,1,adjacent_graphics_slots,False
,acf:5524,NCLR,5524,acf:5525,NCGR,5525,1,adjacent_graphics_slots,False
,acf:5525,NCGR,5525,acf:5526,NCLR,5526,1,adjacent_graphics_slots,False
,acf:5526,NCLR,5526,acf:5527,NCGR,5527,1,adjacent_graphics_slots,False
,acf:5527,NCGR,5527,acf:5528,NCLR,5528,1,adjacent_graphics_slots,False
,acf:5528,NCLR,5528,acf:5529,NCGR,5529,1,adjacent_graphics_slots,False
,acf:5529,NCGR,5529,acf:5530,NCLR,5530,1,adjacent_graphics_slots,False
,acf:5530,NCLR,5530,acf:5531,NCGR,5531,1,adjacent_graphics_slots,False
,acf:5531,NCGR,5531,acf:5532,NCLR,5532,1,adjacent_graphics_slots,False
,acf:5532,NCLR,5532,acf:5533,NCGR,5533,1,adjacent_graphics_slots,False
,acf:5533,NCGR,5533,acf:5534,NCLR,5534,1,adjacent_graphics_slots,False
,acf:5534,NCLR,5534,acf:5535,NCGR,5535,1,adjacent_graphics_slots,False
,acf:5535,NCGR,5535,acf:5536,NCLR,5536,1,adjacent_graphics_slots,False
,acf:5536,NCLR,5536,acf:5537,NCGR,5537,1,adjacent_graphics_slots,False
,acf:5537,NCGR,5537,acf:5538,NCLR,5538,1,adjacent_graphics_slots,False
,acf:5538,NCLR,5538,acf:5539,NCGR,5539,1,adjacent_graphics_slots,False
,acf:5539,NCGR,5539,acf:5540,NCLR,5540,1,adjacent_graphics_slots,False
,acf:5540,NCLR,5540,acf:5541,NCGR,5541,1,adjacent_graphics_slots,False
,acf:5541,NCGR,5541,acf:5542,NCLR,5542,1,adjacent_graphics_slots,False
,acf:5542,NCLR,5542,acf:5543,NCGR,5543,1,adjacent_graphics_slots,False
,acf:5543,NCGR,5543,acf:5544,NCLR,5544,1,adjacent_graphics_slots,False
,acf:5544,NCLR,5544,acf:5545,NCGR,5545,1,adjacent_graphics_slots,False
,acf:5545,NCGR,5545,acf:5546,NCLR,5546,1,adjacent_graphics_slots,False
,acf:5546,NCLR,5546,acf:5547,NCGR,5547,1,adjacent_graphics_slots,False
,acf:5547,NCGR,5547,acf:5548,NCLR,5548,1,adjacent_graphics_slots,False
,acf:5548,NCLR,5548,acf:5549,NCGR,5549,1,adjacent_graphics_slots,False
,acf:5549,NCGR,5549,acf:5550,NCLR,5550,1,adjacent_graphics_slots,False
,acf:5550,NCLR,5550,acf:5551,NCGR,5551,1,adjacent_graphics_slots,False
,acf:5551,NCGR,5551,acf:5552,NCLR,5552,1,adjacent_graphics_slots,False
,acf:5552,NCLR,5552,acf:5553,NCGR,5553,1,adjacent_graphics_slots,False
,acf:5553,NCGR,5553,acf:5554,NCLR,5554,1,adjacent_graphics_slots,False
,acf:5554,NCLR,5554,acf:5555,NCGR,5555,1,adjacent_graphics_slots,False
,acf:5555,NCGR,5555,acf:5556,NCLR,5556,1,adjacent_graphics_slots,False
,acf:5556,NCLR,5556,acf:5557,NCGR,5557,1,adjacent_graphics_slots,False
,acf:5557,NCGR,5557,acf:5558,NCLR,5558,1,adjacent_graphics_slots,False
,acf:5558,NCLR,5558,acf:5559,NCGR,5559,1,adjacent_graphics_slots,False
,acf:5559,NCGR,5559,acf:5560,NCLR,5560,1,adjacent_graphics_slots,False
,acf:5560,NCLR,5560,acf:5561,NCGR,5561,1,adjacent_graphics_slots,False
,acf:5561,NCGR,5561,acf:5562,NCLR,5562,1,adjacent_graphics_slots,False
,acf:5562,NCLR,5562,acf:5563,NCGR,5563,1,adjacent_graphics_slots,False
,acf:5563,NCGR,5563,acf:5564,NCLR,5564,1,adjacent_graphics_slots,False
,acf:5564,NCLR,5564,acf:5565,NCGR,5565,1,adjacent_graphics_slots,False
,acf:5565,NCGR,5565,acf:5566,NCLR,5566,1,adjacent_graphics_slots,False
,acf:5566,NCLR,5566,acf:5567,NCGR,5567,1,adjacent_graphics_slots,False
,acf:5567,NCGR,5567,acf:5568,NCLR,5568,1,adjacent_graphics_slots,False
,acf:5568,NCLR,5568,acf:5569,NCGR,5569,1,adjacent_graphics_slots,False
,acf:5569,NCGR,5569,acf:5570,NCLR,5570,1,adjacent_graphics_slots,False
,acf:5570,NCLR,5570,acf:5571,NCGR,5571,1,adjacent_graphics_slots,False
,acf:5571,NCGR,5571,acf:5572,NCLR,5572,1,adjacent_graphics_slots,False
,acf:5572,NCLR,5572,acf:5573,NCGR,5573,1,adjacent_graphics_slots,False
,acf:5573,NCGR,5573,acf:5574,NCLR,5574,1,adjacent_graphics_slots,False
,acf:5574,NCLR,5574,acf:5575,NCGR,5575,1,adjacent_graphics_slots,False
,acf:5575,NCGR,5575,acf:5576,NCLR,5576,1,adjacent_graphics_slots,False
,acf:5576,NCLR,5576,acf:5577,NCGR,5577,1,adjacent_graphics_slots,False
,acf:5577,NCGR,5577,acf:5578,NCLR,5578,1,adjacent_graphics_slots,False
,acf:5578,NCLR,5578,acf:5579,NCGR,5579,1,adjacent_graphics_slots,False
,acf:5579,NCGR,5579,acf:5580,NCLR,5580,1,adjacent_graphics_slots,False
,acf:5580,NCLR,5580,acf:5581,NCGR,5581,1,adjacent_graphics_slots,False
,acf:5581,NCGR,5581,acf:5582,NCLR,5582,1,adjacent_graphics_slots,False
,acf:5582,NCLR,5582,acf:5583,NCGR,5583,1,adjacent_graphics_slots,False
,acf:5583,NCGR,5583,acf:5584,NCLR,5584,1,adjacent_graphics_slots,False
,acf:5584,NCLR,5584,acf:5585,NCGR,5585,1,adjacent_graphics_slots,False
,acf:5585,NCGR,5585,acf:5586,NCLR,5586,1,adjacent_graphics_slots,False
,acf:5586,NCLR,5586,acf:5587,NCGR,5587,1,adjacent_graphics_slots,False
,acf:5587,NCGR,5587,acf:5588,NCLR,5588,1,adjacent_graphics_slots,False
,acf:5588,NCLR,5588,acf:5589,NCGR,5589,1,adjacent_graphics_slots,False
,acf:5589,NCGR,5589,acf:5590,NCLR,5590,1,adjacent_graphics_slots,False
,acf:5590,NCLR,5590,acf:5591,NCGR,5591,1,adjacent_graphics_slots,False
,acf:5591,NCGR,5591,acf:5592,NCLR,5592,1,adjacent_graphics_slots,False
,acf:5592,NCLR,5592,acf:5593,NCGR,5593,1,adjacent_graphics_slots,False
,acf:5593,NCGR,5593,acf:5594,NCLR,5594,1,adjacent_graphics_slots,False
,acf:5594,NCLR,5594,acf:5595,NCGR,5595,1,adjacent_graphics_slots,False
,acf:5595,NCGR,5595,acf:5596,NCLR,5596,1,adjacent_graphics_slots,False
,acf:5596,NCLR,5596,acf:5597,NCGR,5597,1,adjacent_graphics_slots,False
,acf:5597,NCGR,5597,acf:5598,NCLR,5598,1,adjacent_graphics_slots,False
,acf:5598,NCLR,5598,acf:5599,NCGR,5599,1,adjacent_graphics_slots,False
,acf:5599,NCGR,5599,acf:5600,NCLR,5600,1,adjacent_graphics_slots,False
,acf:5600,NCLR,5600,acf:5601,NCGR,5601,1,adjacent_graphics_slots,False
,acf:5601,NCGR,5601,acf:5602,NCLR,5602,1,adjacent_graphics_slots,False
,acf:5602,NCLR,5602,acf:5603,NCGR,5603,1,adjacent_graphics_slots,False
,acf:5603,NCGR,5603,acf:5604,NCLR,5604,1,adjacent_graphics_slots,False
,acf:5604,NCLR,5604,acf:5605,NCGR,5605,1,adjacent_graphics_slots,False
,acf:5605,NCGR,5605,acf:5606,NCLR,5606,1,adjacent_graphics_slots,False
,acf:5606,NCLR,5606,acf:5607,NCGR,5607,1,adjacent_graphics_slots,False
,acf:5607,NCGR,5607,acf:5608,NCLR,5608,1,adjacent_graphics_slots,False
,acf:5608,NCLR,5608,acf:5609,NCGR,5609,1,adjacent_graphics_slots,False
,acf:5609,NCGR,5609,acf:5610,NCLR,5610,1,adjacent_graphics_slots,False
,acf:5610,NCLR,5610,acf:5611,NCGR,5611,1,adjacent_graphics_slots,False
,acf:5611,NCGR,5611,acf:5612,NCLR,5612,1,adjacent_graphics_slots,False
,acf:5612,NCLR,5612,acf:5613,NCGR,5613,1,adjacent_graphics_slots,False
,acf:5613,NCGR,5613,acf:5614,NCLR,5614,1,adjacent_graphics_slots,False
,acf:5614,NCLR,5614,acf:5615,NCGR,5615,1,adjacent_graphics_slots,False
,acf:5615,NCGR,5615,acf:5616,NCLR,5616,1,adjacent_graphics_slots,False
,acf:5616,NCLR,5616,acf:5617,NCGR,5617,1,adjacent_graphics_slots,False
,acf:5617,NCGR,5617,acf:5618,NCLR,5618,1,adjacent_graphics_slots,False
,acf:5618,NCLR,5618,acf:5619,NCGR,5619,1,adjacent_graphics_slots,False
,acf:5619,NCGR,5619,acf:5620,NCLR,5620,1,adjacent_graphics_slots,False
,acf:5620,NCLR,5620,acf:5621,NCGR,5621,1,adjacent_graphics_slots,False
,acf:5621,NCGR,5621,acf:5622,NCLR,5622,1,adjacent_graphics_slots,False
,acf:5622,NCLR,5622,acf:5623,NCGR,5623,1,adjacent_graphics_slots,False
,acf:5623,NCGR,5623,acf:5624,NCLR,5624,1,adjacent_graphics_slots,False
,acf:5624,NCLR,5624,acf:5625,NCGR,5625,1,adjacent_graphics_slots,False
,acf:5625,NCGR,5625,acf:5626,NCLR,5626,1,adjacent_graphics_slots,False
,acf:5626,NCLR,5626,acf:5627,NCGR,5627,1,adjacent_graphics_slots,False
,acf:5627,NCGR,5627,acf:5628,NCLR,5628,1,adjacent_graphics_slots,False
,acf:5628,NCLR,5628,acf:5629,NCGR,5629,1,adjacent_graphics_slots,False
,acf:5629,NCGR,5629,acf:5630,NCLR,5630,1,adjacent_graphics_slots,False
,acf:5630,NCLR,5630,acf:5631,NCGR,5631,1,adjacent_graphics_slots,False
,acf:5631,NCGR,5631,acf:5632,NCLR,5632,1,adjacent_graphics_slots,False
,acf:5632,NCLR,5632,acf:5633,NCGR,5633,1,adjacent_graphics_slots,False
,acf:5633,NCGR,5633,acf:5634,NCLR,5634,1,adjacent_graphics_slots,False
,acf:5634,NCLR,5634,acf:5635,NCGR,5635,1,adjacent_graphics_slots,False
,acf:5635,NCGR,5635,acf:5636,NCLR,5636,1,adjacent_graphics_slots,False
,acf:5636,NCLR,5636,acf:5637,NCGR,5637,1,adjacent_graphics_slots,False
,acf:5637,NCGR,5637,acf:5638,NCLR,5638,1,adjacent_graphics_slots,False
,acf:5638,NCLR,5638,acf:5639,NCGR,5639,1,adjacent_graphics_slots,False
,acf:5639,NCGR,5639,acf:5640,NCLR,5640,1,adjacent_graphics_slots,False
,acf:5640,NCLR,5640,acf:5641,NCGR,5641,1,adjacent_graphics_slots,False
,acf:5641,NCGR,5641,acf:5642,NCLR,5642,1,adjacent_graphics_slots,False
,acf:5642,NCLR,5642,acf:5643,NCGR,5643,1,adjacent_graphics_slots,False
,acf:5643,NCGR,5643,acf:5644,NCLR,5644,1,adjacent_graphics_slots,False
,acf:5644,NCLR,5644,acf:5645,NCGR,5645,1,adjacent_graphics_slots,False
,acf:5645,NCGR,5645,acf:5646,NCLR,5646,1,adjacent_graphics_slots,False
,acf:5646,NCLR,5646,acf:5647,NCGR,5647,1,adjacent_graphics_slots,False
,acf:5647,NCGR,5647,acf:5648,NCLR,5648,1,adjacent_graphics_slots,False
,acf:5648,NCLR,5648,acf:5649,NCGR,5649,1,adjacent_graphics_slots,False
,acf:5649,NCGR,5649,acf:5650,NCLR,5650,1,adjacent_graphics_slots,False
,acf:5650,NCLR,5650,acf:5651,NCGR,5651,1,adjacent_graphics_slots,False
,acf:5651,NCGR,5651,acf:5652,NCLR,5652,1,adjacent_graphics_slots,False
,acf:5652,NCLR,5652,acf:5653,NCGR,5653,1,adjacent_graphics_slots,False
,acf:5653,NCGR,5653,acf:5654,NCLR,5654,1,adjacent_graphics_slots,False
,acf:5654,NCLR,5654,acf:5655,NCGR,5655,1,adjacent_graphics_slots,False
,acf:5655,NCGR,5655,acf:5656,NCLR,5656,1,adjacent_graphics_slots,False
,acf:5656,NCLR,5656,acf:5657,NCGR,5657,1,adjacent_graphics_slots,False
,acf:5657,NCGR,5657,acf:5658,NCLR,5658,1,adjacent_graphics_slots,False
,acf:5658,NCLR,5658,acf:5659,NCGR,5659,1,adjacent_graphics_slots,False
,acf:5659,NCGR,5659,acf:5660,NCLR,5660,1,adjacent_graphics_slots,False
,acf:5660,NCLR,5660,acf:5661,NCGR,5661,1,adjacent_graphics_slots,False
,acf:5661,NCGR,5661,acf:5662,NCLR,5662,1,adjacent_graphics_slots,False
,acf:5662,NCLR,5662,acf:5663,NCGR,5663,1,adjacent_graphics_slots,False
,acf:5663,NCGR,5663,acf:5664,NCLR,5664,1,adjacent_graphics_slots,False
,acf:5664,NCLR,5664,acf:5665,NCGR,5665,1,adjacent_graphics_slots,False
,acf:5665,NCGR,5665,acf:5666,NCLR,5666,1,adjacent_graphics_slots,False
,acf:5666,NCLR,5666,acf:5667,NCGR,5667,1,adjacent_graphics_slots,False
,acf:5667,NCGR,5667,acf:5668,NCLR,5668,1,adjacent_graphics_slots,False
,acf:5668,NCLR,5668,acf:5669,NCGR,5669,1,adjacent_graphics_slots,False
,acf:5669,NCGR,5669,acf:5670,NCLR,5670,1,adjacent_graphics_slots,False
,acf:5670,NCLR,5670,acf:5671,NCGR,5671,1,adjacent_graphics_slots,False
,acf:5671,NCGR,5671,acf:5672,NCLR,5672,1,adjacent_graphics_slots,False
,acf:5672,NCLR,5672,acf:5673,NCGR,5673,1,adjacent_graphics_slots,False
,acf:5673,NCGR,5673,acf:5674,NCLR,5674,1,adjacent_graphics_slots,False
,acf:5674,NCLR,5674,acf:5675,NCGR,5675,1,adjacent_graphics_slots,False
,acf:5675,NCGR,5675,acf:5676,NCLR,5676,1,adjacent_graphics_slots,False
,acf:5676,NCLR,5676,acf:5677,NCGR,5677,1,adjacent_graphics_slots,False
,acf:5677,NCGR,5677,acf:5678,NCLR,5678,1,adjacent_graphics_slots,False
,acf:5678,NCLR,5678,acf:5679,NCGR,5679,1,adjacent_graphics_slots,False
,acf:5679,NCGR,5679,acf:5680,NCLR,5680,1,adjacent_graphics_slots,False
,acf:5680,NCLR,5680,acf:5681,NCGR,5681,1,adjacent_graphics_slots,False
,acf:5681,NCGR,5681,acf:5682,NCLR,5682,1,adjacent_graphics_slots,False
,acf:5682,NCLR,5682,acf:5683,NCGR,5683,1,adjacent_graphics_slots,False
,acf:5683,NCGR,5683,acf:5684,NCLR,5684,1,adjacent_graphics_slots,False
,acf:5684,NCLR,5684,acf:5685,NCGR,5685,1,adjacent_graphics_slots,False
,acf:5685,NCGR,5685,acf:5686,NCLR,5686,1,adjacent_graphics_slots,False
,acf:5686,NCLR,5686,acf:5687,NCGR,5687,1,adjacent_graphics_slots,False
,acf:5687,NCGR,5687,acf:5688,NCLR,5688,1,adjacent_graphics_slots,False
,acf:5688,NCLR,5688,acf:5689,NCGR,5689,1,adjacent_graphics_slots,False
,acf:5689,NCGR,5689,acf:5690,NCLR,5690,1,adjacent_graphics_slots,False
,acf:5690,NCLR,5690,acf:5691,NCGR,5691,1,adjacent_graphics_slots,False
,acf:5691,NCGR,5691,acf:5692,NCLR,5692,1,adjacent_graphics_slots,False
,acf:5692,NCLR,5692,acf:5693,NCGR,5693,1,adjacent_graphics_slots,False
,acf:5693,NCGR,5693,acf:5694,NCLR,5694,1,adjacent_graphics_slots,False
,acf:5694,NCLR,5694,acf:5695,NCGR,5695,1,adjacent_graphics_slots,False
,acf:5695,NCGR,5695,acf:5696,NCLR,5696,1,adjacent_graphics_slots,False
,acf:5696,NCLR,5696,acf:5697,NCGR,5697,1,adjacent_graphics_slots,False
,acf:5697,NCGR,5697,acf:5698,NCLR,5698,1,adjacent_graphics_slots,False
,acf:5698,NCLR,5698,acf:5699,NCGR,5699,1,adjacent_graphics_slots,False
,acf:5699,NCGR,5699,acf:5700,NCLR,5700,1,adjacent_graphics_slots,False
,acf:5700,NCLR,5700,acf:5701,NCGR,5701,1,adjacent_graphics_slots,False
,acf:5701,NCGR,5701,acf:5702,NCLR,5702,1,adjacent_graphics_slots,False
,acf:5702,NCLR,5702,acf:5703,NCGR,5703,1,adjacent_graphics_slots,False
,acf:5703,NCGR,5703,acf:5704,NCLR,5704,1,adjacent_graphics_slots,False
,acf:5704,NCLR,5704,acf:5705,NCGR,5705,1,adjacent_graphics_slots,False
,acf:5705,NCGR,5705,acf:5706,NCLR,5706,1,adjacent_graphics_slots,False
,acf:5706,NCLR,5706,acf:5707,NCGR,5707,1,adjacent_graphics_slots,False
,acf:5707,NCGR,5707,acf:5708,NCLR,5708,1,adjacent_graphics_slots,False
,acf:5708,NCLR,5708,acf:5709,NCGR,5709,1,adjacent_graphics_slots,False
,acf:5709,NCGR,5709,acf:5710,NCLR,5710,1,adjacent_graphics_slots,False
,acf:5710,NCLR,5710,acf:5711,NCGR,5711,1,adjacent_graphics_slots,False
,acf:5711,NCGR,5711,acf:5712,NCLR,5712,1,adjacent_graphics_slots,False
,acf:5712,NCLR,5712,acf:5713,NCGR,5713,1,adjacent_graphics_slots,False
,acf:5713,NCGR,5713,acf:5714,NCLR,5714,1,adjacent_graphics_slots,False
,acf:5714,NCLR,5714,acf:5715,NCGR,5715,1,adjacent_graphics_slots,False
,acf:5715,NCGR,5715,acf:5716,NCLR,5716,1,adjacent_graphics_slots,False
,acf:5716,NCLR,5716,acf:5717,NCGR,5717,1,adjacent_graphics_slots,False
,acf:5717,NCGR,5717,acf:5718,NCLR,5718,1,adjacent_graphics_slots,False
,acf:5718,NCLR,5718,acf:5719,NCGR,5719,1,adjacent_graphics_slots,False
,acf:5719,NCGR,5719,acf:5720,NCLR,5720,1,adjacent_graphics_slots,False
,acf:5720,NCLR,5720,acf:5721,NCGR,5721,1,adjacent_graphics_slots,False
,acf:5721,NCGR,5721,acf:5722,NCLR,5722,1,adjacent_graphics_slots,False
,acf:5722,NCLR,5722,acf:5723,NCGR,5723,1,adjacent_graphics_slots,False
,acf:5723,NCGR,5723,acf:5724,NCLR,5724,1,adjacent_graphics_slots,False
,acf:5724,NCLR,5724,acf:5725,NCGR,5725,1,adjacent_graphics_slots,False
,acf:5725,NCGR,5725,acf:5726,NCLR,5726,1,adjacent_graphics_slots,False
,acf:5726,NCLR,5726,acf:5727,NCGR,5727,1,adjacent_graphics_slots,False
,acf:5727,NCGR,5727,acf:5728,NCLR,5728,1,adjacent_graphics_slots,False
,acf:5728,NCLR,5728,acf:5729,NCGR,5729,1,adjacent_graphics_slots,False
,acf:5729,NCGR,5729,acf:5730,NCLR,5730,1,adjacent_graphics_slots,False
,acf:5730,NCLR,5730,acf:5731,NCGR,5731,1,adjacent_graphics_slots,False
,acf:5731,NCGR,5731,acf:5732,NCLR,5732,1,adjacent_graphics_slots,False
,acf:5732,NCLR,5732,acf:5733,NCGR,5733,1,adjacent_graphics_slots,False
,acf:5733,NCGR,5733,acf:5734,NCLR,5734,1,adjacent_graphics_slots,False
,acf:5734,NCLR,5734,acf:5735,NCGR,5735,1,adjacent_graphics_slots,False
,acf:5735,NCGR,5735,acf:5736,NCLR,5736,1,adjacent_graphics_slots,False
,acf:5736,NCLR,5736,acf:5737,NCGR,5737,1,adjacent_graphics_slots,False
,acf:5737,NCGR,5737,acf:5738,NCLR,5738,1,adjacent_graphics_slots,False
,acf:5738,NCLR,5738,acf:5739,NCGR,5739,1,adjacent_graphics_slots,False
,acf:5739,NCGR,5739,acf:5740,NCLR,5740,1,adjacent_graphics_slots,False
,acf:5740,NCLR,5740,acf:5741,NCGR,5741,1,adjacent_graphics_slots,False
,acf:5741,NCGR,5741,acf:5742,NCLR,5742,1,adjacent_graphics_slots,False
,acf:5742,NCLR,5742,acf:5743,NCGR,5743,1,adjacent_graphics_slots,False
,acf:5743,NCGR,5743,acf:5744,NCLR,5744,1,adjacent_graphics_slots,False
,acf:5744,NCLR,5744,acf:5745,NCGR,5745,1,adjacent_graphics_slots,False
,acf:5745,NCGR,5745,acf:5746,NCLR,5746,1,adjacent_graphics_slots,False
,acf:5746,NCLR,5746,acf:5747,NCGR,5747,1,adjacent_graphics_slots,False
,acf:5747,NCGR,5747,acf:5748,NCLR,5748,1,adjacent_graphics_slots,False
,acf:5748,NCLR,5748,acf:5749,NCGR,5749,1,adjacent_graphics_slots,False
,acf:5749,NCGR,5749,acf:5750,NCLR,5750,1,adjacent_graphics_slots,False
,acf:5750,NCLR,5750,acf:5751,NCGR,5751,1,adjacent_graphics_slots,False
,acf:5751,NCGR,5751,acf:5752,NCLR,5752,1,adjacent_graphics_slots,False
,acf:5752,NCLR,5752,acf:5753,NCGR,5753,1,adjacent_graphics_slots,False
,acf:5753,NCGR,5753,acf:5754,NCLR,5754,1,adjacent_graphics_slots,False
,acf:5754,NCLR,5754,acf:5755,NCGR,5755,1,adjacent_graphics_slots,False
,acf:5755,NCGR,5755,acf:5756,NCLR,5756,1,adjacent_graphics_slots,False
,acf:5756,NCLR,5756,acf:5757,NCGR,5757,1,adjacent_graphics_slots,False
,acf:5757,NCGR,5757,acf:5758,NCLR,5758,1,adjacent_graphics_slots,False
,acf:5758,NCLR,5758,acf:5759,NCGR,5759,1,adjacent_graphics_slots,False
,acf:5759,NCGR,5759,acf:5760,NCLR,5760,1,adjacent_graphics_slots,False
,acf:5760,NCLR,5760,acf:5761,NCGR,5761,1,adjacent_graphics_slots,False
,acf:5761,NCGR,5761,acf:5762,NCLR,5762,1,adjacent_graphics_slots,False
,acf:5762,NCLR,5762,acf:5763,NCGR,5763,1,adjacent_graphics_slots,False
,acf:5763,NCGR,5763,acf:5764,NCLR,5764,1,adjacent_graphics_slots,False
,acf:5764,NCLR,5764,acf:5765,NCGR,5765,1,adjacent_graphics_slots,False
,acf:5765,NCGR,5765,acf:5766,NCLR,5766,1,adjacent_graphics_slots,False
,acf:5766,NCLR,5766,acf:5767,NCGR,5767,1,adjacent_graphics_slots,False
,acf:5767,NCGR,5767,acf:5768,NCLR,5768,1,adjacent_graphics_slots,False
,acf:5768,NCLR,5768,acf:5769,NCGR,5769,1,adjacent_graphics_slots,False
,acf:5769,NCGR,5769,acf:5770,NCLR,5770,1,adjacent_graphics_slots,False
,acf:5770,NCLR,5770,acf:5771,NCGR,5771,1,adjacent_graphics_slots,False
,acf:5771,NCGR,5771,acf:5772,NCLR,5772,1,adjacent_graphics_slots,False
,acf:5772,NCLR,5772,acf:5773,NCGR,5773,1,adjacent_graphics_slots,False
,acf:5773,NCGR,5773,acf:5774,NCLR,5774,1,adjacent_graphics_slots,False
,acf:5774,NCLR,5774,acf:5775,NCGR,5775,1,adjacent_graphics_slots,False
,acf:5775,NCGR,5775,acf:5776,NCLR,5776,1,adjacent_graphics_slots,False
,acf:5776,NCLR,5776,acf:5777,NCGR,5777,1,adjacent_graphics_slots,False
,acf:5777,NCGR,5777,acf:5778,NCLR,5778,1,adjacent_graphics_slots,False
,acf:5778,NCLR,5778,acf:5779,NCGR,5779,1,adjacent_graphics_slots,False
,acf:5779,NCGR,5779,acf:5780,NCLR,5780,1,adjacent_graphics_slots,False
,acf:5780,NCLR,5780,acf:5781,NCGR,5781,1,adjacent_graphics_slots,False
,acf:5781,NCGR,5781,acf:5782,NCLR,5782,1,adjacent_graphics_slots,False
,acf:5782,NCLR,5782,acf:5783,NCGR,5783,1,adjacent_graphics_slots,False
,acf:5783,NCGR,5783,acf:5784,NCLR,5784,1,adjacent_graphics_slots,False
,acf:5784,NCLR,5784,acf:5785,NCGR,5785,1,adjacent_graphics_slots,False
,acf:5785,NCGR,5785,acf:5786,NCLR,5786,1,adjacent_graphics_slots,False
,acf:5786,NCLR,5786,acf:5787,NCGR,5787,1,adjacent_graphics_slots,False
,acf:5787,NCGR,5787,acf:5788,NCLR,5788,1,adjacent_graphics_slots,False
,acf:5788,NCLR,5788,acf:5789,NCGR,5789,1,adjacent_graphics_slots,False
,acf:5789,NCGR,5789,acf:5790,NCLR,5790,1,adjacent_graphics_slots,False
,acf:5790,NCLR,5790,acf:5791,NCGR,5791,1,adjacent_graphics_slots,False
,acf:5791,NCGR,5791,acf:5792,NCLR,5792,1,adjacent_graphics_slots,False
,acf:5792,NCLR,5792,acf:5793,NCGR,5793,1,adjacent_graphics_slots,False
,acf:5793,NCGR,5793,acf:5794,NCLR,5794,1,adjacent_graphics_slots,False
,acf:5794,NCLR,5794,acf:5795,NCGR,5795,1,adjacent_graphics_slots,False
,acf:5795,NCGR,5795,acf:5796,NCLR,5796,1,adjacent_graphics_slots,False
,acf:5796,NCLR,5796,acf:5797,NCGR,5797,1,adjacent_graphics_slots,False
,acf:5797,NCGR,5797,acf:5798,NCLR,5798,1,adjacent_graphics_slots,False
,acf:5798,NCLR,5798,acf:5799,NCGR,5799,1,adjacent_graphics_slots,False
,acf:5799,NCGR,5799,acf:5800,NCLR,5800,1,adjacent_graphics_slots,False
,acf:5800,NCLR,5800,acf:5801,NCGR,5801,1,adjacent_graphics_slots,False
,acf:5801,NCGR,5801,acf:5802,NCLR,5802,1,adjacent_graphics_slots,False
,acf:5802,NCLR,5802,acf:5803,NCGR,5803,1,adjacent_graphics_slots,False
,acf:5803,NCGR,5803,acf:5804,NCLR,5804,1,adjacent_graphics_slots,False
,acf:5804,NCLR,5804,acf:5805,NCGR,5805,1,adjacent_graphics_slots,False
,acf:5805,NCGR,5805,acf:5806,NCLR,5806,1,adjacent_graphics_slots,False
,acf:5806,NCLR,5806,acf:5807,NCGR,5807,1,adjacent_graphics_slots,False
,acf:5807,NCGR,5807,acf:5808,NCLR,5808,1,adjacent_graphics_slots,False
,acf:5808,NCLR,5808,acf:5809,NCGR,5809,1,adjacent_graphics_slots,False
,acf:5809,NCGR,5809,acf:5810,NCLR,5810,1,adjacent_graphics_slots,False
,acf:5810,NCLR,5810,acf:5811,NCGR,5811,1,adjacent_graphics_slots,False
,acf:5811,NCGR,5811,acf:5812,NCLR,5812,1,adjacent_graphics_slots,False
,acf:5812,NCLR,5812,acf:5813,NCGR,5813,1,adjacent_graphics_slots,False
,acf:5813,NCGR,5813,acf:5814,NCLR,5814,1,adjacent_graphics_slots,False
,acf:5814,NCLR,5814,acf:5815,NCGR,5815,1,adjacent_graphics_slots,False
,acf:5815,NCGR,5815,acf:5816,NCLR,5816,1,adjacent_graphics_slots,False
,acf:5816,NCLR,5816,acf:5817,NCGR,5817,1,adjacent_graphics_slots,False
,acf:5817,NCGR,5817,acf:5818,NCLR,5818,1,adjacent_graphics_slots,False
,acf:5818,NCLR,5818,acf:5819,NCGR,5819,1,adjacent_graphics_slots,False
,acf:5819,NCGR,5819,acf:5820,NCLR,5820,1,adjacent_graphics_slots,False
,acf:5820,NCLR,5820,acf:5821,NCGR,5821,1,adjacent_graphics_slots,False
,acf:5821,NCGR,5821,acf:5822,NCLR,5822,1,adjacent_graphics_slots,False
,acf:5822,NCLR,5822,acf:5823,NCGR,5823,1,adjacent_graphics_slots,False
,acf:5823,NCGR,5823,acf:5824,NCLR,5824,1,adjacent_graphics_slots,False
,acf:5824,NCLR,5824,acf:5825,NCGR,5825,1,adjacent_graphics_slots,False
,acf:5825,NCGR,5825,acf:5826,NCLR,5826,1,adjacent_graphics_slots,False
,acf:5826,NCLR,5826,acf:5827,NCGR,5827,1,adjacent_graphics_slots,False
,acf:5827,NCGR,5827,acf:5828,NCLR,5828,1,adjacent_graphics_slots,False
,acf:5828,NCLR,5828,acf:5829,NCGR,5829,1,adjacent_graphics_slots,False
,acf:5829,NCGR,5829,acf:5830,NCLR,5830,1,adjacent_graphics_slots,False
,acf:5830,NCLR,5830,acf:5831,NCGR,5831,1,adjacent_graphics_slots,False
,acf:5831,NCGR,5831,acf:5832,NCLR,5832,1,adjacent_graphics_slots,False
,acf:5832,NCLR,5832,acf:5833,NCGR,5833,1,adjacent_graphics_slots,False
,acf:5833,NCGR,5833,acf:5834,NCLR,5834,1,adjacent_graphics_slots,False
,acf:5834,NCLR,5834,acf:5835,NCGR,5835,1,adjacent_graphics_slots,False
,acf:5835,NCGR,5835,acf:5836,NCLR,5836,1,adjacent_graphics_slots,False
,acf:5836,NCLR,5836,acf:5837,NCGR,5837,1,adjacent_graphics_slots,False
,acf:5837,NCGR,5837,acf:5838,NCLR,5838,1,adjacent_graphics_slots,False
,acf:5838,NCLR,5838,acf:5839,NCGR,5839,1,adjacent_graphics_slots,False
,acf:5839,NCGR,5839,acf:5840,NCLR,5840,1,adjacent_graphics_slots,False
,acf:5840,NCLR,5840,acf:5841,NCGR,5841,1,adjacent_graphics_slots,False
,acf:5841,NCGR,5841,acf:5842,NCLR,5842,1,adjacent_graphics_slots,False
,acf:5842,NCLR,5842,acf:5843,NCGR,5843,1,adjacent_graphics_slots,False
,acf:5843,NCGR,5843,acf:5844,NCLR,5844,1,adjacent_graphics_slots,False
,acf:5844,NCLR,5844,acf:5845,NCGR,5845,1,adjacent_graphics_slots,False
,acf:5845,NCGR,5845,acf:5846,NCLR,5846,1,adjacent_graphics_slots,False
,acf:5846,NCLR,5846,acf:5847,NCGR,5847,1,adjacent_graphics_slots,False
,acf:5847,NCGR,5847,acf:5848,NCLR,5848,1,adjacent_graphics_slots,False
,acf:5848,NCLR,5848,acf:5849,NCGR,5849,1,adjacent_graphics_slots,False
,acf:5849,NCGR,5849,acf:5850,NCLR,5850,1,adjacent_graphics_slots,False
,acf:5850,NCLR,5850,acf:5851,NCGR,5851,1,adjacent_graphics_slots,False
,acf:5851,NCGR,5851,acf:5852,NCLR,5852,1,adjacent_graphics_slots,False
,acf:5852,NCLR,5852,acf:5853,NCGR,5853,1,adjacent_graphics_slots,False
,acf:5853,NCGR,5853,acf:5854,NCLR,5854,1,adjacent_graphics_slots,False
,acf:5854,NCLR,5854,acf:5855,NCGR,5855,1,adjacent_graphics_slots,False
,acf:5855,NCGR,5855,acf:5856,NCLR,5856,1,adjacent_graphics_slots,False
,acf:5856,NCLR,5856,acf:5857,NCGR,5857,1,adjacent_graphics_slots,False
,acf:5857,NCGR,5857,acf:5858,NCLR,5858,1,adjacent_graphics_slots,False
,acf:5858,NCLR,5858,acf:5859,NCGR,5859,1,adjacent_graphics_slots,False
,acf:5859,NCGR,5859,acf:5860,NCLR,5860,1,adjacent_graphics_slots,False
,acf:5860,NCLR,5860,acf:5861,NCGR,5861,1,adjacent_graphics_slots,False
,acf:5861,NCGR,5861,acf:5862,NCLR,5862,1,adjacent_graphics_slots,False
,acf:5862,NCLR,5862,acf:5863,NCGR,5863,1,adjacent_graphics_slots,False
,acf:5863,NCGR,5863,acf:5864,NCLR,5864,1,adjacent_graphics_slots,False
,acf:5864,NCLR,5864,acf:5865,NCGR,5865,1,adjacent_graphics_slots,False
,acf:5865,NCGR,5865,acf:5866,NCLR,5866,1,adjacent_graphics_slots,False
,acf:5866,NCLR,5866,acf:5867,NCGR,5867,1,adjacent_graphics_slots,False
,acf:5867,NCGR,5867,acf:5868,NCLR,5868,1,adjacent_graphics_slots,False
,acf:5868,NCLR,5868,acf:5869,NCGR,5869,1,adjacent_graphics_slots,False
,acf:5869,NCGR,5869,acf:5870,NCLR,5870,1,adjacent_graphics_slots,False
,acf:5870,NCLR,5870,acf:5871,NCGR,5871,1,adjacent_graphics_slots,False
,acf:5871,NCGR,5871,acf:5872,NCLR,5872,1,adjacent_graphics_slots,False
,acf:5872,NCLR,5872,acf:5873,NCGR,5873,1,adjacent_graphics_slots,False
,acf:5873,NCGR,5873,acf:5874,NCLR,5874,1,adjacent_graphics_slots,False
,acf:5874,NCLR,5874,acf:5875,NCGR,5875,1,adjacent_graphics_slots,False
,acf:5875,NCGR,5875,acf:5876,NCLR,5876,1,adjacent_graphics_slots,False
,acf:5876,NCLR,5876,acf:5877,NCGR,5877,1,adjacent_graphics_slots,False
,acf:5877,NCGR,5877,acf:5878,NCLR,5878,1,adjacent_graphics_slots,False
,acf:5878,NCLR,5878,acf:5879,NCGR,5879,1,adjacent_graphics_slots,False
,acf:5879,NCGR,5879,acf:5880,NCLR,5880,1,adjacent_graphics_slots,False
,acf:5880,NCLR,5880,acf:5881,NCGR,5881,1,adjacent_graphics_slots,False
,acf:5881,NCGR,5881,acf:5882,NCLR,5882,1,adjacent_graphics_slots,False
,acf:5882,NCLR,5882,acf:5883,NCGR,5883,1,adjacent_graphics_slots,False
,acf:5883,NCGR,5883,acf:5884,NCLR,5884,1,adjacent_graphics_slots,False
,acf:5884,NCLR,5884,acf:5885,NCGR,5885,1,adjacent_graphics_slots,False
,acf:5885,NCGR,5885,acf:5886,NCLR,5886,1,adjacent_graphics_slots,False
,acf:5886,NCLR,5886,acf:5887,NCGR,5887,1,adjacent_graphics_slots,False
,acf:5887,NCGR,5887,acf:5888,NCLR,5888,1,adjacent_graphics_slots,False
,acf:5888,NCLR,5888,acf:5889,NCGR,5889,1,adjacent_graphics_slots,False
,acf:5889,NCGR,5889,acf:5890,NCLR,5890,1,adjacent_graphics_slots,False
,acf:5890,NCLR,5890,acf:5891,NCGR,5891,1,adjacent_graphics_slots,False
,acf:5891,NCGR,5891,acf:5892,NCLR,5892,1,adjacent_graphics_slots,False
,acf:5892,NCLR,5892,acf:5893,NCGR,5893,1,adjacent_graphics_slots,False
,acf:5893,NCGR,5893,acf:5894,NCLR,5894,1,adjacent_graphics_slots,False
,acf:5894,NCLR,5894,acf:5895,NCGR,5895,1,adjacent_graphics_slots,False
,acf:5895,NCGR,5895,acf:5896,NCLR,5896,1,adjacent_graphics_slots,False
,acf:5896,NCLR,5896,acf:5897,NCGR,5897,1,adjacent_graphics_slots,False
,acf:5897,NCGR,5897,acf:5898,NCLR,5898,1,adjacent_graphics_slots,False
,acf:5898,NCLR,5898,acf:5899,NCGR,5899,1,adjacent_graphics_slots,False
,acf:5899,NCGR,5899,acf:5900,NCLR,5900,1,adjacent_graphics_slots,False
,acf:5900,NCLR,5900,acf:5901,NCGR,5901,1,adjacent_graphics_slots,False
,acf:5901,NCGR,5901,acf:5902,NCLR,5902,1,adjacent_graphics_slots,False
,acf:5902,NCLR,5902,acf:5903,NCGR,5903,1,adjacent_graphics_slots,False
,acf:5903,NCGR,5903,acf:5904,NCLR,5904,1,adjacent_graphics_slots,False
,acf:5904,NCLR,5904,acf:5905,NCGR,5905,1,adjacent_graphics_slots,False
,acf:5905,NCGR,5905,acf:5906,NCLR,5906,1,adjacent_graphics_slots,False
,acf:5906,NCLR,5906,acf:5907,NCGR,5907,1,adjacent_graphics_slots,False
,acf:5907,NCGR,5907,acf:5908,NCLR,5908,1,adjacent_graphics_slots,False
,acf:5908,NCLR,5908,acf:5909,NCGR,5909,1,adjacent_graphics_slots,False
,acf:5909,NCGR,5909,acf:5910,NCLR,5910,1,adjacent_graphics_slots,False
,acf:5910,NCLR,5910,acf:5911,NCGR,5911,1,adjacent_graphics_slots,False
,acf:5911,NCGR,5911,acf:5912,NCLR,5912,1,adjacent_graphics_slots,False
,acf:5912,NCLR,5912,acf:5913,NCGR,5913,1,adjacent_graphics_slots,False
,acf:5913,NCGR,5913,acf:5914,NCLR,5914,1,adjacent_graphics_slots,False
,acf:5914,NCLR,5914,acf:5915,NCGR,5915,1,adjacent_graphics_slots,False
,acf:5915,NCGR,5915,acf:5916,NCLR,5916,1,adjacent_graphics_slots,False
,acf:5916,NCLR,5916,acf:5917,NCGR,5917,1,adjacent_graphics_slots,False
,acf:5917,NCGR,5917,acf:5918,NCLR,5918,1,adjacent_graphics_slots,False
,acf:5918,NCLR,5918,acf:5919,NCGR,5919,1,adjacent_graphics_slots,False
,acf:5919,NCGR,5919,acf:5920,NCLR,5920,1,adjacent_graphics_slots,False
,acf:5920,NCLR,5920,acf:5921,NCGR,5921,1,adjacent_graphics_slots,False
,acf:5921,NCGR,5921,acf:5922,NCLR,5922,1,adjacent_graphics_slots,False
,acf:5922,NCLR,5922,acf:5923,NCGR,5923,1,adjacent_graphics_slots,False
,acf:5923,NCGR,5923,acf:5924,NCLR,5924,1,adjacent_graphics_slots,False
,acf:5924,NCLR,5924,acf:5925,NCGR,5925,1,adjacent_graphics_slots,False
,acf:5925,NCGR,5925,acf:5926,NCLR,5926,1,adjacent_graphics_slots,False
,acf:5926,NCLR,5926,acf:5927,NCGR,5927,1,adjacent_graphics_slots,False
,acf:5927,NCGR,5927,acf:5928,NCLR,5928,1,adjacent_graphics_slots,False
,acf:5928,NCLR,5928,acf:5929,NCGR,5929,1,adjacent_graphics_slots,False
,acf:5929,NCGR,5929,acf:5930,NCLR,5930,1,adjacent_graphics_slots,False
,acf:5930,NCLR,5930,acf:5931,NCGR,5931,1,adjacent_graphics_slots,False
,acf:5931,NCGR,5931,acf:5932,NCLR,5932,1,adjacent_graphics_slots,False
,acf:5932,NCLR,5932,acf:5933,NCGR,5933,1,adjacent_graphics_slots,False
,acf:5933,NCGR,5933,acf:5934,NCLR,5934,1,adjacent_graphics_slots,False
,acf:5934,NCLR,5934,acf:5935,NCGR,5935,1,adjacent_graphics_slots,False
,acf:5935,NCGR,5935,acf:5936,NCLR,5936,1,adjacent_graphics_slots,False
,acf:5936,NCLR,5936,acf:5937,NCGR,5937,1,adjacent_graphics_slots,False
,acf:5937,NCGR,5937,acf:5938,NCLR,5938,1,adjacent_graphics_slots,False
,acf:5938,NCLR,5938,acf:5939,NCGR,5939,1,adjacent_graphics_slots,False
,acf:5939,NCGR,5939,acf:5940,NCLR,5940,1,adjacent_graphics_slots,False
,acf:5940,NCLR,5940,acf:5941,NCGR,5941,1,adjacent_graphics_slots,False
,acf:5941,NCGR,5941,acf:5942,NCLR,5942,1,adjacent_graphics_slots,False
,acf:5942,NCLR,5942,acf:5943,NCGR,5943,1,adjacent_graphics_slots,False
,acf:5943,NCGR,5943,acf:5944,NCLR,5944,1,adjacent_graphics_slots,False
,acf:5944,NCLR,5944,acf:5945,NCGR,5945,1,adjacent_graphics_slots,False
,acf:5945,NCGR,5945,acf:5946,NCLR,5946,1,adjacent_graphics_slots,False
,acf:5946,NCLR,5946,acf:5947,NCGR,5947,1,adjacent_graphics_slots,False
,acf:5947,NCGR,5947,acf:5948,NCLR,5948,1,adjacent_graphics_slots,False
,acf:5948,NCLR,5948,acf:5949,NCGR,5949,1,adjacent_graphics_slots,False
,acf:5949,NCGR,5949,acf:5950,NCLR,5950,1,adjacent_graphics_slots,False
,acf:5950,NCLR,5950,acf:5951,NCGR,5951,1,adjacent_graphics_slots,False
,acf:5951,NCGR,5951,acf:5952,NCLR,5952,1,adjacent_graphics_slots,False
,acf:5952,NCLR,5952,acf:5953,NCGR,5953,1,adjacent_graphics_slots,False
,acf:5953,NCGR,5953,acf:5954,NCLR,5954,1,adjacent_graphics_slots,False
,acf:5954,NCLR,5954,acf:5955,NCGR,5955,1,adjacent_graphics_slots,False
,acf:5955,NCGR,5955,acf:5956,NCLR,5956,1,adjacent_graphics_slots,False
,acf:5956,NCLR,5956,acf:5957,NCGR,5957,1,adjacent_graphics_slots,False
,acf:5957,NCGR,5957,acf:5958,NCLR,5958,1,adjacent_graphics_slots,False
,acf:5958,NCLR,5958,acf:5959,NCGR,5959,1,adjacent_graphics_slots,False
,acf:5959,NCGR,5959,acf:5960,NCLR,5960,1,adjacent_graphics_slots,False
,acf:5960,NCLR,5960,acf:5961,NCGR,5961,1,adjacent_graphics_slots,False
,acf:5961,NCGR,5961,acf:5962,NCLR,5962,1,adjacent_graphics_slots,False
,acf:5962,NCLR,5962,acf:5963,NCGR,5963,1,adjacent_graphics_slots,False
,acf:5963,NCGR,5963,acf:5964,NCLR,5964,1,adjacent_graphics_slots,False
,acf:5964,NCLR,5964,acf:5965,NCGR,5965,1,adjacent_graphics_slots,False
,acf:5965,NCGR,5965,acf:5966,NCLR,5966,1,adjacent_graphics_slots,False
,acf:5966,NCLR,5966,acf:5967,NCGR,5967,1,adjacent_graphics_slots,False
,acf:5967,NCGR,5967,acf:5968,NCLR,5968,1,adjacent_graphics_slots,False
,acf:5968,NCLR,5968,acf:5969,NCGR,5969,1,adjacent_graphics_slots,False
,acf:5969,NCGR,5969,acf:5970,NCLR,5970,1,adjacent_graphics_slots,False
,acf:5970,NCLR,5970,acf:5971,NCGR,5971,1,adjacent_graphics_slots,False
,acf:5971,NCGR,5971,acf:5972,NCLR,5972,1,adjacent_graphics_slots,False
,acf:5972,NCLR,5972,acf:5973,NCGR,5973,1,adjacent_graphics_slots,False
,acf:5973,NCGR,5973,acf:5974,NCLR,5974,1,adjacent_graphics_slots,False
,acf:5974,NCLR,5974,acf:5975,NCGR,5975,1,adjacent_graphics_slots,False
,acf:5975,NCGR,5975,acf:5976,NCLR,5976,1,adjacent_graphics_slots,False
,acf:5976,NCLR,5976,acf:5977,NCGR,5977,1,adjacent_graphics_slots,False
,acf:5977,NCGR,5977,acf:5978,NCLR,5978,1,adjacent_graphics_slots,False
,acf:5978,NCLR,5978,acf:5979,NCGR,5979,1,adjacent_graphics_slots,False
,acf:5979,NCGR,5979,acf:5980,NCLR,5980,1,adjacent_graphics_slots,False
,acf:5980,NCLR,5980,acf:5981,NCGR,5981,1,adjacent_graphics_slots,False
,acf:5981,NCGR,5981,acf:5982,NCLR,5982,1,adjacent_graphics_slots,False
,acf:5982,NCLR,5982,acf:5983,NCGR,5983,1,adjacent_graphics_slots,False
,acf:5983,NCGR,5983,acf:5984,NCLR,5984,1,adjacent_graphics_slots,False
,acf:5984,NCLR,5984,acf:5985,NCGR,5985,1,adjacent_graphics_slots,False
,acf:5985,NCGR,5985,acf:5986,NCLR,5986,1,adjacent_graphics_slots,False
,acf:5986,NCLR,5986,acf:5987,NCGR,5987,1,adjacent_graphics_slots,False
,acf:5987,NCGR,5987,acf:5988,NCLR,5988,1,adjacent_graphics_slots,False
,acf:5988,NCLR,5988,acf:5989,NCGR,5989,1,adjacent_graphics_slots,False
,acf:5989,NCGR,5989,acf:5990,NCLR,5990,1,adjacent_graphics_slots,False
,acf:5990,NCLR,5990,acf:5991,NCGR,5991,1,adjacent_graphics_slots,False
,acf:5991,NCGR,5991,acf:5992,NCLR,5992,1,adjacent_graphics_slots,False
,acf:5992,NCLR,5992,acf:5993,NCGR,5993,1,adjacent_graphics_slots,False
,acf:5993,NCGR,5993,acf:5994,NCLR,5994,1,adjacent_graphics_slots,False
,acf:5994,NCLR,5994,acf:5995,NCGR,5995,1,adjacent_graphics_slots,False
,acf:5995,NCGR,5995,acf:5996,NCLR,5996,1,adjacent_graphics_slots,False
,acf:5996,NCLR,5996,acf:5997,NCGR,5997,1,adjacent_graphics_slots,False
,acf:5997,NCGR,5997,acf:5998,NCLR,5998,1,adjacent_graphics_slots,False
,acf:5998,NCLR,5998,acf:5999,NCGR,5999,1,adjacent_graphics_slots,False
,acf:5999,NCGR,5999,acf:6000,NCLR,6000,1,adjacent_graphics_slots,False
,acf:6000,NCLR,6000,acf:6001,NCGR,6001,1,adjacent_graphics_slots,False
,acf:6001,NCGR,6001,acf:6002,NCLR,6002,1,adjacent_graphics_slots,False
,acf:6002,NCLR,6002,acf:6003,NCGR,6003,1,adjacent_graphics_slots,False
,acf:6003,NCGR,6003,acf:6004,NCLR,6004,1,adjacent_graphics_slots,False
,acf:6004,NCLR,6004,acf:6005,NCGR,6005,1,adjacent_graphics_slots,False
,acf:6005,NCGR,6005,acf:6006,NCLR,6006,1,adjacent_graphics_slots,False
,acf:6006,NCLR,6006,acf:6007,NCGR,6007,1,adjacent_graphics_slots,False
,acf:6007,NCGR,6007,acf:6008,NCLR,6008,1,adjacent_graphics_slots,False
,acf:6008,NCLR,6008,acf:6009,NCGR,6009,1,adjacent_graphics_slots,False
,acf:6009,NCGR,6009,acf:6010,NCLR,6010,1,adjacent_graphics_slots,False
,acf:6010,NCLR,6010,acf:6011,NCGR,6011,1,adjacent_graphics_slots,False
,acf:6011,NCGR,6011,acf:6012,NCLR,6012,1,adjacent_graphics_slots,False
,acf:6012,NCLR,6012,acf:6013,NCGR,6013,1,adjacent_graphics_slots,False
,acf:6013,NCGR,6013,acf:6014,NCLR,6014,1,adjacent_graphics_slots,False
,acf:6014,NCLR,6014,acf:6015,NCGR,6015,1,adjacent_graphics_slots,False
,acf:6015,NCGR,6015,acf:6016,NCLR,6016,1,adjacent_graphics_slots,False
,acf:6016,NCLR,6016,acf:6017,NCGR,6017,1,adjacent_graphics_slots,False
,acf:6017,NCGR,6017,acf:6018,NCLR,6018,1,adjacent_graphics_slots,False
,acf:6018,NCLR,6018,acf:6019,NCGR,6019,1,adjacent_graphics_slots,False
,acf:6019,NCGR,6019,acf:6020,NCLR,6020,1,adjacent_graphics_slots,False
,acf:6020,NCLR,6020,acf:6021,NCGR,6021,1,adjacent_graphics_slots,False
,acf:6021,NCGR,6021,acf:6022,NCLR,6022,1,adjacent_graphics_slots,False
,acf:6022,NCLR,6022,acf:6023,NCGR,6023,1,adjacent_graphics_slots,False
,acf:6023,NCGR,6023,acf:6024,NCLR,6024,1,adjacent_graphics_slots,False
,acf:6024,NCLR,6024,acf:6025,NCGR,6025,1,adjacent_graphics_slots,False
,acf:6025,NCGR,6025,acf:6026,NCLR,6026,1,adjacent_graphics_slots,False
,acf:6026,NCLR,6026,acf:6027,NCGR,6027,1,adjacent_graphics_slots,False
,acf:6027,NCGR,6027,acf:6028,NCLR,6028,1,adjacent_graphics_slots,False
,acf:6028,NCLR,6028,acf:6029,NCGR,6029,1,adjacent_graphics_slots,False
,acf:6029,NCGR,6029,acf:6030,NCLR,6030,1,adjacent_graphics_slots,False
,acf:6030,NCLR,6030,acf:6031,NCGR,6031,1,adjacent_graphics_slots,False
,acf:6031,NCGR,6031,acf:6032,NCLR,6032,1,adjacent_graphics_slots,False
,acf:6032,NCLR,6032,acf:6033,NCGR,6033,1,adjacent_graphics_slots,False
,acf:6033,NCGR,6033,acf:6034,NCLR,6034,1,adjacent_graphics_slots,False
,acf:6034,NCLR,6034,acf:6035,NCGR,6035,1,adjacent_graphics_slots,False
,acf:6035,NCGR,6035,acf:6036,NCLR,6036,1,adjacent_graphics_slots,False
,acf:6036,NCLR,6036,acf:6037,NCGR,6037,1,adjacent_graphics_slots,False
,acf:6037,NCGR,6037,acf:6038,NCLR,6038,1,adjacent_graphics_slots,False
,acf:6038,NCLR,6038,acf:6039,NCGR,6039,1,adjacent_graphics_slots,False
,acf:6039,NCGR,6039,acf:6040,NCLR,6040,1,adjacent_graphics_slots,False
,acf:6040,NCLR,6040,acf:6041,NCGR,6041,1,adjacent_graphics_slots,False
,acf:6041,NCGR,6041,acf:6042,NCLR,6042,1,adjacent_graphics_slots,False
,acf:6042,NCLR,6042,acf:6043,NCGR,6043,1,adjacent_graphics_slots,False
,acf:6043,NCGR,6043,acf:6044,NCLR,6044,1,adjacent_graphics_slots,False
,acf:6044,NCLR,6044,acf:6045,NCGR,6045,1,adjacent_graphics_slots,False
,acf:6045,NCGR,6045,acf:6046,NCLR,6046,1,adjacent_graphics_slots,False
,acf:6046,NCLR,6046,acf:6047,NCGR,6047,1,adjacent_graphics_slots,False
,acf:6047,NCGR,6047,acf:6048,NCLR,6048,1,adjacent_graphics_slots,False
,acf:6048,NCLR,6048,acf:6049,NCGR,6049,1,adjacent_graphics_slots,False
,acf:6049,NCGR,6049,acf:6050,NCLR,6050,1,adjacent_graphics_slots,False
,acf:6050,NCLR,6050,acf:6051,NCGR,6051,1,adjacent_graphics_slots,False
,acf:6051,NCGR,6051,acf:6052,NCLR,6052,1,adjacent_graphics_slots,False
,acf:6052,NCLR,6052,acf:6053,NCGR,6053,1,adjacent_graphics_slots,False
,acf:6053,NCGR,6053,acf:6054,NCLR,6054,1,adjacent_graphics_slots,False
,acf:6054,NCLR,6054,acf:6055,NCGR,6055,1,adjacent_graphics_slots,False
,acf:6055,NCGR,6055,acf:6056,NCLR,6056,1,adjacent_graphics_slots,False
,acf:6056,NCLR,6056,acf:6057,NCGR,6057,1,adjacent_graphics_slots,False
,acf:6057,NCGR,6057,acf:6058,NCLR,6058,1,adjacent_graphics_slots,False
,acf:6058,NCLR,6058,acf:6059,NCGR,6059,1,adjacent_graphics_slots,False
,acf:6059,NCGR,6059,acf:6060,NCLR,6060,1,adjacent_graphics_slots,False
,acf:6060,NCLR,6060,acf:6061,NCGR,6061,1,adjacent_graphics_slots,False
,acf:6061,NCGR,6061,acf:6062,NCLR,6062,1,adjacent_graphics_slots,False
,acf:6062,NCLR,6062,acf:6063,NCGR,6063,1,adjacent_graphics_slots,False
,acf:6063,NCGR,6063,acf:6064,NCLR,6064,1,adjacent_graphics_slots,False
,acf:6064,NCLR,6064,acf:6065,NCGR,6065,1,adjacent_graphics_slots,False
,acf:6065,NCGR,6065,acf:6066,NCLR,6066,1,adjacent_graphics_slots,False
,acf:6066,NCLR,6066,acf:6067,NCGR,6067,1,adjacent_graphics_slots,False
,acf:6067,NCGR,6067,acf:6068,NCLR,6068,1,adjacent_graphics_slots,False
,acf:6068,NCLR,6068,acf:6069,NCGR,6069,1,adjacent_graphics_slots,False
,acf:6069,NCGR,6069,acf:6070,NCLR,6070,1,adjacent_graphics_slots,False
,acf:6070,NCLR,6070,acf:6071,NCGR,6071,1,adjacent_graphics_slots,False
,acf:6071,NCGR,6071,acf:6072,NCLR,6072,1,adjacent_graphics_slots,False
,acf:6072,NCLR,6072,acf:6073,NCGR,6073,1,adjacent_graphics_slots,False
,acf:6073,NCGR,6073,acf:6074,NCLR,6074,1,adjacent_graphics_slots,False
,acf:6074,NCLR,6074,acf:6075,NCGR,6075,1,adjacent_graphics_slots,False
,acf:6075,NCGR,6075,acf:6076,NCLR,6076,1,adjacent_graphics_slots,False
,acf:6076,NCLR,6076,acf:6077,NCGR,6077,1,adjacent_graphics_slots,False
,acf:6077,NCGR,6077,acf:6078,NCLR,6078,1,adjacent_graphics_slots,False
,acf:6078,NCLR,6078,acf:6079,NCGR,6079,1,adjacent_graphics_slots,False
,acf:6079,NCGR,6079,acf:6080,NCLR,6080,1,adjacent_graphics_slots,False
,acf:6080,NCLR,6080,acf:6081,NCGR,6081,1,adjacent_graphics_slots,False
,acf:6081,NCGR,6081,acf:6082,NCLR,6082,1,adjacent_graphics_slots,False
,acf:6082,NCLR,6082,acf:6083,NCGR,6083,1,adjacent_graphics_slots,False
,acf:6083,NCGR,6083,acf:6084,NCLR,6084,1,adjacent_graphics_slots,False
,acf:6084,NCLR,6084,acf:6085,NCGR,6085,1,adjacent_graphics_slots,False
,acf:6085,NCGR,6085,acf:6086,NCLR,6086,1,adjacent_graphics_slots,False
,acf:6086,NCLR,6086,acf:6087,NCGR,6087,1,adjacent_graphics_slots,False
,acf:6087,NCGR,6087,acf:6088,NCLR,6088,1,adjacent_graphics_slots,False
,acf:6088,NCLR,6088,acf:6089,NCGR,6089,1,adjacent_graphics_slots,False
,acf:6089,NCGR,6089,acf:6090,NCLR,6090,1,adjacent_graphics_slots,False
,acf:6090,NCLR,6090,acf:6091,NCGR,6091,1,adjacent_graphics_slots,False
,acf:6091,NCGR,6091,acf:6092,NCLR,6092,1,adjacent_graphics_slots,False
,acf:6092,NCLR,6092,acf:6093,NCGR,6093,1,adjacent_graphics_slots,False
,acf:6093,NCGR,6093,acf:6094,NCLR,6094,1,adjacent_graphics_slots,False
,acf:6094,NCLR,6094,acf:6095,NCGR,6095,1,adjacent_graphics_slots,False
,acf:6095,NCGR,6095,acf:6096,NCLR,6096,1,adjacent_graphics_slots,False
,acf:6096,NCLR,6096,acf:6097,NCGR,6097,1,adjacent_graphics_slots,False
,acf:6097,NCGR,6097,acf:6098,NCLR,6098,1,adjacent_graphics_slots,False
,acf:6098,NCLR,6098,acf:6099,NCGR,6099,1,adjacent_graphics_slots,False
,acf:6099,NCGR,6099,acf:6100,NCLR,6100,1,adjacent_graphics_slots,False
,acf:6100,NCLR,6100,acf:6101,NCGR,6101,1,adjacent_graphics_slots,False
,acf:6101,NCGR,6101,acf:6102,NCLR,6102,1,adjacent_graphics_slots,False
,acf:6102,NCLR,6102,acf:6103,NCGR,6103,1,adjacent_graphics_slots,False
,acf:6103,NCGR,6103,acf:6104,NCLR,6104,1,adjacent_graphics_slots,False
,acf:6104,NCLR,6104,acf:6105,NCGR,6105,1,adjacent_graphics_slots,False
,acf:6105,NCGR,6105,acf:6106,NCLR,6106,1,adjacent_graphics_slots,False
,acf:6106,NCLR,6106,acf:6107,NCGR,6107,1,adjacent_graphics_slots,False
,acf:6107,NCGR,6107,acf:6108,NCLR,6108,1,adjacent_graphics_slots,False
,acf:6108,NCLR,6108,acf:6109,NCGR,6109,1,adjacent_graphics_slots,False
,acf:6109,NCGR,6109,acf:6110,NCLR,6110,1,adjacent_graphics_slots,False
,acf:6110,NCLR,6110,acf:6111,NCGR,6111,1,adjacent_graphics_slots,False
,acf:6111,NCGR,6111,acf:6112,NCLR,6112,1,adjacent_graphics_slots,False
,acf:6112,NCLR,6112,acf:6113,NCGR,6113,1,adjacent_graphics_slots,False
,acf:6113,NCGR,6113,acf:6114,NCLR,6114,1,adjacent_graphics_slots,False
,acf:6114,NCLR,6114,acf:6115,NCGR,6115,1,adjacent_graphics_slots,False
,acf:6115,NCGR,6115,acf:6116,NCLR,6116,1,adjacent_graphics_slots,False
,acf:6116,NCLR,6116,acf:6117,NCGR,6117,1,adjacent_graphics_slots,False
,acf:6117,NCGR,6117,acf:6118,NCLR,6118,1,adjacent_graphics_slots,False
,acf:6118,NCLR,6118,acf:6119,NCGR,6119,1,adjacent_graphics_slots,False
,acf:6119,NCGR,6119,acf:6120,NCLR,6120,1,adjacent_graphics_slots,False
,acf:6120,NCLR,6120,acf:6121,NCGR,6121,1,adjacent_graphics_slots,False
,acf:6121,NCGR,6121,acf:6122,NCLR,6122,1,adjacent_graphics_slots,False
,acf:6122,NCLR,6122,acf:6123,NCGR,6123,1,adjacent_graphics_slots,False
,acf:6123,NCGR,6123,acf:6124,NCLR,6124,1,adjacent_graphics_slots,False
,acf:6124,NCLR,6124,acf:6125,NCGR,6125,1,adjacent_graphics_slots,False
,acf:6125,NCGR,6125,acf:6126,NCLR,6126,1,adjacent_graphics_slots,False
,acf:6126,NCLR,6126,acf:6127,NCGR,6127,1,adjacent_graphics_slots,False
,acf:6127,NCGR,6127,acf:6128,NCLR,6128,1,adjacent_graphics_slots,False
,acf:6128,NCLR,6128,acf:6129,NCGR,6129,1,adjacent_graphics_slots,False
,acf:6129,NCGR,6129,acf:6130,NCLR,6130,1,adjacent_graphics_slots,False
,acf:6130,NCLR,6130,acf:6131,NCGR,6131,1,adjacent_graphics_slots,False
,acf:6131,NCGR,6131,acf:6132,NCLR,6132,1,adjacent_graphics_slots,False
,acf:6132,NCLR,6132,acf:6133,NCGR,6133,1,adjacent_graphics_slots,False
,acf:6133,NCGR,6133,acf:6134,NCLR,6134,1,adjacent_graphics_slots,False
,acf:6134,NCLR,6134,acf:6135,NCGR,6135,1,adjacent_graphics_slots,False
,acf:6135,NCGR,6135,acf:6136,NCLR,6136,1,adjacent_graphics_slots,False
,acf:6136,NCLR,6136,acf:6137,NCGR,6137,1,adjacent_graphics_slots,False
,acf:6137,NCGR,6137,acf:6138,NCLR,6138,1,adjacent_graphics_slots,False
,acf:6138,NCLR,6138,acf:6139,NCGR,6139,1,adjacent_graphics_slots,False
,acf:6139,NCGR,6139,acf:6140,NCLR,6140,1,adjacent_graphics_slots,False
,acf:6140,NCLR,6140,acf:6141,NCGR,6141,1,adjacent_graphics_slots,False
,acf:6141,NCGR,6141,acf:6142,NCLR,6142,1,adjacent_graphics_slots,False
,acf:6142,NCLR,6142,acf:6143,NCGR,6143,1,adjacent_graphics_slots,False
,acf:6143,NCGR,6143,acf:6144,NCLR,6144,1,adjacent_graphics_slots,False
,acf:6144,NCLR,6144,acf:6145,NCGR,6145,1,adjacent_graphics_slots,False
,acf:6145,NCGR,6145,acf:6146,NCLR,6146,1,adjacent_graphics_slots,False
,acf:6146,NCLR,6146,acf:6147,NCGR,6147,1,adjacent_graphics_slots,False
,acf:6147,NCGR,6147,acf:6148,NCLR,6148,1,adjacent_graphics_slots,False
,acf:6148,NCLR,6148,acf:6149,NCGR,6149,1,adjacent_graphics_slots,False
,acf:6149,NCGR,6149,acf:6150,NCLR,6150,1,adjacent_graphics_slots,False
,acf:6150,NCLR,6150,acf:6151,NCGR,6151,1,adjacent_graphics_slots,False
,acf:6151,NCGR,6151,acf:6152,NCLR,6152,1,adjacent_graphics_slots,False
,acf:6152,NCLR,6152,acf:6153,NCGR,6153,1,adjacent_graphics_slots,False
,acf:6153,NCGR,6153,acf:6154,NCLR,6154,1,adjacent_graphics_slots,False
,acf:6154,NCLR,6154,acf:6155,NCGR,6155,1,adjacent_graphics_slots,False
,acf:6155,NCGR,6155,acf:6156,NCLR,6156,1,adjacent_graphics_slots,False
,acf:6156,NCLR,6156,acf:6157,NCGR,6157,1,adjacent_graphics_slots,False
,acf:6157,NCGR,6157,acf:6158,NCLR,6158,1,adjacent_graphics_slots,False
,acf:6158,NCLR,6158,acf:6159,NCGR,6159,1,adjacent_graphics_slots,False
,acf:6159,NCGR,6159,acf:6160,NCLR,6160,1,adjacent_graphics_slots,False
,acf:6160,NCLR,6160,acf:6161,NCGR,6161,1,adjacent_graphics_slots,False
,acf:6161,NCGR,6161,acf:6162,NCLR,6162,1,adjacent_graphics_slots,False
,acf:6162,NCLR,6162,acf:6163,NCGR,6163,1,adjacent_graphics_slots,False
,acf:6163,NCGR,6163,acf:6164,NCLR,6164,1,adjacent_graphics_slots,False
,acf:6164,NCLR,6164,acf:6165,NCGR,6165,1,adjacent_graphics_slots,False
,acf:6165,NCGR,6165,acf:6166,NCLR,6166,1,adjacent_graphics_slots,False
,acf:6166,NCLR,6166,acf:6167,NCGR,6167,1,adjacent_graphics_slots,False
,acf:6167,NCGR,6167,acf:6168,NCLR,6168,1,adjacent_graphics_slots,False
,acf:6168,NCLR,6168,acf:6169,NCGR,6169,1,adjacent_graphics_slots,False
,acf:6169,NCGR,6169,acf:6170,NCLR,6170,1,adjacent_graphics_slots,False
,acf:6170,NCLR,6170,acf:6171,NCGR,6171,1,adjacent_graphics_slots,False
,acf:6171,NCGR,6171,acf:6172,NCLR,6172,1,adjacent_graphics_slots,False
,acf:6172,NCLR,6172,acf:6173,NCGR,6173,1,adjacent_graphics_slots,False
,acf:6173,NCGR,6173,acf:6174,NCLR,6174,1,adjacent_graphics_slots,False
,acf:6174,NCLR,6174,acf:6175,NCGR,6175,1,adjacent_graphics_slots,False
,acf:6175,NCGR,6175,acf:6176,NCLR,6176,1,adjacent_graphics_slots,False
,acf:6176,NCLR,6176,acf:6177,NCGR,6177,1,adjacent_graphics_slots,False
,acf:6177,NCGR,6177,acf:6178,NCLR,6178,1,adjacent_graphics_slots,False
,acf:6178,NCLR,6178,acf:6179,NCGR,6179,1,adjacent_graphics_slots,False
,acf:6179,NCGR,6179,acf:6180,NCLR,6180,1,adjacent_graphics_slots,False
,acf:6180,NCLR,6180,acf:6181,NCGR,6181,1,adjacent_graphics_slots,False
,acf:6181,NCGR,6181,acf:6182,NCLR,6182,1,adjacent_graphics_slots,False
,acf:6182,NCLR,6182,acf:6183,NCGR,6183,1,adjacent_graphics_slots,False
,acf:6183,NCGR,6183,acf:6184,NCLR,6184,1,adjacent_graphics_slots,False
,acf:6184,NCLR,6184,acf:6185,NCGR,6185,1,adjacent_graphics_slots,False
,acf:6185,NCGR,6185,acf:6186,NCLR,6186,1,adjacent_graphics_slots,False
,acf:6186,NCLR,6186,acf:6187,NCGR,6187,1,adjacent_graphics_slots,False
,acf:6187,NCGR,6187,acf:6188,NCLR,6188,1,adjacent_graphics_slots,False
,acf:6188,NCLR,6188,acf:6189,NCGR,6189,1,adjacent_graphics_slots,False
,acf:6189,NCGR,6189,acf:6190,NCLR,6190,1,adjacent_graphics_slots,False
,acf:6190,NCLR,6190,acf:6191,NCGR,6191,1,adjacent_graphics_slots,False
,acf:6191,NCGR,6191,acf:6192,NCLR,6192,1,adjacent_graphics_slots,False
,acf:6192,NCLR,6192,acf:6193,NCGR,6193,1,adjacent_graphics_slots,False
,acf:6193,NCGR,6193,acf:6194,NCLR,6194,1,adjacent_graphics_slots,False
,acf:6194,NCLR,6194,acf:6195,NCGR,6195,1,adjacent_graphics_slots,False
,acf:6195,NCGR,6195,acf:6196,NCLR,6196,1,adjacent_graphics_slots,False
,acf:6196,NCLR,6196,acf:6197,NCGR,6197,1,adjacent_graphics_slots,False
,acf:6197,NCGR,6197,acf:6198,NCLR,6198,1,adjacent_graphics_slots,False
,acf:6198,NCLR,6198,acf:6199,NCGR,6199,1,adjacent_graphics_slots,False
,acf:6199,NCGR,6199,acf:6200,NCLR,6200,1,adjacent_graphics_slots,False
,acf:6200,NCLR,6200,acf:6201,NCGR,6201,1,adjacent_graphics_slots,False
,acf:6201,NCGR,6201,acf:6202,NCLR,6202,1,adjacent_graphics_slots,False
,acf:6202,NCLR,6202,acf:6203,NCGR,6203,1,adjacent_graphics_slots,False
,acf:6203,NCGR,6203,acf:6204,NCLR,6204,1,adjacent_graphics_slots,False
,acf:6204,NCLR,6204,acf:6205,NCGR,6205,1,adjacent_graphics_slots,False
,acf:6205,NCGR,6205,acf:6206,NCLR,6206,1,adjacent_graphics_slots,False
,acf:6206,NCLR,6206,acf:6207,NCGR,6207,1,adjacent_graphics_slots,False
,acf:6207,NCGR,6207,acf:6208,NCLR,6208,1,adjacent_graphics_slots,False
,acf:6208,NCLR,6208,acf:6209,NCGR,6209,1,adjacent_graphics_slots,False
,acf:6209,NCGR,6209,acf:6210,NCLR,6210,1,adjacent_graphics_slots,False
,acf:6210,NCLR,6210,acf:6211,NCGR,6211,1,adjacent_graphics_slots,False
,acf:6211,NCGR,6211,acf:6212,NCLR,6212,1,adjacent_graphics_slots,False
,acf:6212,NCLR,6212,acf:6213,NCGR,6213,1,adjacent_graphics_slots,False
,acf:6213,NCGR,6213,acf:6214,NCLR,6214,1,adjacent_graphics_slots,False
,acf:6214,NCLR,6214,acf:6215,NCGR,6215,1,adjacent_graphics_slots,False
,acf:6215,NCGR,6215,acf:6216,NCLR,6216,1,adjacent_graphics_slots,False
,acf:6216,NCLR,6216,acf:6217,NCGR,6217,1,adjacent_graphics_slots,False
,acf:6217,NCGR,6217,acf:6218,NCLR,6218,1,adjacent_graphics_slots,False
,acf:6218,NCLR,6218,acf:6219,NCGR,6219,1,adjacent_graphics_slots,False
,acf:6219,NCGR,6219,acf:6220,NCLR,6220,1,adjacent_graphics_slots,False
,acf:6220,NCLR,6220,acf:6221,NCGR,6221,1,adjacent_graphics_slots,False
,acf:6221,NCGR,6221,acf:6222,NCLR,6222,1,adjacent_graphics_slots,False
,acf:6222,NCLR,6222,acf:6223,NCGR,6223,1,adjacent_graphics_slots,False
,acf:6223,NCGR,6223,acf:6224,NCLR,6224,1,adjacent_graphics_slots,False
,acf:6224,NCLR,6224,acf:6225,NCGR,6225,1,adjacent_graphics_slots,False
,acf:6225,NCGR,6225,acf:6226,NCLR,6226,1,adjacent_graphics_slots,False
,acf:6226,NCLR,6226,acf:6227,NCGR,6227,1,adjacent_graphics_slots,False
,acf:6227,NCGR,6227,acf:6228,NCLR,6228,1,adjacent_graphics_slots,False
,acf:6228,NCLR,6228,acf:6229,NCGR,6229,1,adjacent_graphics_slots,False
,acf:6229,NCGR,6229,acf:6230,NCLR,6230,1,adjacent_graphics_slots,False
,acf:6230,NCLR,6230,acf:6231,NCGR,6231,1,adjacent_graphics_slots,False
,acf:6231,NCGR,6231,acf:6232,NCLR,6232,1,adjacent_graphics_slots,False
,acf:6232,NCLR,6232,acf:6233,NCGR,6233,1,adjacent_graphics_slots,False
,acf:6233,NCGR,6233,acf:6234,NCLR,6234,1,adjacent_graphics_slots,False
,acf:6234,NCLR,6234,acf:6235,NCGR,6235,1,adjacent_graphics_slots,False
,acf:6235,NCGR,6235,acf:6236,NCLR,6236,1,adjacent_graphics_slots,False
,acf:6236,NCLR,6236,acf:6237,NCGR,6237,1,adjacent_graphics_slots,False
,acf:6237,NCGR,6237,acf:6238,NCLR,6238,1,adjacent_graphics_slots,False
,acf:6238,NCLR,6238,acf:6239,NCGR,6239,1,adjacent_graphics_slots,False
,acf:6239,NCGR,6239,acf:6240,NCLR,6240,1,adjacent_graphics_slots,False
,acf:6240,NCLR,6240,acf:6241,NCGR,6241,1,adjacent_graphics_slots,False
,acf:6241,NCGR,6241,acf:6242,NCLR,6242,1,adjacent_graphics_slots,False
,acf:6242,NCLR,6242,acf:6243,NCGR,6243,1,adjacent_graphics_slots,False
,acf:6243,NCGR,6243,acf:6244,NCLR,6244,1,adjacent_graphics_slots,False
,acf:6244,NCLR,6244,acf:6245,NCGR,6245,1,adjacent_graphics_slots,False
,acf:6245,NCGR,6245,acf:6246,NCLR,6246,1,adjacent_graphics_slots,False
,acf:6246,NCLR,6246,acf:6247,NCGR,6247,1,adjacent_graphics_slots,False
,acf:6247,NCGR,6247,acf:6248,NCLR,6248,1,adjacent_graphics_slots,False
,acf:6248,NCLR,6248,acf:6249,NCGR,6249,1,adjacent_graphics_slots,False
,acf:6249,NCGR,6249,acf:6250,NCLR,6250,1,adjacent_graphics_slots,False
,acf:6250,NCLR,6250,acf:6251,NCGR,6251,1,adjacent_graphics_slots,False
,acf:6251,NCGR,6251,acf:6252,NCLR,6252,1,adjacent_graphics_slots,False
,acf:6252,NCLR,6252,acf:6253,NCGR,6253,1,adjacent_graphics_slots,False
,acf:6253,NCGR,6253,acf:6254,NCLR,6254,1,adjacent_graphics_slots,False
,acf:6254,NCLR,6254,acf:6255,NCGR,6255,1,adjacent_graphics_slots,False
,acf:6255,NCGR,6255,acf:6256,NCLR,6256,1,adjacent_graphics_slots,False
,acf:6256,NCLR,6256,acf:6257,NCGR,6257,1,adjacent_graphics_slots,False
,acf:6257,NCGR,6257,acf:6258,NCLR,6258,1,adjacent_graphics_slots,False
,acf:6258,NCLR,6258,acf:6259,NCGR,6259,1,adjacent_graphics_slots,False
,acf:6259,NCGR,6259,acf:6260,NCLR,6260,1,adjacent_graphics_slots,False
,acf:6260,NCLR,6260,acf:6261,NCGR,6261,1,adjacent_graphics_slots,False
,acf:6261,NCGR,6261,acf:6262,NCLR,6262,1,adjacent_graphics_slots,False
,acf:6262,NCLR,6262,acf:6263,NCGR,6263,1,adjacent_graphics_slots,False
,acf:6263,NCGR,6263,acf:6264,NCLR,6264,1,adjacent_graphics_slots,False
,acf:6264,NCLR,6264,acf:6265,NCGR,6265,1,adjacent_graphics_slots,False
,acf:6265,NCGR,6265,acf:6266,NCLR,6266,1,adjacent_graphics_slots,False
,acf:6266,NCLR,6266,acf:6267,NCGR,6267,1,adjacent_graphics_slots,False
,acf:6267,NCGR,6267,acf:6268,NCLR,6268,1,adjacent_graphics_slots,False
,acf:6268,NCLR,6268,acf:6269,NCGR,6269,1,adjacent_graphics_slots,False
,acf:6269,NCGR,6269,acf:6270,NCLR,6270,1,adjacent_graphics_slots,False
,acf:6270,NCLR,6270,acf:6271,NCGR,6271,1,adjacent_graphics_slots,False
,acf:6271,NCGR,6271,acf:6272,NCLR,6272,1,adjacent_graphics_slots,False
,acf:6272,NCLR,6272,acf:6273,NCGR,6273,1,adjacent_graphics_slots,False
,acf:6273,NCGR,6273,acf:6274,NCLR,6274,1,adjacent_graphics_slots,False
,acf:6274,NCLR,6274,acf:6275,NCGR,6275,1,adjacent_graphics_slots,False
,acf:6275,NCGR,6275,acf:6276,NCLR,6276,1,adjacent_graphics_slots,False
,acf:6276,NCLR,6276,acf:6277,NCGR,6277,1,adjacent_graphics_slots,False
,acf:6277,NCGR,6277,acf:6278,NCLR,6278,1,adjacent_graphics_slots,False
,acf:6278,NCLR,6278,acf:6279,NCGR,6279,1,adjacent_graphics_slots,False
,acf:6279,NCGR,6279,acf:6280,NCLR,6280,1,adjacent_graphics_slots,False
,acf:6280,NCLR,6280,acf:6281,NCGR,6281,1,adjacent_graphics_slots,False
,acf:6281,NCGR,6281,acf:6282,NCLR,6282,1,adjacent_graphics_slots,False
,acf:6282,NCLR,6282,acf:6283,NCGR,6283,1,adjacent_graphics_slots,False
,acf:6283,NCGR,6283,acf:6284,NCLR,6284,1,adjacent_graphics_slots,False
,acf:6284,NCLR,6284,acf:6285,NCGR,6285,1,adjacent_graphics_slots,False
,acf:6285,NCGR,6285,acf:6286,NCLR,6286,1,adjacent_graphics_slots,False
,acf:6286,NCLR,6286,acf:6287,NCGR,6287,1,adjacent_graphics_slots,False
,acf:6287,NCGR,6287,acf:6288,NCLR,6288,1,adjacent_graphics_slots,False
,acf:6288,NCLR,6288,acf:6289,NCGR,6289,1,adjacent_graphics_slots,False
,acf:6289,NCGR,6289,acf:6290,NCLR,6290,1,adjacent_graphics_slots,False
,acf:6290,NCLR,6290,acf:6291,NCGR,6291,1,adjacent_graphics_slots,False
,acf:6291,NCGR,6291,acf:6292,NCLR,6292,1,adjacent_graphics_slots,False
,acf:6292,NCLR,6292,acf:6293,NCGR,6293,1,adjacent_graphics_slots,False
,acf:6293,NCGR,6293,acf:6294,NCLR,6294,1,adjacent_graphics_slots,False
,acf:6294,NCLR,6294,acf:6295,NCGR,6295,1,adjacent_graphics_slots,False
,acf:6295,NCGR,6295,acf:6296,NCLR,6296,1,adjacent_graphics_slots,False
,acf:6296,NCLR,6296,acf:6297,NCGR,6297,1,adjacent_graphics_slots,False
,acf:6297,NCGR,6297,acf:6298,NCLR,6298,1,adjacent_graphics_slots,False
,acf:6298,NCLR,6298,acf:6299,NCGR,6299,1,adjacent_graphics_slots,False
,acf:6299,NCGR,6299,acf:6300,NCLR,6300,1,adjacent_graphics_slots,False
,acf:6300,NCLR,6300,acf:6301,NCGR,6301,1,adjacent_graphics_slots,False
,acf:6301,NCGR,6301,acf:6302,NCLR,6302,1,adjacent_graphics_slots,False
,acf:6302,NCLR,6302,acf:6303,NCGR,6303,1,adjacent_graphics_slots,False
,acf:6303,NCGR,6303,acf:6304,NCLR,6304,1,adjacent_graphics_slots,False
,acf:6304,NCLR,6304,acf:6305,NCGR,6305,1,adjacent_graphics_slots,False
,acf:6305,NCGR,6305,acf:6306,NCLR,6306,1,adjacent_graphics_slots,False
,acf:6306,NCLR,6306,acf:6307,NCGR,6307,1,adjacent_graphics_slots,False
,acf:6307,NCGR,6307,acf:6308,NCLR,6308,1,adjacent_graphics_slots,False
,acf:6308,NCLR,6308,acf:6309,NCGR,6309,1,adjacent_graphics_slots,False
,acf:6309,NCGR,6309,acf:6310,NCLR,6310,1,adjacent_graphics_slots,False
,acf:6310,NCLR,6310,acf:6311,NCGR,6311,1,adjacent_graphics_slots,False
,acf:6311,NCGR,6311,acf:6312,NCLR,6312,1,adjacent_graphics_slots,False
,acf:6312,NCLR,6312,acf:6313,NCGR,6313,1,adjacent_graphics_slots,False
,acf:6313,NCGR,6313,acf:6314,NCLR,6314,1,adjacent_graphics_slots,False
,acf:6314,NCLR,6314,acf:6315,NCGR,6315,1,adjacent_graphics_slots,False
,acf:6315,NCGR,6315,acf:6316,NCLR,6316,1,adjacent_graphics_slots,False
,acf:6316,NCLR,6316,acf:6317,NCGR,6317,1,adjacent_graphics_slots,False
,acf:6317,NCGR,6317,acf:6318,NCLR,6318,1,adjacent_graphics_slots,False
,acf:6318,NCLR,6318,acf:6319,NCGR,6319,1,adjacent_graphics_slots,False
,acf:6319,NCGR,6319,acf:6320,NCLR,6320,1,adjacent_graphics_slots,False
,acf:6320,NCLR,6320,acf:6321,NCGR,6321,1,adjacent_graphics_slots,False
,acf:6321,NCGR,6321,acf:6322,NCLR,6322,1,adjacent_graphics_slots,False
,acf:6322,NCLR,6322,acf:6323,NCGR,6323,1,adjacent_graphics_slots,False
,acf:6323,NCGR,6323,acf:6324,NCLR,6324,1,adjacent_graphics_slots,False
,acf:6324,NCLR,6324,acf:6325,NCGR,6325,1,adjacent_graphics_slots,False
,acf:6325,NCGR,6325,acf:6326,NCLR,6326,1,adjacent_graphics_slots,False
,acf:6326,NCLR,6326,acf:6327,NCGR,6327,1,adjacent_graphics_slots,False
,acf:6327,NCGR,6327,acf:6328,NCLR,6328,1,adjacent_graphics_slots,False
,acf:6328,NCLR,6328,acf:6329,NCGR,6329,1,adjacent_graphics_slots,False
,acf:6329,NCGR,6329,acf:6330,NCLR,6330,1,adjacent_graphics_slots,False
,acf:6330,NCLR,6330,acf:6331,NCGR,6331,1,adjacent_graphics_slots,False
,acf:6331,NCGR,6331,acf:6332,NCLR,6332,1,adjacent_graphics_slots,False
,acf:6332,NCLR,6332,acf:6333,NCGR,6333,1,adjacent_graphics_slots,False
,acf:6333,NCGR,6333,acf:6334,NCLR,6334,1,adjacent_graphics_slots,False
,acf:6334,NCLR,6334,acf:6335,NCGR,6335,1,adjacent_graphics_slots,False
,acf:6335,NCGR,6335,acf:6336,NCLR,6336,1,adjacent_graphics_slots,False
,acf:6336,NCLR,6336,acf:6337,NCGR,6337,1,adjacent_graphics_slots,False
,acf:6337,NCGR,6337,acf:6338,NCLR,6338,1,adjacent_graphics_slots,False
,acf:6338,NCLR,6338,acf:6339,NCGR,6339,1,adjacent_graphics_slots,False
,acf:6339,NCGR,6339,acf:6340,NCLR,6340,1,adjacent_graphics_slots,False
,acf:6340,NCLR,6340,acf:6341,NCGR,6341,1,adjacent_graphics_slots,False
,acf:6341,NCGR,6341,acf:6342,NCLR,6342,1,adjacent_graphics_slots,False
,acf:6342,NCLR,6342,acf:6343,NCGR,6343,1,adjacent_graphics_slots,False
,acf:6343,NCGR,6343,acf:6344,NCLR,6344,1,adjacent_graphics_slots,False
,acf:6344,NCLR,6344,acf:6345,NCGR,6345,1,adjacent_graphics_slots,False
,acf:6345,NCGR,6345,acf:6346,NCLR,6346,1,adjacent_graphics_slots,False
,acf:6346,NCLR,6346,acf:6347,NCGR,6347,1,adjacent_graphics_slots,False
,acf:6347,NCGR,6347,acf:6348,NCLR,6348,1,adjacent_graphics_slots,False
,acf:6348,NCLR,6348,acf:6349,NCGR,6349,1,adjacent_graphics_slots,False
,acf:6349,NCGR,6349,acf:6350,NCLR,6350,1,adjacent_graphics_slots,False
,acf:6350,NCLR,6350,acf:6351,NCGR,6351,1,adjacent_graphics_slots,False
,acf:6351,NCGR,6351,acf:6352,NCLR,6352,1,adjacent_graphics_slots,False
,acf:6352,NCLR,6352,acf:6353,NCGR,6353,1,adjacent_graphics_slots,False
,acf:6353,NCGR,6353,acf:6354,NCLR,6354,1,adjacent_graphics_slots,False
,acf:6354,NCLR,6354,acf:6355,NCGR,6355,1,adjacent_graphics_slots,False
,acf:6355,NCGR,6355,acf:6356,NCLR,6356,1,adjacent_graphics_slots,False
,acf:6402,NCGR,6402,acf:6403,NCLR,6403,1,adjacent_graphics_slots,False
,acf:6403,NCLR,6403,acf:6404,NSCR,6404,1,adjacent_graphics_slots,False
,acf:6404,NSCR,6404,acf:6405,NCGR,6405,1,adjacent_graphics_slots,False
,acf:6405,NCGR,6405,acf:6406,NCLR,6406,1,adjacent_graphics_slots,False
,acf:6406,NCLR,6406,acf:6407,NCER,6407,1,adjacent_graphics_slots,False
,acf:6407,NCER,6407,acf:6408,NANR,6408,1,adjacent_graphics_slots,False
,acf:6646,NCER,6646,acf:6647,NANR,6647,1,adjacent_graphics_slots,False
,acf:6647,NANR,6647,acf:6648,NCGR,6648,1,adjacent_graphics_slots,False
,acf:6648,NCGR,6648,acf:6649,NCLR,6649,1,adjacent_graphics_slots,False
,acf:6656,NCGR,6656,acf:6657,NCLR,6657,1,adjacent_graphics_slots,False
,acf:6657,NCLR,6657,acf:6658,NCGR,6658,1,adjacent_graphics_slots,False
,acf:6658,NCGR,6658,acf:6659,NCLR,6659,1,adjacent_graphics_slots,False
,acf:6659,NCLR,6659,acf:6660,NCGR,6660,1,adjacent_graphics_slots,False
,acf:6660,NCGR,6660,acf:6661,NCLR,6661,1,adjacent_graphics_slots,False
,acf:6661,NCLR,6661,acf:6662,NCGR,6662,1,adjacent_graphics_slots,False
,acf:6662,NCGR,6662,acf:6663,NCLR,6663,1,adjacent_graphics_slots,False
,acf:6663,NCLR,6663,acf:6664,NCGR,6664,1,adjacent_graphics_slots,False
,acf:6664,NCGR,6664,acf:6665,NCLR,6665,1,adjacent_graphics_slots,False
,acf:6665,NCLR,6665,acf:6666,NCGR,6666,1,adjacent_graphics_slots,False
,acf:6666,NCGR,6666,acf:6667,NCLR,6667,1,adjacent_graphics_slots,False
,acf:6667,NCLR,6667,acf:6668,NCGR,6668,1,adjacent_graphics_slots,False
,acf:6668,NCGR,6668,acf:6669,NCLR,6669,1,adjacent_graphics_slots,False
,acf:6669,NCLR,6669,acf:6670,NCGR,6670,1,adjacent_graphics_slots,False
,acf:6670,NCGR,6670,acf:6671,NCLR,6671,1,adjacent_graphics_slots,False
,acf:6671,NCLR,6671,acf:6672,NCGR,6672,1,adjacent_graphics_slots,False
,acf:6672,NCGR,6672,acf:6673,NCLR,6673,1,adjacent_graphics_slots,False
,acf:6673,NCLR,6673,acf:6674,NCGR,6674,1,adjacent_graphics_slots,False
,acf:6674,NCGR,6674,acf:6675,NCLR,6675,1,adjacent_graphics_slots,False
,acf:6675,NCLR,6675,acf:6676,NCGR,6676,1,adjacent_graphics_slots,False
,acf:6676,NCGR,6676,acf:6677,NCLR,6677,1,adjacent_graphics_slots,False
,acf:6677,NCLR,6677,acf:6678,NCGR,6678,1,adjacent_graphics_slots,False
,acf:6678,NCGR,6678,acf:6679,NCLR,6679,1,adjacent_graphics_slots,False
,acf:6679,NCLR,6679,acf:6680,NCGR,6680,1,adjacent_graphics_slots,False
,acf:6680,NCGR,6680,acf:6681,NCLR,6681,1,adjacent_graphics_slots,False
,acf:6681,NCLR,6681,acf:6682,NCGR,6682,1,adjacent_graphics_slots,False
,acf:6682,NCGR,6682,acf:6683,NCLR,6683,1,adjacent_graphics_slots,False
,acf:6683,NCLR,6683,acf:6684,NCGR,6684,1,adjacent_graphics_slots,False
,acf:6684,NCGR,6684,acf:6685,NCLR,6685,1,adjacent_graphics_slots,False
,acf:6685,NCLR,6685,acf:6686,NCGR,6686,1,adjacent_graphics_slots,False
,acf:6686,NCGR,6686,acf:6687,NCLR,6687,1,adjacent_graphics_slots,False
,acf:6687,NCLR,6687,acf:6688,NCGR,6688,1,adjacent_graphics_slots,False
,acf:6688,NCGR,6688,acf:6689,NCLR,6689,1,adjacent_graphics_slots,False
,acf:6689,NCLR,6689,acf:6690,NCGR,6690,1,adjacent_graphics_slots,False
,acf:6690,NCGR,6690,acf:6691,NCLR,6691,1,adjacent_graphics_slots,False
,acf:6691,NCLR,6691,acf:6692,NCGR,6692,1,adjacent_graphics_slots,False
,acf:6692,NCGR,6692,acf:6693,NCLR,6693,1,adjacent_graphics_slots,False
,acf:6693,NCLR,6693,acf:6694,NCGR,6694,1,adjacent_graphics_slots,False
,acf:6694,NCGR,6694,acf:6695,NCLR,6695,1,adjacent_graphics_slots,False
,acf:6695,NCLR,6695,acf:6696,NCGR,6696,1,adjacent_graphics_slots,False
,acf:6696,NCGR,6696,acf:6697,NCLR,6697,1,adjacent_graphics_slots,False
,acf:6697,NCLR,6697,acf:6698,NCGR,6698,1,adjacent_graphics_slots,False
,acf:6698,NCGR,6698,acf:6699,NCLR,6699,1,adjacent_graphics_slots,False
,acf:6699,NCLR,6699,acf:6700,NCGR,6700,1,adjacent_graphics_slots,False
,acf:6700,NCGR,6700,acf:6701,NCLR,6701,1,adjacent_graphics_slots,False
,acf:6701,NCLR,6701,acf:6702,NCGR,6702,1,adjacent_graphics_slots,False
,acf:6702,NCGR,6702,acf:6703,NCLR,6703,1,adjacent_graphics_slots,False
,acf:6703,NCLR,6703,acf:6704,NCGR,6704,1,adjacent_graphics_slots,False
,acf:6704,NCGR,6704,acf:6705,NCLR,6705,1,adjacent_graphics_slots,False
,acf:6705,NCLR,6705,acf:6706,NCGR,6706,1,adjacent_graphics_slots,False
,acf:6706,NCGR,6706,acf:6707,NCLR,6707,1,adjacent_graphics_slots,False
,acf:6707,NCLR,6707,acf:6708,NCGR,6708,1,adjacent_graphics_slots,False
,acf:6708,NCGR,6708,acf:6709,NCLR,6709,1,adjacent_graphics_slots,False
,acf:6709,NCLR,6709,acf:6710,NCGR,6710,1,adjacent_graphics_slots,False
,acf:6710,NCGR,6710,acf:6711,NCLR,6711,1,adjacent_graphics_slots,False
,acf:6711,NCLR,6711,acf:6712,NCGR,6712,1,adjacent_graphics_slots,False
,acf:6712,NCGR,6712,acf:6713,NCLR,6713,1,adjacent_graphics_slots,False
,acf:6713,NCLR,6713,acf:6714,NCGR,6714,1,adjacent_graphics_slots,False
,acf:6714,NCGR,6714,acf:6715,NCLR,6715,1,adjacent_graphics_slots,False
,acf:6715,NCLR,6715,acf:6716,NCGR,6716,1,adjacent_graphics_slots,False
,acf:6716,NCGR,6716,acf:6717,NCLR,6717,1,adjacent_graphics_slots,False
,acf:6717,NCLR,6717,acf:6718,NCGR,6718,1,adjacent_graphics_slots,False
,acf:6718,NCGR,6718,acf:6719,NCLR,6719,1,adjacent_graphics_slots,False
,acf:6719,NCLR,6719,acf:6720,NCGR,6720,1,adjacent_graphics_slots,False
,acf:6720,NCGR,6720,acf:6721,NCLR,6721,1,adjacent_graphics_slots,False
,acf:6721,NCLR,6721,acf:6722,NCGR,6722,1,adjacent_graphics_slots,False
,acf:6722,NCGR,6722,acf:6723,NCLR,6723,1,adjacent_graphics_slots,False
,acf:6723,NCLR,6723,acf:6724,NCGR,6724,1,adjacent_graphics_slots,False
,acf:6724,NCGR,6724,acf:6725,NCLR,6725,1,adjacent_graphics_slots,False
,acf:6725,NCLR,6725,acf:6726,NCGR,6726,1,adjacent_graphics_slots,False
,acf:6726,NCGR,6726,acf:6727,NCLR,6727,1,adjacent_graphics_slots,False
,acf:6727,NCLR,6727,acf:6728,NCGR,6728,1,adjacent_graphics_slots,False
,acf:6728,NCGR,6728,acf:6729,NCLR,6729,1,adjacent_graphics_slots,False
,acf:6729,NCLR,6729,acf:6730,NCGR,6730,1,adjacent_graphics_slots,False
,acf:6730,NCGR,6730,acf:6731,NCLR,6731,1,adjacent_graphics_slots,False
,acf:6731,NCLR,6731,acf:6732,NCGR,6732,1,adjacent_graphics_slots,False
,acf:6732,NCGR,6732,acf:6733,NCLR,6733,1,adjacent_graphics_slots,False
,acf:6733,NCLR,6733,acf:6734,NCGR,6734,1,adjacent_graphics_slots,False
,acf:6734,NCGR,6734,acf:6735,NCLR,6735,1,adjacent_graphics_slots,False
,acf:6735,NCLR,6735,acf:6736,NCGR,6736,1,adjacent_graphics_slots,False
,acf:6736,NCGR,6736,acf:6737,NCLR,6737,1,adjacent_graphics_slots,False
,acf:6737,NCLR,6737,acf:6738,NCGR,6738,1,adjacent_graphics_slots,False
,acf:6738,NCGR,6738,acf:6739,NCLR,6739,1,adjacent_graphics_slots,False
,acf:6739,NCLR,6739,acf:6740,NCGR,6740,1,adjacent_graphics_slots,False
,acf:6740,NCGR,6740,acf:6741,NCLR,6741,1,adjacent_graphics_slots,False
,acf:6741,NCLR,6741,acf:6742,NCGR,6742,1,adjacent_graphics_slots,False
,acf:6742,NCGR,6742,acf:6743,NCLR,6743,1,adjacent_graphics_slots,False
,acf:6743,NCLR,6743,acf:6744,NCGR,6744,1,adjacent_graphics_slots,False
,acf:6744,NCGR,6744,acf:6745,NCLR,6745,1,adjacent_graphics_slots,False
,acf:6745,NCLR,6745,acf:6746,NCGR,6746,1,adjacent_graphics_slots,False
,acf:6746,NCGR,6746,acf:6747,NCLR,6747,1,adjacent_graphics_slots,False
,acf:6747,NCLR,6747,acf:6748,NCGR,6748,1,adjacent_graphics_slots,False
,acf:6748,NCGR,6748,acf:6749,NCLR,6749,1,adjacent_graphics_slots,False
,acf:6749,NCLR,6749,acf:6750,NCGR,6750,1,adjacent_graphics_slots,False
,acf:6750,NCGR,6750,acf:6751,NCLR,6751,1,adjacent_graphics_slots,False
,acf:6751,NCLR,6751,acf:6752,NCGR,6752,1,adjacent_graphics_slots,False
,acf:6752,NCGR,6752,acf:6753,NCLR,6753,1,adjacent_graphics_slots,False
,acf:6753,NCLR,6753,acf:6754,NCGR,6754,1,adjacent_graphics_slots,False
,acf:6754,NCGR,6754,acf:6755,NCLR,6755,1,adjacent_graphics_slots,False
,acf:6755,NCLR,6755,acf:6756,NCGR,6756,1,adjacent_graphics_slots,False
,acf:6756,NCGR,6756,acf:6757,NCLR,6757,1,adjacent_graphics_slots,False
,acf:6757,NCLR,6757,acf:6758,NCGR,6758,1,adjacent_graphics_slots,False
,acf:6758,NCGR,6758,acf:6759,NCLR,6759,1,adjacent_graphics_slots,False
,acf:6759,NCLR,6759,acf:6760,NCGR,6760,1,adjacent_graphics_slots,False
,acf:6760,NCGR,6760,acf:6761,NCLR,6761,1,adjacent_graphics_slots,False
,acf:6761,NCLR,6761,acf:6762,NCGR,6762,1,adjacent_graphics_slots,False
,acf:6762,NCGR,6762,acf:6763,NCLR,6763,1,adjacent_graphics_slots,False
,acf:6763,NCLR,6763,acf:6764,NCGR,6764,1,adjacent_graphics_slots,False
,acf:6764,NCGR,6764,acf:6765,NCLR,6765,1,adjacent_graphics_slots,False
,acf:6765,NCLR,6765,acf:6766,NCGR,6766,1,adjacent_graphics_slots,False
,acf:6766,NCGR,6766,acf:6767,NCLR,6767,1,adjacent_graphics_slots,False
,acf:6767,NCLR,6767,acf:6768,NCGR,6768,1,adjacent_graphics_slots,False
,acf:6768,NCGR,6768,acf:6769,NCLR,6769,1,adjacent_graphics_slots,False
,acf:6769,NCLR,6769,acf:6770,NCGR,6770,1,adjacent_graphics_slots,False
,acf:6770,NCGR,6770,acf:6771,NCLR,6771,1,adjacent_graphics_slots,False
,acf:6771,NCLR,6771,acf:6772,NCGR,6772,1,adjacent_graphics_slots,False
,acf:6772,NCGR,6772,acf:6773,NCLR,6773,1,adjacent_graphics_slots,False
,acf:6773,NCLR,6773,acf:6774,NCGR,6774,1,adjacent_graphics_slots,False
,acf:6774,NCGR,6774,acf:6775,NCLR,6775,1,adjacent_graphics_slots,False
,acf:6775,NCLR,6775,acf:6776,NCGR,6776,1,adjacent_graphics_slots,False
,acf:6776,NCGR,6776,acf:6777,NCLR,6777,1,adjacent_graphics_slots,False
,acf:6777,NCLR,6777,acf:6778,NCGR,6778,1,adjacent_graphics_slots,False
,acf:6778,NCGR,6778,acf:6779,NCLR,6779,1,adjacent_graphics_slots,False
,acf:6779,NCLR,6779,acf:6780,NCGR,6780,1,adjacent_graphics_slots,False
,acf:6780,NCGR,6780,acf:6781,NCLR,6781,1,adjacent_graphics_slots,False
,acf:6781,NCLR,6781,acf:6782,NCGR,6782,1,adjacent_graphics_slots,False
,acf:6782,NCGR,6782,acf:6783,NCLR,6783,1,adjacent_graphics_slots,False
,acf:6783,NCLR,6783,acf:6784,NCGR,6784,1,adjacent_graphics_slots,False
,acf:6784,NCGR,6784,acf:6785,NCLR,6785,1,adjacent_graphics_slots,False
,acf:6785,NCLR,6785,acf:6786,NCGR,6786,1,adjacent_graphics_slots,False
,acf:6786,NCGR,6786,acf:6787,NCLR,6787,1,adjacent_graphics_slots,False
,acf:6787,NCLR,6787,acf:6788,NCGR,6788,1,adjacent_graphics_slots,False
,acf:6788,NCGR,6788,acf:6789,NCLR,6789,1,adjacent_graphics_slots,False
,acf:6789,NCLR,6789,acf:6790,NCGR,6790,1,adjacent_graphics_slots,False
,acf:6790,NCGR,6790,acf:6791,NCLR,6791,1,adjacent_graphics_slots,False
,acf:6791,NCLR,6791,acf:6792,NCGR,6792,1,adjacent_graphics_slots,False
,acf:6792,NCGR,6792,acf:6793,NCLR,6793,1,adjacent_graphics_slots,False
,acf:6793,NCLR,6793,acf:6794,NCGR,6794,1,adjacent_graphics_slots,False
,acf:6794,NCGR,6794,acf:6795,NCLR,6795,1,adjacent_graphics_slots,False
,acf:6795,NCLR,6795,acf:6796,NCGR,6796,1,adjacent_graphics_slots,False
,acf:6796,NCGR,6796,acf:6797,NCLR,6797,1,adjacent_graphics_slots,False
,acf:6797,NCLR,6797,acf:6798,NCGR,6798,1,adjacent_graphics_slots,False
,acf:6798,NCGR,6798,acf:6799,NCLR,6799,1,adjacent_graphics_slots,False
,acf:6799,NCLR,6799,acf:6800,NCGR,6800,1,adjacent_graphics_slots,False
,acf:6800,NCGR,6800,acf:6801,NCLR,6801,1,adjacent_graphics_slots,False
,acf:6801,NCLR,6801,acf:6802,NCGR,6802,1,adjacent_graphics_slots,False
,acf:6802,NCGR,6802,acf:6803,NCLR,6803,1,adjacent_graphics_slots,False
,acf:6803,NCLR,6803,acf:6804,NCGR,6804,1,adjacent_graphics_slots,False
,acf:6804,NCGR,6804,acf:6805,NCLR,6805,1,adjacent_graphics_slots,False
,acf:6805,NCLR,6805,acf:6806,NCGR,6806,1,adjacent_graphics_slots,False
,acf:6806,NCGR,6806,acf:6807,NCLR,6807,1,adjacent_graphics_slots,False
,acf:6807,NCLR,6807,acf:6808,NCGR,6808,1,adjacent_graphics_slots,False
,acf:6808,NCGR,6808,acf:6809,NCLR,6809,1,adjacent_graphics_slots,False
,acf:6809,NCLR,6809,acf:6810,NCGR,6810,1,adjacent_graphics_slots,False
,acf:6810,NCGR,6810,acf:6811,NCLR,6811,1,adjacent_graphics_slots,False
,acf:6811,NCLR,6811,acf:6812,NCGR,6812,1,adjacent_graphics_slots,False
,acf:6812,NCGR,6812,acf:6813,NCLR,6813,1,adjacent_graphics_slots,False
,acf:6813,NCLR,6813,acf:6814,NCGR,6814,1,adjacent_graphics_slots,False
,acf:6814,NCGR,6814,acf:6815,NCLR,6815,1,adjacent_graphics_slots,False
,acf:6815,NCLR,6815,acf:6816,NCGR,6816,1,adjacent_graphics_slots,False
,acf:6816,NCGR,6816,acf:6817,NCLR,6817,1,adjacent_graphics_slots,False
,acf:6817,NCLR,6817,acf:6818,NCGR,6818,1,adjacent_graphics_slots,False
,acf:6818,NCGR,6818,acf:6819,NCLR,6819,1,adjacent_graphics_slots,False
,acf:6819,NCLR,6819,acf:6820,NCGR,6820,1,adjacent_graphics_slots,False
,acf:6820,NCGR,6820,acf:6821,NCLR,6821,1,adjacent_graphics_slots,False
,acf:6821,NCLR,6821,acf:6822,NCGR,6822,1,adjacent_graphics_slots,False
,acf:6822,NCGR,6822,acf:6823,NCLR,6823,1,adjacent_graphics_slots,False
,acf:6823,NCLR,6823,acf:6824,NCGR,6824,1,adjacent_graphics_slots,False
,acf:6824,NCGR,6824,acf:6825,NCLR,6825,1,adjacent_graphics_slots,False
,acf:6825,NCLR,6825,acf:6826,NCGR,6826,1,adjacent_graphics_slots,False
,acf:6826,NCGR,6826,acf:6827,NCLR,6827,1,adjacent_graphics_slots,False
,acf:6827,NCLR,6827,acf:6828,NCGR,6828,1,adjacent_graphics_slots,False
,acf:6828,NCGR,6828,acf:6829,NCLR,6829,1,adjacent_graphics_slots,False
,acf:6833,NCGR,6833,acf:6834,NCLR,6834,1,adjacent_graphics_slots,False
,acf:6834,NCLR,6834,acf:6835,NSCR,6835,1,adjacent_graphics_slots,False
,acf:6835,NSCR,6835,acf:6836,NCGR,6836,1,adjacent_graphics_slots,False
,acf:6836,NCGR,6836,acf:6837,NCLR,6837,1,adjacent_graphics_slots,False
,acf:6837,NCLR,6837,acf:6838,NCER,6838,1,adjacent_graphics_slots,False
,acf:6838,NCER,6838,acf:6839,NANR,6839,1,adjacent_graphics_slots,False
,acf:6839,NANR,6839,acf:6840,NCGR,6840,1,adjacent_graphics_slots,False
,acf:6840,NCGR,6840,acf:6841,NCLR,6841,1,adjacent_graphics_slots,False
,acf:6841,NCLR,6841,acf:6842,NCER,6842,1,adjacent_graphics_slots,False
,acf:6842,NCER,6842,acf:6843,NANR,6843,1,adjacent_graphics_slots,False
,acf:6843,NANR,6843,acf:6844,NCGR,6844,1,adjacent_graphics_slots,False
,acf:6844,NCGR,6844,acf:6845,NCLR,6845,1,adjacent_graphics_slots,False
,acf:8131,NCGR,8131,acf:8132,NCLR,8132,1,adjacent_graphics_slots,False
,acf:8132,NCLR,8132,acf:8133,NCGR,8133,1,adjacent_graphics_slots,False
,acf:8133,NCGR,8133,acf:8134,NCLR,8134,1,adjacent_graphics_slots,False
,acf:8134,NCLR,8134,acf:8135,NCGR,8135,1,adjacent_graphics_slots,False
,acf:8135,NCGR,8135,acf:8136,NCLR,8136,1,adjacent_graphics_slots,False
,acf:8138,NCGR,8138,acf:8139,NCLR,8139,1,adjacent_graphics_slots,False
,acf:8139,NCLR,8139,acf:8140,NCGR,8140,1,adjacent_graphics_slots,False
,acf:8140,NCGR,8140,acf:8141,NCLR,8141,1,adjacent_graphics_slots,False
,acf:8141,NCLR,8141,acf:8142,NCGR,8142,1,adjacent_graphics_slots,False
,acf:8142,NCGR,8142,acf:8143,NCLR,8143,1,adjacent_graphics_slots,False
,acf:8143,NCLR,8143,acf:8144,NCGR,8144,1,adjacent_graphics_slots,False
,acf:8144,NCGR,8144,acf:8145,NCLR,8145,1,adjacent_graphics_slots,False
,acf:8145,NCLR,8145,acf:8146,NCGR,8146,1,adjacent_graphics_slots,False
,acf:8146,NCGR,8146,acf:8147,NCLR,8147,1,adjacent_graphics_slots,False
,acf:8147,NCLR,8147,acf:8148,NCGR,8148,1,adjacent_graphics_slots,False
,acf:8148,NCGR,8148,acf:8149,NCLR,8149,1,adjacent_graphics_slots,False
,acf:8149,NCLR,8149,acf:8150,NCGR,8150,1,adjacent_graphics_slots,False
,acf:8150,NCGR,8150,acf:8151,NCLR,8151,1,adjacent_graphics_slots,False
,acf:8151,NCLR,8151,acf:8152,NCGR,8152,1,adjacent_graphics_slots,False
,acf:8152,NCGR,8152,acf:8153,NCLR,8153,1,adjacent_graphics_slots,False
,acf:8153,NCLR,8153,acf:8154,NCGR,8154,1,adjacent_graphics_slots,False
,acf:8154,NCGR,8154,acf:8155,NCLR,8155,1,adjacent_graphics_slots,False
,acf:8155,NCLR,8155,acf:8156,NCGR,8156,1,adjacent_graphics_slots,False
,acf:8156,NCGR,8156,acf:8157,NCLR,8157,1,adjacent_graphics_slots,False
,acf:8157,NCLR,8157,acf:8158,NCGR,8158,1,adjacent_graphics_slots,False
,acf:8158,NCGR,8158,acf:8159,NCLR,8159,1,adjacent_graphics_slots,False
,acf:8159,NCLR,8159,acf:8160,NCGR,8160,1,adjacent_graphics_slots,False
,acf:8160,NCGR,8160,acf:8161,NCLR,8161,1,adjacent_graphics_slots,False
,acf:8161,NCLR,8161,acf:8162,NCGR,8162,1,adjacent_graphics_slots,False
,acf:8162,NCGR,8162,acf:8163,NCLR,8163,1,adjacent_graphics_slots,False
,acf:8163,NCLR,8163,acf:8164,NCGR,8164,1,adjacent_graphics_slots,False
,acf:8164,NCGR,8164,acf:8165,NCLR,8165,1,adjacent_graphics_slots,False
,acf:8165,NCLR,8165,acf:8166,NCGR,8166,1,adjacent_graphics_slots,False
,acf:8166,NCGR,8166,acf:8167,NCLR,8167,1,adjacent_graphics_slots,False
,acf:8167,NCLR,8167,acf:8168,NCGR,8168,1,adjacent_graphics_slots,False
,acf:8168,NCGR,8168,acf:8169,NCLR,8169,1,adjacent_graphics_slots,False
,acf:8169,NCLR,8169,acf:8170,NCGR,8170,1,adjacent_graphics_slots,False
,acf:8170,NCGR,8170,acf:8171,NCLR,8171,1,adjacent_graphics_slots,False
,acf:8171,NCLR,8171,acf:8172,NCGR,8172,1,adjacent_graphics_slots,False
,acf:8172,NCGR,8172,acf:8173,NCLR,8173,1,adjacent_graphics_slots,False
,acf:8173,NCLR,8173,acf:8174,NCGR,8174,1,adjacent_graphics_slots,False
,acf:8174,NCGR,8174,acf:8175,NCLR,8175,1,adjacent_graphics_slots,False
,acf:8175,NCLR,8175,acf:8176,NCGR,8176,1,adjacent_graphics_slots,False
,acf:8176,NCGR,8176,acf:8177,NCLR,8177,1,adjacent_graphics_slots,False
,acf:8179,NCGR,8179,acf:8180,NCLR,8180,1,adjacent_graphics_slots,False
,acf:8180,NCLR,8180,acf:8181,NCGR,8181,1,adjacent_graphics_slots,False
,acf:8181,NCGR,8181,acf:8182,NCLR,8182,1,adjacent_graphics_slots,False
,acf:8182,NCLR,8182,acf:8183,NCGR,8183,1,adjacent_graphics_slots,False
,acf:8183,NCGR,8183,acf:8184,NCLR,8184,1,adjacent_graphics_slots,False
,acf:8184,NCLR,8184,acf:8185,NCGR,8185,1,adjacent_graphics_slots,False
,acf:8185,NCGR,8185,acf:8186,NCLR,8186,1,adjacent_graphics_slots,False
,acf:8186,NCLR,8186,acf:8187,NCGR,8187,1,adjacent_graphics_slots,False
,acf:8187,NCGR,8187,acf:8188,NCLR,8188,1,adjacent_graphics_slots,False
,acf:8188,NCLR,8188,acf:8189,NCGR,8189,1,adjacent_graphics_slots,False
,acf:8189,NCGR,8189,acf:8190,NCLR,8190,1,adjacent_graphics_slots,False
,acf:8190,NCLR,8190,acf:8191,NCGR,8191,1,adjacent_graphics_slots,False
,acf:8191,NCGR,8191,acf:8192,NCLR,8192,1,adjacent_graphics_slots,False
,acf:8192,NCLR,8192,acf:8193,NCGR,8193,1,adjacent_graphics_slots,False
,acf:8193,NCGR,8193,acf:8194,NCLR,8194,1,adjacent_graphics_slots,False
,acf:8194,NCLR,8194,acf:8195,NCGR,8195,1,adjacent_graphics_slots,False
,acf:8195,NCGR,8195,acf:8196,NCLR,8196,1,adjacent_graphics_slots,False
,acf:8196,NCLR,8196,acf:8197,NCGR,8197,1,adjacent_graphics_slots,False
,acf:8197,NCGR,8197,acf:8198,NCLR,8198,1,adjacent_graphics_slots,False
,acf:8198,NCLR,8198,acf:8199,NCGR,8199,1,adjacent_graphics_slots,False
,acf:8199,NCGR,8199,acf:8200,NCLR,8200,1,adjacent_graphics_slots,False
,acf:8200,NCLR,8200,acf:8201,NCGR,8201,1,adjacent_graphics_slots,False
,acf:8201,NCGR,8201,acf:8202,NCLR,8202,1,adjacent_graphics_slots,False
,acf:8202,NCLR,8202,acf:8203,NCGR,8203,1,adjacent_graphics_slots,False
,acf:8203,NCGR,8203,acf:8204,NCLR,8204,1,adjacent_graphics_slots,False
,acf:8204,NCLR,8204,acf:8205,NCGR,8205,1,adjacent_graphics_slots,False
,acf:8205,NCGR,8205,acf:8206,NCLR,8206,1,adjacent_graphics_slots,False
,acf:8206,NCLR,8206,acf:8207,NCGR,8207,1,adjacent_graphics_slots,False
,acf:8207,NCGR,8207,acf:8208,NCLR,8208,1,adjacent_graphics_slots,False
,acf:8208,NCLR,8208,acf:8209,NCGR,8209,1,adjacent_graphics_slots,False
,acf:8209,NCGR,8209,acf:8210,NCLR,8210,1,adjacent_graphics_slots,False
,acf:8210,NCLR,8210,acf:8211,NCGR,8211,1,adjacent_graphics_slots,False
,acf:8211,NCGR,8211,acf:8212,NCLR,8212,1,adjacent_graphics_slots,False
,acf:8212,NCLR,8212,acf:8213,NCGR,8213,1,adjacent_graphics_slots,False
,acf:8213,NCGR,8213,acf:8214,NCLR,8214,1,adjacent_graphics_slots,False
,acf:8214,NCLR,8214,acf:8215,NCGR,8215,1,adjacent_graphics_slots,False
,acf:8215,NCGR,8215,acf:8216,NCLR,8216,1,adjacent_graphics_slots,False
,acf:8216,NCLR,8216,acf:8217,NCGR,8217,1,adjacent_graphics_slots,False
,acf:8217,NCGR,8217,acf:8218,NCLR,8218,1,adjacent_graphics_slots,False
,acf:8218,NCLR,8218,acf:8219,NCGR,8219,1,adjacent_graphics_slots,False
,acf:8219,NCGR,8219,acf:8220,NCLR,8220,1,adjacent_graphics_slots,False
,acf:8220,NCLR,8220,acf:8221,NCGR,8221,1,adjacent_graphics_slots,False
,acf:8221,NCGR,8221,acf:8222,NCLR,8222,1,adjacent_graphics_slots,False
,acf:8222,NCLR,8222,acf:8223,NCGR,8223,1,adjacent_graphics_slots,False
,acf:8223,NCGR,8223,acf:8224,NCLR,8224,1,adjacent_graphics_slots,False
,acf:8224,NCLR,8224,acf:8225,NCGR,8225,1,adjacent_graphics_slots,False
,acf:8225,NCGR,8225,acf:8226,NCLR,8226,1,adjacent_graphics_slots,False
,acf:8229,NCGR,8229,acf:8230,NCLR,8230,1,adjacent_graphics_slots,False
,acf:8230,NCLR,8230,acf:8231,NCGR,8231,1,adjacent_graphics_slots,False
,acf:8231,NCGR,8231,acf:8232,NCLR,8232,1,adjacent_graphics_slots,False
,acf:8232,NCLR,8232,acf:8233,NCGR,8233,1,adjacent_graphics_slots,False
,acf:8233,NCGR,8233,acf:8234,NCLR,8234,1,adjacent_graphics_slots,False
,acf:8234,NCLR,8234,acf:8235,NCGR,8235,1,adjacent_graphics_slots,False
,acf:8235,NCGR,8235,acf:8236,NCLR,8236,1,adjacent_graphics_slots,False
,acf:8236,NCLR,8236,acf:8237,NCGR,8237,1,adjacent_graphics_slots,False
,acf:8237,NCGR,8237,acf:8238,NCLR,8238,1,adjacent_graphics_slots,False
,acf:8238,NCLR,8238,acf:8239,NCGR,8239,1,adjacent_graphics_slots,False
,acf:8239,NCGR,8239,acf:8240,NCLR,8240,1,adjacent_graphics_slots,False
,acf:8240,NCLR,8240,acf:8241,NCGR,8241,1,adjacent_graphics_slots,False
,acf:8241,NCGR,8241,acf:8242,NCLR,8242,1,adjacent_graphics_slots,False
,acf:8242,NCLR,8242,acf:8243,NCGR,8243,1,adjacent_graphics_slots,False
,acf:8243,NCGR,8243,acf:8244,NCLR,8244,1,adjacent_graphics_slots,False
,acf:8244,NCLR,8244,acf:8245,NCGR,8245,1,adjacent_graphics_slots,False
,acf:8245,NCGR,8245,acf:8246,NCLR,8246,1,adjacent_graphics_slots,False
,acf:8246,NCLR,8246,acf:8247,NCGR,8247,1,adjacent_graphics_slots,False
,acf:8247,NCGR,8247,acf:8248,NCLR,8248,1,adjacent_graphics_slots,False
,acf:8248,NCLR,8248,acf:8249,NCGR,8249,1,adjacent_graphics_slots,False
,acf:8249,NCGR,8249,acf:8250,NCLR,8250,1,adjacent_graphics_slots,False
,acf:8250,NCLR,8250,acf:8251,NCGR,8251,1,adjacent_graphics_slots,False
,acf:8251,NCGR,8251,acf:8252,NCLR,8252,1,adjacent_graphics_slots,False
,acf:8252,NCLR,8252,acf:8253,NCGR,8253,1,adjacent_graphics_slots,False
,acf:8253,NCGR,8253,acf:8254,NCLR,8254,1,adjacent_graphics_slots,False
,acf:8254,NCLR,8254,acf:8255,NCGR,8255,1,adjacent_graphics_slots,False
,acf:8255,NCGR,8255,acf:8256,NCLR,8256,1,adjacent_graphics_slots,False
,acf:8256,NCLR,8256,acf:8257,NCGR,8257,1,adjacent_graphics_slots,False
,acf:8257,NCGR,8257,acf:8258,NCLR,8258,1,adjacent_graphics_slots,False
,acf:8258,NCLR,8258,acf:8259,NCGR,8259,1,adjacent_graphics_slots,False
,acf:8259,NCGR,8259,acf:8260,NCLR,8260,1,adjacent_graphics_slots,False
,acf:8260,NCLR,8260,acf:8261,NCGR,8261,1,adjacent_graphics_slots,False
,acf:8261,NCGR,8261,acf:8262,NCLR,8262,1,adjacent_graphics_slots,False
,acf:8262,NCLR,8262,acf:8263,NCGR,8263,1,adjacent_graphics_slots,False
,acf:8263,NCGR,8263,acf:8264,NCLR,8264,1,adjacent_graphics_slots,False
,acf:8264,NCLR,8264,acf:8265,NCGR,8265,1,adjacent_graphics_slots,False
,acf:8265,NCGR,8265,acf:8266,NCLR,8266,1,adjacent_graphics_slots,False
,acf:8266,NCLR,8266,acf:8267,NCGR,8267,1,adjacent_graphics_slots,False
,acf:8267,NCGR,8267,acf:8268,NCLR,8268,1,adjacent_graphics_slots,False
,acf:8268,NCLR,8268,acf:8269,NCGR,8269,1,adjacent_graphics_slots,False
,acf:8269,NCGR,8269,acf:8270,NCLR,8270,1,adjacent_graphics_slots,False
,acf:8270,NCLR,8270,acf:8271,NCGR,8271,1,adjacent_graphics_slots,False
,acf:8271,NCGR,8271,acf:8272,NCLR,8272,1,adjacent_graphics_slots,False
,acf:8272,NCLR,8272,acf:8273,NCGR,8273,1,adjacent_graphics_slots,False
,acf:8273,NCGR,8273,acf:8274,NCLR,8274,1,adjacent_graphics_slots,False
,acf:8274,NCLR,8274,acf:8275,NCGR,8275,1,adjacent_graphics_slots,False
,acf:8275,NCGR,8275,acf:8276,NCLR,8276,1,adjacent_graphics_slots,False
,acf:8276,NCLR,8276,acf:8277,NCGR,8277,1,adjacent_graphics_slots,False
,acf:8277,NCGR,8277,acf:8278,NCLR,8278,1,adjacent_graphics_slots,False
,acf:8278,NCLR,8278,acf:8279,NCGR,8279,1,adjacent_graphics_slots,False
,acf:8279,NCGR,8279,acf:8280,NCLR,8280,1,adjacent_graphics_slots,False
,acf:8280,NCLR,8280,acf:8281,NCGR,8281,1,adjacent_graphics_slots,False
,acf:8281,NCGR,8281,acf:8282,NCLR,8282,1,adjacent_graphics_slots,False
,acf:8282,NCLR,8282,acf:8283,NCGR,8283,1,adjacent_graphics_slots,False
,acf:8283,NCGR,8283,acf:8284,NCLR,8284,1,adjacent_graphics_slots,False
,acf:8284,NCLR,8284,acf:8285,NCGR,8285,1,adjacent_graphics_slots,False
,acf:8285,NCGR,8285,acf:8286,NCLR,8286,1,adjacent_graphics_slots,False
,acf:8286,NCLR,8286,acf:8287,NCGR,8287,1,adjacent_graphics_slots,False
,acf:8287,NCGR,8287,acf:8288,NCLR,8288,1,adjacent_graphics_slots,False
,acf:8288,NCLR,8288,acf:8289,NCGR,8289,1,adjacent_graphics_slots,False
,acf:8289,NCGR,8289,acf:8290,NCLR,8290,1,adjacent_graphics_slots,False
,acf:8290,NCLR,8290,acf:8291,NCGR,8291,1,adjacent_graphics_slots,False
,acf:8291,NCGR,8291,acf:8292,NCLR,8292,1,adjacent_graphics_slots,False
,acf:8292,NCLR,8292,acf:8293,NCGR,8293,1,adjacent_graphics_slots,False
,acf:8293,NCGR,8293,acf:8294,NCLR,8294,1,adjacent_graphics_slots,False
,acf:8294,NCLR,8294,acf:8295,NCGR,8295,1,adjacent_graphics_slots,False
,acf:8295,NCGR,8295,acf:8296,NCLR,8296,1,adjacent_graphics_slots,False
,acf:8296,NCLR,8296,acf:8297,NCGR,8297,1,adjacent_graphics_slots,False
,acf:8297,NCGR,8297,acf:8298,NCLR,8298,1,adjacent_graphics_slots,False
,acf:8298,NCLR,8298,acf:8299,NCGR,8299,1,adjacent_graphics_slots,False
,acf:8299,NCGR,8299,acf:8300,NCLR,8300,1,adjacent_graphics_slots,False
,acf:8300,NCLR,8300,acf:8301,NCGR,8301,1,adjacent_graphics_slots,False
,acf:8301,NCGR,8301,acf:8302,NCLR,8302,1,adjacent_graphics_slots,False
,acf:8302,NCLR,8302,acf:8303,NCGR,8303,1,adjacent_graphics_slots,False
,acf:8303,NCGR,8303,acf:8304,NCLR,8304,1,adjacent_graphics_slots,False
,acf:8304,NCLR,8304,acf:8305,NCGR,8305,1,adjacent_graphics_slots,False
,acf:8305,NCGR,8305,acf:8306,NCLR,8306,1,adjacent_graphics_slots,False
,acf:8306,NCLR,8306,acf:8307,NCGR,8307,1,adjacent_graphics_slots,False
,acf:8307,NCGR,8307,acf:8308,NCLR,8308,1,adjacent_graphics_slots,False
,acf:8308,NCLR,8308,acf:8309,NCGR,8309,1,adjacent_graphics_slots,False
,acf:8309,NCGR,8309,acf:8310,NCLR,8310,1,adjacent_graphics_slots,False
,acf:8310,NCLR,8310,acf:8311,NCGR,8311,1,adjacent_graphics_slots,False
,acf:8311,NCGR,8311,acf:8312,NCLR,8312,1,adjacent_graphics_slots,False
,acf:8312,NCLR,8312,acf:8313,NCGR,8313,1,adjacent_graphics_slots,False
,acf:8313,NCGR,8313,acf:8314,NCLR,8314,1,adjacent_graphics_slots,False
,acf:8314,NCLR,8314,acf:8315,NCGR,8315,1,adjacent_graphics_slots,False
,acf:8315,NCGR,8315,acf:8316,NCLR,8316,1,adjacent_graphics_slots,False
,acf:8316,NCLR,8316,acf:8317,NCGR,8317,1,adjacent_graphics_slots,False
,acf:8317,NCGR,8317,acf:8318,NCLR,8318,1,adjacent_graphics_slots,False
,acf:8318,NCLR,8318,acf:8319,NCGR,8319,1,adjacent_graphics_slots,False
,acf:8319,NCGR,8319,acf:8320,NCLR,8320,1,adjacent_graphics_slots,False
,acf:8320,NCLR,8320,acf:8321,NCGR,8321,1,adjacent_graphics_slots,False
,acf:8321,NCGR,8321,acf:8322,NCLR,8322,1,adjacent_graphics_slots,False
,acf:8322,NCLR,8322,acf:8323,NCGR,8323,1,adjacent_graphics_slots,False
,acf:8323,NCGR,8323,acf:8324,NCLR,8324,1,adjacent_graphics_slots,False
,acf:8324,NCLR,8324,acf:8325,NCGR,8325,1,adjacent_graphics_slots,False
,acf:8325,NCGR,8325,acf:8326,NCLR,8326,1,adjacent_graphics_slots,False
,acf:8326,NCLR,8326,acf:8327,NCGR,8327,1,adjacent_graphics_slots,False
,acf:8327,NCGR,8327,acf:8328,NCLR,8328,1,adjacent_graphics_slots,False
,acf:8328,NCLR,8328,acf:8329,NCGR,8329,1,adjacent_graphics_slots,False
,acf:8329,NCGR,8329,acf:8330,NCLR,8330,1,adjacent_graphics_slots,False
,acf:8330,NCLR,8330,acf:8331,NCGR,8331,1,adjacent_graphics_slots,False
,acf:8331,NCGR,8331,acf:8332,NCLR,8332,1,adjacent_graphics_slots,False
,acf:8332,NCLR,8332,acf:8333,NCGR,8333,1,adjacent_graphics_slots,False
,acf:8333,NCGR,8333,acf:8334,NCLR,8334,1,adjacent_graphics_slots,False
,acf:8334,NCLR,8334,acf:8335,NCGR,8335,1,adjacent_graphics_slots,False
,acf:8335,NCGR,8335,acf:8336,NCLR,8336,1,adjacent_graphics_slots,False
,acf:8336,NCLR,8336,acf:8337,NCGR,8337,1,adjacent_graphics_slots,False
,acf:8337,NCGR,8337,acf:8338,NCLR,8338,1,adjacent_graphics_slots,False
,acf:8338,NCLR,8338,acf:8339,NCGR,8339,1,adjacent_graphics_slots,False
,acf:8339,NCGR,8339,acf:8340,NCLR,8340,1,adjacent_graphics_slots,False
,acf:8340,NCLR,8340,acf:8341,NCGR,8341,1,adjacent_graphics_slots,False
,acf:8341,NCGR,8341,acf:8342,NCLR,8342,1,adjacent_graphics_slots,False
,acf:8342,NCLR,8342,acf:8343,NCGR,8343,1,adjacent_graphics_slots,False
,acf:8343,NCGR,8343,acf:8344,NCLR,8344,1,adjacent_graphics_slots,False
,acf:8344,NCLR,8344,acf:8345,NCGR,8345,1,adjacent_graphics_slots,False
,acf:8345,NCGR,8345,acf:8346,NCLR,8346,1,adjacent_graphics_slots,False
,acf:8346,NCLR,8346,acf:8347,NCGR,8347,1,adjacent_graphics_slots,False
,acf:8347,NCGR,8347,acf:8348,NCLR,8348,1,adjacent_graphics_slots,False
,acf:8348,NCLR,8348,acf:8349,NCGR,8349,1,adjacent_graphics_slots,False
,acf:8349,NCGR,8349,acf:8350,NCLR,8350,1,adjacent_graphics_slots,False
,acf:8350,NCLR,8350,acf:8351,NCGR,8351,1,adjacent_graphics_slots,False
,acf:8351,NCGR,8351,acf:8352,NCLR,8352,1,adjacent_graphics_slots,False
,acf:8352,NCLR,8352,acf:8353,NCGR,8353,1,adjacent_graphics_slots,False
,acf:8353,NCGR,8353,acf:8354,NCLR,8354,1,adjacent_graphics_slots,False
,acf:8354,NCLR,8354,acf:8355,NCGR,8355,1,adjacent_graphics_slots,False
,acf:8355,NCGR,8355,acf:8356,NCLR,8356,1,adjacent_graphics_slots,False
,acf:8356,NCLR,8356,acf:8357,NCGR,8357,1,adjacent_graphics_slots,False
,acf:8357,NCGR,8357,acf:8358,NCLR,8358,1,adjacent_graphics_slots,False
,acf:8358,NCLR,8358,acf:8359,NCGR,8359,1,adjacent_graphics_slots,False
,acf:8359,NCGR,8359,acf:8360,NCLR,8360,1,adjacent_graphics_slots,False
,acf:8360,NCLR,8360,acf:8361,NCGR,8361,1,adjacent_graphics_slots,False
,acf:8361,NCGR,8361,acf:8362,NCLR,8362,1,adjacent_graphics_slots,False
,acf:8362,NCLR,8362,acf:8363,NCGR,8363,1,adjacent_graphics_slots,False
,acf:8363,NCGR,8363,acf:8364,NCLR,8364,1,adjacent_graphics_slots,False
,acf:8364,NCLR,8364,acf:8365,NCGR,8365,1,adjacent_graphics_slots,False
,acf:8365,NCGR,8365,acf:8366,NCLR,8366,1,adjacent_graphics_slots,False
,acf:8366,NCLR,8366,acf:8367,NCGR,8367,1,adjacent_graphics_slots,False
,acf:8367,NCGR,8367,acf:8368,NCLR,8368,1,adjacent_graphics_slots,False
,acf:8368,NCLR,8368,acf:8369,NCGR,8369,1,adjacent_graphics_slots,False
,acf:8369,NCGR,8369,acf:8370,NCLR,8370,1,adjacent_graphics_slots,False
,acf:8370,NCLR,8370,acf:8371,NCGR,8371,1,adjacent_graphics_slots,False
,acf:8371,NCGR,8371,acf:8372,NCLR,8372,1,adjacent_graphics_slots,False
,acf:8372,NCLR,8372,acf:8373,NCGR,8373,1,adjacent_graphics_slots,False
,acf:8373,NCGR,8373,acf:8374,NCLR,8374,1,adjacent_graphics_slots,False
,acf:8374,NCLR,8374,acf:8375,NCGR,8375,1,adjacent_graphics_slots,False
,acf:8375,NCGR,8375,acf:8376,NCLR,8376,1,adjacent_graphics_slots,False
,acf:8376,NCLR,8376,acf:8377,NCGR,8377,1,adjacent_graphics_slots,False
,acf:8377,NCGR,8377,acf:8378,NCLR,8378,1,adjacent_graphics_slots,False
,acf:8378,NCLR,8378,acf:8379,NCGR,8379,1,adjacent_graphics_slots,False
,acf:8379,NCGR,8379,acf:8380,NCLR,8380,1,adjacent_graphics_slots,False
,acf:8380,NCLR,8380,acf:8381,NCGR,8381,1,adjacent_graphics_slots,False
,acf:8381,NCGR,8381,acf:8382,NCLR,8382,1,adjacent_graphics_slots,False
,acf:8382,NCLR,8382,acf:8383,NCGR,8383,1,adjacent_graphics_slots,False
,acf:8383,NCGR,8383,acf:8384,NCLR,8384,1,adjacent_graphics_slots,False
,acf:8384,NCLR,8384,acf:8385,NCGR,8385,1,adjacent_graphics_slots,False
,acf:8385,NCGR,8385,acf:8386,NCLR,8386,1,adjacent_graphics_slots,False
,acf:8386,NCLR,8386,acf:8387,NCGR,8387,1,adjacent_graphics_slots,False
,acf:8387,NCGR,8387,acf:8388,NCLR,8388,1,adjacent_graphics_slots,False
,acf:8388,NCLR,8388,acf:8389,NCGR,8389,1,adjacent_graphics_slots,False
,acf:8389,NCGR,8389,acf:8390,NCLR,8390,1,adjacent_graphics_slots,False
,acf:8390,NCLR,8390,acf:8391,NCGR,8391,1,adjacent_graphics_slots,False
,acf:8391,NCGR,8391,acf:8392,NCLR,8392,1,adjacent_graphics_slots,False
,acf:8392,NCLR,8392,acf:8393,NCGR,8393,1,adjacent_graphics_slots,False
,acf:8393,NCGR,8393,acf:8394,NCLR,8394,1,adjacent_graphics_slots,False
,acf:8394,NCLR,8394,acf:8395,NCGR,8395,1,adjacent_graphics_slots,False
,acf:8395,NCGR,8395,acf:8396,NCLR,8396,1,adjacent_graphics_slots,False
,acf:8396,NCLR,8396,acf:8397,NCGR,8397,1,adjacent_graphics_slots,False
,acf:8397,NCGR,8397,acf:8398,NCLR,8398,1,adjacent_graphics_slots,False
,acf:8398,NCLR,8398,acf:8399,NCGR,8399,1,adjacent_graphics_slots,False
,acf:8399,NCGR,8399,acf:8400,NCLR,8400,1,adjacent_graphics_slots,False
,acf:8400,NCLR,8400,acf:8401,NCGR,8401,1,adjacent_graphics_slots,False
,acf:8401,NCGR,8401,acf:8402,NCLR,8402,1,adjacent_graphics_slots,False
,acf:8402,NCLR,8402,acf:8403,NCGR,8403,1,adjacent_graphics_slots,False
,acf:8403,NCGR,8403,acf:8404,NCLR,8404,1,adjacent_graphics_slots,False
,acf:8404,NCLR,8404,acf:8405,NCGR,8405,1,adjacent_graphics_slots,False
,acf:8405,NCGR,8405,acf:8406,NCLR,8406,1,adjacent_graphics_slots,False
,acf:8406,NCLR,8406,acf:8407,NCGR,8407,1,adjacent_graphics_slots,False
,acf:8407,NCGR,8407,acf:8408,NCLR,8408,1,adjacent_graphics_slots,False
,acf:8408,NCLR,8408,acf:8409,NCGR,8409,1,adjacent_graphics_slots,False
,acf:8409,NCGR,8409,acf:8410,NCLR,8410,1,adjacent_graphics_slots,False
,acf:8410,NCLR,8410,acf:8411,NCGR,8411,1,adjacent_graphics_slots,False
,acf:8411,NCGR,8411,acf:8412,NCLR,8412,1,adjacent_graphics_slots,False
,acf:8412,NCLR,8412,acf:8413,NCGR,8413,1,adjacent_graphics_slots,False
,acf:8413,NCGR,8413,acf:8414,NCLR,8414,1,adjacent_graphics_slots,False
,acf:8414,NCLR,8414,acf:8415,NCGR,8415,1,adjacent_graphics_slots,False
,acf:8415,NCGR,8415,acf:8416,NCLR,8416,1,adjacent_graphics_slots,False
,acf:8416,NCLR,8416,acf:8417,NCGR,8417,1,adjacent_graphics_slots,False
,acf:8417,NCGR,8417,acf:8418,NCLR,8418,1,adjacent_graphics_slots,False
,acf:8418,NCLR,8418,acf:8419,NCGR,8419,1,adjacent_graphics_slots,False
,acf:8419,NCGR,8419,acf:8420,NCLR,8420,1,adjacent_graphics_slots,False
,acf:8420,NCLR,8420,acf:8421,NCGR,8421,1,adjacent_graphics_slots,False
,acf:8421,NCGR,8421,acf:8422,NCLR,8422,1,adjacent_graphics_slots,False
,acf:8422,NCLR,8422,acf:8423,NCGR,8423,1,adjacent_graphics_slots,False
,acf:8423,NCGR,8423,acf:8424,NCLR,8424,1,adjacent_graphics_slots,False
,acf:8424,NCLR,8424,acf:8425,NCGR,8425,1,adjacent_graphics_slots,False
,acf:8425,NCGR,8425,acf:8426,NCLR,8426,1,adjacent_graphics_slots,False
,acf:8426,NCLR,8426,acf:8427,NCGR,8427,1,adjacent_graphics_slots,False
,acf:8427,NCGR,8427,acf:8428,NCLR,8428,1,adjacent_graphics_slots,False
,acf:8428,NCLR,8428,acf:8429,NCGR,8429,1,adjacent_graphics_slots,False
,acf:8429,NCGR,8429,acf:8430,NCLR,8430,1,adjacent_graphics_slots,False
,acf:8430,NCLR,8430,acf:8431,NCGR,8431,1,adjacent_graphics_slots,False
,acf:8431,NCGR,8431,acf:8432,NCLR,8432,1,adjacent_graphics_slots,False
,acf:8432,NCLR,8432,acf:8433,NCGR,8433,1,adjacent_graphics_slots,False
,acf:8433,NCGR,8433,acf:8434,NCLR,8434,1,adjacent_graphics_slots,False
,acf:8434,NCLR,8434,acf:8435,NCGR,8435,1,adjacent_graphics_slots,False
,acf:8435,NCGR,8435,acf:8436,NCLR,8436,1,adjacent_graphics_slots,False
,acf:8436,NCLR,8436,acf:8437,NCGR,8437,1,adjacent_graphics_slots,False
,acf:8437,NCGR,8437,acf:8438,NCLR,8438,1,adjacent_graphics_slots,False
,acf:8438,NCLR,8438,acf:8439,NCGR,8439,1,adjacent_graphics_slots,False
,acf:8439,NCGR,8439,acf:8440,NCLR,8440,1,adjacent_graphics_slots,False
,acf:8440,NCLR,8440,acf:8441,NCGR,8441,1,adjacent_graphics_slots,False
,acf:8441,NCGR,8441,acf:8442,NCLR,8442,1,adjacent_graphics_slots,False
,acf:8442,NCLR,8442,acf:8443,NCGR,8443,1,adjacent_graphics_slots,False
,acf:8443,NCGR,8443,acf:8444,NCLR,8444,1,adjacent_graphics_slots,False
,acf:8444,NCLR,8444,acf:8445,NCGR,8445,1,adjacent_graphics_slots,False
,acf:8445,NCGR,8445,acf:8446,NCLR,8446,1,adjacent_graphics_slots,False
,acf:8446,NCLR,8446,acf:8447,NCGR,8447,1,adjacent_graphics_slots,False
,acf:8447,NCGR,8447,acf:8448,NCLR,8448,1,adjacent_graphics_slots,False
,acf:8448,NCLR,8448,acf:8449,NCGR,8449,1,adjacent_graphics_slots,False
,acf:8449,NCGR,8449,acf:8450,NCLR,8450,1,adjacent_graphics_slots,False
,acf:8450,NCLR,8450,acf:8451,NCGR,8451,1,adjacent_graphics_slots,False
,acf:8451,NCGR,8451,acf:8452,NCLR,8452,1,adjacent_graphics_slots,False
,acf:8452,NCLR,8452,acf:8453,NCGR,8453,1,adjacent_graphics_slots,False
,acf:8453,NCGR,8453,acf:8454,NCLR,8454,1,adjacent_graphics_slots,False
,acf:8454,NCLR,8454,acf:8455,NCGR,8455,1,adjacent_graphics_slots,False
,acf:8455,NCGR,8455,acf:8456,NCLR,8456,1,adjacent_graphics_slots,False
,acf:8456,NCLR,8456,acf:8457,NCGR,8457,1,adjacent_graphics_slots,False
,acf:8457,NCGR,8457,acf:8458,NCLR,8458,1,adjacent_graphics_slots,False
,acf:8458,NCLR,8458,acf:8459,NCGR,8459,1,adjacent_graphics_slots,False
,acf:8459,NCGR,8459,acf:8460,NCLR,8460,1,adjacent_graphics_slots,False
,acf:8460,NCLR,8460,acf:8461,NCGR,8461,1,adjacent_graphics_slots,False
,acf:8461,NCGR,8461,acf:8462,NCLR,8462,1,adjacent_graphics_slots,False
,acf:8462,NCLR,8462,acf:8463,NCGR,8463,1,adjacent_graphics_slots,False
,acf:8463,NCGR,8463,acf:8464,NCLR,8464,1,adjacent_graphics_slots,False
,acf:8464,NCLR,8464,acf:8465,NCGR,8465,1,adjacent_graphics_slots,False
,acf:8465,NCGR,8465,acf:8466,NCLR,8466,1,adjacent_graphics_slots,False
,acf:8466,NCLR,8466,acf:8467,NCGR,8467,1,adjacent_graphics_slots,False
,acf:8467,NCGR,8467,acf:8468,NCLR,8468,1,adjacent_graphics_slots,False
,acf:8468,NCLR,8468,acf:8469,NCGR,8469,1,adjacent_graphics_slots,False
,acf:8469,NCGR,8469,acf:8470,NCLR,8470,1,adjacent_graphics_slots,False
,acf:8470,NCLR,8470,acf:8471,NCGR,8471,1,adjacent_graphics_slots,False
,acf:8471,NCGR,8471,acf:8472,NCLR,8472,1,adjacent_graphics_slots,False
,acf:8472,NCLR,8472,acf:8473,NCGR,8473,1,adjacent_graphics_slots,False
,acf:8473,NCGR,8473,acf:8474,NCLR,8474,1,adjacent_graphics_slots,False
,acf:8474,NCLR,8474,acf:8475,NCGR,8475,1,adjacent_graphics_slots,False
,acf:8475,NCGR,8475,acf:8476,NCLR,8476,1,adjacent_graphics_slots,False
,acf:8486,NCGR,8486,acf:8487,NCLR,8487,1,adjacent_graphics_slots,False
,acf:8487,NCLR,8487,acf:8488,NCGR,8488,1,adjacent_graphics_slots,False
,acf:8488,NCGR,8488,acf:8489,NCLR,8489,1,adjacent_graphics_slots,False
,acf:8489,NCLR,8489,acf:8490,NCGR,8490,1,adjacent_graphics_slots,False
,acf:8490,NCGR,8490,acf:8491,NCLR,8491,1,adjacent_graphics_slots,False
,acf:8491,NCLR,8491,acf:8492,NCGR,8492,1,adjacent_graphics_slots,False
,acf:8492,NCGR,8492,acf:8493,NCLR,8493,1,adjacent_graphics_slots,False
,acf:8493,NCLR,8493,acf:8494,NCGR,8494,1,adjacent_graphics_slots,False
,acf:8494,NCGR,8494,acf:8495,NCLR,8495,1,adjacent_graphics_slots,False
,acf:8495,NCLR,8495,acf:8496,NCGR,8496,1,adjacent_graphics_slots,False
,acf:8496,NCGR,8496,acf:8497,NCLR,8497,1,adjacent_graphics_slots,False
,acf:8497,NCLR,8497,acf:8498,NCGR,8498,1,adjacent_graphics_slots,False
,acf:8498,NCGR,8498,acf:8499,NCLR,8499,1,adjacent_graphics_slots,False
,acf:8499,NCLR,8499,acf:8500,NCGR,8500,1,adjacent_graphics_slots,False
,acf:8500,NCGR,8500,acf:8501,NCLR,8501,1,adjacent_graphics_slots,False
,acf:8501,NCLR,8501,acf:8502,NCGR,8502,1,adjacent_graphics_slots,False
,acf:8502,NCGR,8502,acf:8503,NCLR,8503,1,adjacent_graphics_slots,False
,acf:8503,NCLR,8503,acf:8504,NCGR,8504,1,adjacent_graphics_slots,False
,acf:8504,NCGR,8504,acf:8505,NCLR,8505,1,adjacent_graphics_slots,False
,acf:8505,NCLR,8505,acf:8506,NCGR,8506,1,adjacent_graphics_slots,False
,acf:8506,NCGR,8506,acf:8507,NCLR,8507,1,adjacent_graphics_slots,False
,acf:8507,NCLR,8507,acf:8508,NCGR,8508,1,adjacent_graphics_slots,False
,acf:8508,NCGR,8508,acf:8509,NCLR,8509,1,adjacent_graphics_slots,False
,acf:8509,NCLR,8509,acf:8510,NCGR,8510,1,adjacent_graphics_slots,False
,acf:8510,NCGR,8510,acf:8511,NCLR,8511,1,adjacent_graphics_slots,False
,acf:8511,NCLR,8511,acf:8512,NCGR,8512,1,adjacent_graphics_slots,False
,acf:8512,NCGR,8512,acf:8513,NCLR,8513,1,adjacent_graphics_slots,False
,acf:8513,NCLR,8513,acf:8514,NCGR,8514,1,adjacent_graphics_slots,False
,acf:8514,NCGR,8514,acf:8515,NCLR,8515,1,adjacent_graphics_slots,False
,acf:8515,NCLR,8515,acf:8516,NCGR,8516,1,adjacent_graphics_slots,False
,acf:8516,NCGR,8516,acf:8517,NCLR,8517,1,adjacent_graphics_slots,False
,acf:8517,NCLR,8517,acf:8518,NCGR,8518,1,adjacent_graphics_slots,False
,acf:8518,NCGR,8518,acf:8519,NCLR,8519,1,adjacent_graphics_slots,False
,acf:8519,NCLR,8519,acf:8520,NCGR,8520,1,adjacent_graphics_slots,False
,acf:8520,NCGR,8520,acf:8521,NCLR,8521,1,adjacent_graphics_slots,False
,acf:8521,NCLR,8521,acf:8522,NCGR,8522,1,adjacent_graphics_slots,False
,acf:8522,NCGR,8522,acf:8523,NCLR,8523,1,adjacent_graphics_slots,False
,acf:8523,NCLR,8523,acf:8524,NCGR,8524,1,adjacent_graphics_slots,False
,acf:8524,NCGR,8524,acf:8525,NCLR,8525,1,adjacent_graphics_slots,False
,acf:8525,NCLR,8525,acf:8526,NCGR,8526,1,adjacent_graphics_slots,False
,acf:8526,NCGR,8526,acf:8527,NCLR,8527,1,adjacent_graphics_slots,False
,acf:8527,NCLR,8527,acf:8528,NCGR,8528,1,adjacent_graphics_slots,False
,acf:8528,NCGR,8528,acf:8529,NCLR,8529,1,adjacent_graphics_slots,False
,acf:8529,NCLR,8529,acf:8530,NCGR,8530,1,adjacent_graphics_slots,False
,acf:8530,NCGR,8530,acf:8531,NCLR,8531,1,adjacent_graphics_slots,False
,acf:8531,NCLR,8531,acf:8532,NCGR,8532,1,adjacent_graphics_slots,False
,acf:8532,NCGR,8532,acf:8533,NCLR,8533,1,adjacent_graphics_slots,False
,acf:8533,NCLR,8533,acf:8534,NCGR,8534,1,adjacent_graphics_slots,False
,acf:8534,NCGR,8534,acf:8535,NCLR,8535,1,adjacent_graphics_slots,False
,acf:8535,NCLR,8535,acf:8536,NCGR,8536,1,adjacent_graphics_slots,False
,acf:8536,NCGR,8536,acf:8537,NCLR,8537,1,adjacent_graphics_slots,False
,acf:8537,NCLR,8537,acf:8538,NCGR,8538,1,adjacent_graphics_slots,False
,acf:8538,NCGR,8538,acf:8539,NCLR,8539,1,adjacent_graphics_slots,False
,acf:8539,NCLR,8539,acf:8540,NCGR,8540,1,adjacent_graphics_slots,False
,acf:8540,NCGR,8540,acf:8541,NCLR,8541,1,adjacent_graphics_slots,False
,acf:8541,NCLR,8541,acf:8542,NCGR,8542,1,adjacent_graphics_slots,False
,acf:8542,NCGR,8542,acf:8543,NCLR,8543,1,adjacent_graphics_slots,False
,acf:8543,NCLR,8543,acf:8544,NCGR,8544,1,adjacent_graphics_slots,False
,acf:8544,NCGR,8544,acf:8545,NCLR,8545,1,adjacent_graphics_slots,False
,acf:8545,NCLR,8545,acf:8546,NCGR,8546,1,adjacent_graphics_slots,False
,acf:8546,NCGR,8546,acf:8547,NCLR,8547,1,adjacent_graphics_slots,False
,acf:8547,NCLR,8547,acf:8548,NCGR,8548,1,adjacent_graphics_slots,False
,acf:8548,NCGR,8548,acf:8549,NCLR,8549,1,adjacent_graphics_slots,False
,acf:8549,NCLR,8549,acf:8550,NCGR,8550,1,adjacent_graphics_slots,False
,acf:8550,NCGR,8550,acf:8551,NCLR,8551,1,adjacent_graphics_slots,False
,acf:8551,NCLR,8551,acf:8552,NCGR,8552,1,adjacent_graphics_slots,False
,acf:8552,NCGR,8552,acf:8553,NCLR,8553,1,adjacent_graphics_slots,False
,acf:8553,NCLR,8553,acf:8554,NCGR,8554,1,adjacent_graphics_slots,False
,acf:8554,NCGR,8554,acf:8555,NCLR,8555,1,adjacent_graphics_slots,False
,acf:8555,NCLR,8555,acf:8556,NCGR,8556,1,adjacent_graphics_slots,False
,acf:8556,NCGR,8556,acf:8557,NCLR,8557,1,adjacent_graphics_slots,False
,acf:8557,NCLR,8557,acf:8558,NCGR,8558,1,adjacent_graphics_slots,False
,acf:8558,NCGR,8558,acf:8559,NCLR,8559,1,adjacent_graphics_slots,False
,acf:8559,NCLR,8559,acf:8560,NCGR,8560,1,adjacent_graphics_slots,False
,acf:8560,NCGR,8560,acf:8561,NCLR,8561,1,adjacent_graphics_slots,False
,acf:8561,NCLR,8561,acf:8562,NCGR,8562,1,adjacent_graphics_slots,False
,acf:8562,NCGR,8562,acf:8563,NCLR,8563,1,adjacent_graphics_slots,False
,acf:8563,NCLR,8563,acf:8564,NCGR,8564,1,adjacent_graphics_slots,False
,acf:8564,NCGR,8564,acf:8565,NCLR,8565,1,adjacent_graphics_slots,False
,acf:8565,NCLR,8565,acf:8566,NCGR,8566,1,adjacent_graphics_slots,False
,acf:8566,NCGR,8566,acf:8567,NCLR,8567,1,adjacent_graphics_slots,False
,acf:8567,NCLR,8567,acf:8568,NCGR,8568,1,adjacent_graphics_slots,False
,acf:8568,NCGR,8568,acf:8569,NCLR,8569,1,adjacent_graphics_slots,False
,acf:8569,NCLR,8569,acf:8570,NCGR,8570,1,adjacent_graphics_slots,False
,acf:8570,NCGR,8570,acf:8571,NCLR,8571,1,adjacent_graphics_slots,False
,acf:8571,NCLR,8571,acf:8572,NCGR,8572,1,adjacent_graphics_slots,False
,acf:8572,NCGR,8572,acf:8573,NCLR,8573,1,adjacent_graphics_slots,False
,acf:8573,NCLR,8573,acf:8574,NCGR,8574,1,adjacent_graphics_slots,False
,acf:8574,NCGR,8574,acf:8575,NCLR,8575,1,adjacent_graphics_slots,False
,acf:8575,NCLR,8575,acf:8576,NCGR,8576,1,adjacent_graphics_slots,False
,acf:8576,NCGR,8576,acf:8577,NCLR,8577,1,adjacent_graphics_slots,False
,acf:8577,NCLR,8577,acf:8578,NCGR,8578,1,adjacent_graphics_slots,False
,acf:8578,NCGR,8578,acf:8579,NCLR,8579,1,adjacent_graphics_slots,False
,acf:8579,NCLR,8579,acf:8580,NCGR,8580,1,adjacent_graphics_slots,False
,acf:8580,NCGR,8580,acf:8581,NCLR,8581,1,adjacent_graphics_slots,False
,acf:8581,NCLR,8581,acf:8582,NCGR,8582,1,adjacent_graphics_slots,False
,acf:8582,NCGR,8582,acf:8583,NCLR,8583,1,adjacent_graphics_slots,False
,acf:8583,NCLR,8583,acf:8584,NCGR,8584,1,adjacent_graphics_slots,False
,acf:8584,NCGR,8584,acf:8585,NCLR,8585,1,adjacent_graphics_slots,False
,acf:8585,NCLR,8585,acf:8586,NCGR,8586,1,adjacent_graphics_slots,False
,acf:8586,NCGR,8586,acf:8587,NCLR,8587,1,adjacent_graphics_slots,False
,acf:8587,NCLR,8587,acf:8588,NCGR,8588,1,adjacent_graphics_slots,False
,acf:8588,NCGR,8588,acf:8589,NCLR,8589,1,adjacent_graphics_slots,False
,acf:8589,NCLR,8589,acf:8590,NCGR,8590,1,adjacent_graphics_slots,False
,acf:8590,NCGR,8590,acf:8591,NCLR,8591,1,adjacent_graphics_slots,False
,acf:8591,NCLR,8591,acf:8592,NCGR,8592,1,adjacent_graphics_slots,False
,acf:8592,NCGR,8592,acf:8593,NCLR,8593,1,adjacent_graphics_slots,False
,acf:8593,NCLR,8593,acf:8594,NCGR,8594,1,adjacent_graphics_slots,False
,acf:8594,NCGR,8594,acf:8595,NCLR,8595,1,adjacent_graphics_slots,False
,acf:8595,NCLR,8595,acf:8596,NCGR,8596,1,adjacent_graphics_slots,False
,acf:8596,NCGR,8596,acf:8597,NCLR,8597,1,adjacent_graphics_slots,False
,acf:8597,NCLR,8597,acf:8598,NCGR,8598,1,adjacent_graphics_slots,False
,acf:8598,NCGR,8598,acf:8599,NCLR,8599,1,adjacent_graphics_slots,False
,acf:8599,NCLR,8599,acf:8600,NCGR,8600,1,adjacent_graphics_slots,False
,acf:8600,NCGR,8600,acf:8601,NCLR,8601,1,adjacent_graphics_slots,False
,acf:8977,NCGR,8977,acf:8978,NCLR,8978,1,adjacent_graphics_slots,False
,acf:8978,NCLR,8978,acf:8979,NSCR,8979,1,adjacent_graphics_slots,False
,acf:8979,NSCR,8979,acf:8980,NCGR,8980,1,adjacent_graphics_slots,False
,acf:8980,NCGR,8980,acf:8981,NCLR,8981,1,adjacent_graphics_slots,False
,acf:8981,NCLR,8981,acf:8982,NSCR,8982,1,adjacent_graphics_slots,False
,acf:8982,NSCR,8982,acf:8983,NCGR,8983,1,adjacent_graphics_slots,False
,acf:8983,NCGR,8983,acf:8984,NCLR,8984,1,adjacent_graphics_slots,False
,acf:8984,NCLR,8984,acf:8985,NSCR,8985,1,adjacent_graphics_slots,False
,acf:8985,NSCR,8985,acf:8986,NCGR,8986,1,adjacent_graphics_slots,False
,acf:8986,NCGR,8986,acf:8987,NCLR,8987,1,adjacent_graphics_slots,False
,acf:8987,NCLR,8987,acf:8988,NSCR,8988,1,adjacent_graphics_slots,False
,acf:8988,NSCR,8988,acf:8989,NCGR,8989,1,adjacent_graphics_slots,False
,acf:8989,NCGR,8989,acf:8990,NCLR,8990,1,adjacent_graphics_slots,False
,acf:8990,NCLR,8990,acf:8991,NSCR,8991,1,adjacent_graphics_slots,False
,acf:8991,NSCR,8991,acf:8992,NCGR,8992,1,adjacent_graphics_slots,False
,acf:8992,NCGR,8992,acf:8993,NCLR,8993,1,adjacent_graphics_slots,False
,acf:8993,NCLR,8993,acf:8994,NSCR,8994,1,adjacent_graphics_slots,False
,acf:8994,NSCR,8994,acf:8995,NCGR,8995,1,adjacent_graphics_slots,False
,acf:8995,NCGR,8995,acf:8996,NCLR,8996,1,adjacent_graphics_slots,False
,acf:8996,NCLR,8996,acf:8997,NSCR,8997,1,adjacent_graphics_slots,False
,acf:8997,NSCR,8997,acf:8998,NCGR,8998,1,adjacent_graphics_slots,False
,acf:8998,NCGR,8998,acf:8999,NCLR,8999,1,adjacent_graphics_slots,False
,acf:8999,NCLR,8999,acf:9000,NSCR,9000,1,adjacent_graphics_slots,False
,acf:9000,NSCR,9000,acf:9001,NCGR,9001,1,adjacent_graphics_slots,False
,acf:9001,NCGR,9001,acf:9002,NCLR,9002,1,adjacent_graphics_slots,False
,acf:9002,NCLR,9002,acf:9003,NSCR,9003,1,adjacent_graphics_slots,False
,acf:9003,NSCR,9003,acf:9004,NCGR,9004,1,adjacent_graphics_slots,False
,acf:9004,NCGR,9004,acf:9005,NCLR,9005,1,adjacent_graphics_slots,False
,acf:9005,NCLR,9005,acf:9006,NSCR,9006,1,adjacent_graphics_slots,False
,acf:9006,NSCR,9006,acf:9007,NCGR,9007,1,adjacent_graphics_slots,False
,acf:9007,NCGR,9007,acf:9008,NCLR,9008,1,adjacent_graphics_slots,False
,acf:9008,NCLR,9008,acf:9009,NSCR,9009,1,adjacent_graphics_slots,False
,acf:9009,NSCR,9009,acf:9010,NCGR,9010,1,adjacent_graphics_slots,False
,acf:9010,NCGR,9010,acf:9011,NCLR,9011,1,adjacent_graphics_slots,False
,acf:9011,NCLR,9011,acf:9012,NSCR,9012,1,adjacent_graphics_slots,False
,acf:9012,NSCR,9012,acf:9013,NCGR,9013,1,adjacent_graphics_slots,False
,acf:9013,NCGR,9013,acf:9014,NCLR,9014,1,adjacent_graphics_slots,False
,acf:9014,NCLR,9014,acf:9015,NSCR,9015,1,adjacent_graphics_slots,False
,acf:9018,NCGR,9018,acf:9019,NCLR,9019,1,adjacent_graphics_slots,False
,acf:9019,NCLR,9019,acf:9020,NSCR,9020,1,adjacent_graphics_slots,False
,acf:9020,NSCR,9020,acf:9021,NCGR,9021,1,adjacent_graphics_slots,False
,acf:9021,NCGR,9021,acf:9022,NCLR,9022,1,adjacent_graphics_slots,False
,acf:9022,NCLR,9022,acf:9023,NSCR,9023,1,adjacent_graphics_slots,False
,acf:9036,NCLR,9036,acf:9037,NCGR,9037,1,adjacent_graphics_slots,False
,acf:9037,NCGR,9037,acf:9038,NSCR,9038,1,adjacent_graphics_slots,False
,acf:9038,NSCR,9038,acf:9039,NSCR,9039,1,adjacent_graphics_slots,False
,acf:9039,NSCR,9039,acf:9040,NSCR,9040,1,adjacent_graphics_slots,False
,acf:9040,NSCR,9040,acf:9041,NSCR,9041,1,adjacent_graphics_slots,False
,acf:9041,NSCR,9041,acf:9042,NSCR,9042,1,adjacent_graphics_slots,False
,acf:9042,NSCR,9042,acf:9043,NSCR,9043,1,adjacent_graphics_slots,False
,acf:9043,NSCR,9043,acf:9044,NSCR,9044,1,adjacent_graphics_slots,False
,acf:9044,NSCR,9044,acf:9045,NSCR,9045,1,adjacent_graphics_slots,False
,acf:9045,NSCR,9045,acf:9046,NSCR,9046,1,adjacent_graphics_slots,False
,acf:9046,NSCR,9046,acf:9047,NSCR,9047,1,adjacent_graphics_slots,False
,acf:9047,NSCR,9047,acf:9048,NSCR,9048,1,adjacent_graphics_slots,False
,acf:9048,NSCR,9048,acf:9049,NSCR,9049,1,adjacent_graphics_slots,False
,acf:9049,NSCR,9049,acf:9050,NSCR,9050,1,adjacent_graphics_slots,False
,acf:9050,NSCR,9050,acf:9051,NSCR,9051,1,adjacent_graphics_slots,False
,acf:9051,NSCR,9051,acf:9052,NSCR,9052,1,adjacent_graphics_slots,False
,acf:9052,NSCR,9052,acf:9053,NSCR,9053,1,adjacent_graphics_slots,False
,acf:9053,NSCR,9053,acf:9054,NSCR,9054,1,adjacent_graphics_slots,False
,acf:9054,NSCR,9054,acf:9055,NSCR,9055,1,adjacent_graphics_slots,False
,acf:9055,NSCR,9055,acf:9056,NSCR,9056,1,adjacent_graphics_slots,False
,acf:9056,NSCR,9056,acf:9057,NSCR,9057,1,adjacent_graphics_slots,False
,acf:9057,NSCR,9057,acf:9058,NSCR,9058,1,adjacent_graphics_slots,False
,acf:9058,NSCR,9058,acf:9059,NSCR,9059,1,adjacent_graphics_slots,False
,acf:9059,NSCR,9059,acf:9060,NSCR,9060,1,adjacent_graphics_slots,False
,acf:9060,NSCR,9060,acf:9061,NSCR,9061,1,adjacent_graphics_slots,False
,acf:9061,NSCR,9061,acf:9062,NSCR,9062,1,adjacent_graphics_slots,False
,acf:9062,NSCR,9062,acf:9063,NSCR,9063,1,adjacent_graphics_slots,False
,acf:9063,NSCR,9063,acf:9064,NSCR,9064,1,adjacent_graphics_slots,False
,acf:9064,NSCR,9064,acf:9065,NSCR,9065,1,adjacent_graphics_slots,False
,acf:9065,NSCR,9065,acf:9066,NSCR,9066,1,adjacent_graphics_slots,False
,acf:9066,NSCR,9066,acf:9067,NSCR,9067,1,adjacent_graphics_slots,False
,acf:9067,NSCR,9067,acf:9068,NSCR,9068,1,adjacent_graphics_slots,False
,acf:9068,NSCR,9068,acf:9069,NSCR,9069,1,adjacent_graphics_slots,False
,acf:9069,NSCR,9069,acf:9070,NSCR,9070,1,adjacent_graphics_slots,False
,acf:9070,NSCR,9070,acf:9071,NSCR,9071,1,adjacent_graphics_slots,False
,acf:9071,NSCR,9071,acf:9072,NSCR,9072,1,adjacent_graphics_slots,False
,acf:9072,NSCR,9072,acf:9073,NSCR,9073,1,adjacent_graphics_slots,False
,acf:9073,NSCR,9073,acf:9074,NSCR,9074,1,adjacent_graphics_slots,False
,acf:9074,NSCR,9074,acf:9075,NSCR,9075,1,adjacent_graphics_slots,False
,acf:9075,NSCR,9075,acf:9076,NSCR,9076,1,adjacent_graphics_slots,False
,acf:9076,NSCR,9076,acf:9077,NSCR,9077,1,adjacent_graphics_slots,False
,acf:9077,NSCR,9077,acf:9078,NSCR,9078,1,adjacent_graphics_slots,False
,acf:9078,NSCR,9078,acf:9079,NSCR,9079,1,adjacent_graphics_slots,False
,acf:9079,NSCR,9079,acf:9080,NSCR,9080,1,adjacent_graphics_slots,False
,acf:9080,NSCR,9080,acf:9081,NSCR,9081,1,adjacent_graphics_slots,False
,acf:9081,NSCR,9081,acf:9082,NSCR,9082,1,adjacent_graphics_slots,False
,acf:9082,NSCR,9082,acf:9083,NSCR,9083,1,adjacent_graphics_slots,False
,acf:9083,NSCR,9083,acf:9084,NSCR,9084,1,adjacent_graphics_slots,False
,acf:9084,NSCR,9084,acf:9085,NSCR,9085,1,adjacent_graphics_slots,False
,acf:9085,NSCR,9085,acf:9086,NSCR,9086,1,adjacent_graphics_slots,False
,acf:9086,NSCR,9086,acf:9087,NSCR,9087,1,adjacent_graphics_slots,False
,acf:9087,NSCR,9087,acf:9088,NSCR,9088,1,adjacent_graphics_slots,False
,acf:9088,NSCR,9088,acf:9089,NSCR,9089,1,adjacent_graphics_slots,False
,acf:9089,NSCR,9089,acf:9090,NSCR,9090,1,adjacent_graphics_slots,False
,acf:9090,NSCR,9090,acf:9091,NSCR,9091,1,adjacent_graphics_slots,False
,acf:9091,NSCR,9091,acf:9092,NSCR,9092,1,adjacent_graphics_slots,False
,acf:9092,NSCR,9092,acf:9093,NSCR,9093,1,adjacent_graphics_slots,False
,acf:9093,NSCR,9093,acf:9094,NSCR,9094,1,adjacent_graphics_slots,False
,acf:9094,NSCR,9094,acf:9095,NSCR,9095,1,adjacent_graphics_slots,False
,acf:9095,NSCR,9095,acf:9096,NSCR,9096,1,adjacent_graphics_slots,False
,acf:9096,NSCR,9096,acf:9097,NSCR,9097,1,adjacent_graphics_slots,False
,acf:9097,NSCR,9097,acf:9098,NSCR,9098,1,adjacent_graphics_slots,False
,acf:9098,NSCR,9098,acf:9099,NSCR,9099,1,adjacent_graphics_slots,False
,acf:9099,NSCR,9099,acf:9100,NSCR,9100,1,adjacent_graphics_slots,False
,acf:9100,NSCR,9100,acf:9101,NSCR,9101,1,adjacent_graphics_slots,False
,acf:9101,NSCR,9101,acf:9102,NSCR,9102,1,adjacent_graphics_slots,False
,acf:9102,NSCR,9102,acf:9103,NSCR,9103,1,adjacent_graphics_slots,False
,acf:9103,NSCR,9103,acf:9104,NSCR,9104,1,adjacent_graphics_slots,False
,acf:9104,NSCR,9104,acf:9105,NSCR,9105,1,adjacent_graphics_slots,False
,acf:9105,NSCR,9105,acf:9106,NSCR,9106,1,adjacent_graphics_slots,False
,acf:9106,NSCR,9106,acf:9107,NSCR,9107,1,adjacent_graphics_slots,False
,acf:9107,NSCR,9107,acf:9108,NSCR,9108,1,adjacent_graphics_slots,False
,acf:9108,NSCR,9108,acf:9109,NSCR,9109,1,adjacent_graphics_slots,False
,acf:9109,NSCR,9109,acf:9110,NSCR,9110,1,adjacent_graphics_slots,False
,acf:9110,NSCR,9110,acf:9111,NSCR,9111,1,adjacent_graphics_slots,False
,acf:9111,NSCR,9111,acf:9112,NSCR,9112,1,adjacent_graphics_slots,False
,acf:9112,NSCR,9112,acf:9113,NSCR,9113,1,adjacent_graphics_slots,False
,acf:9113,NSCR,9113,acf:9114,NSCR,9114,1,adjacent_graphics_slots,False
,acf:9114,NSCR,9114,acf:9115,NSCR,9115,1,adjacent_graphics_slots,False
,acf:9115,NSCR,9115,acf:9116,NSCR,9116,1,adjacent_graphics_slots,False
,acf:9116,NSCR,9116,acf:9117,NSCR,9117,1,adjacent_graphics_slots,False
,acf:9117,NSCR,9117,acf:9118,NSCR,9118,1,adjacent_graphics_slots,False
,acf:9118,NSCR,9118,acf:9119,NSCR,9119,1,adjacent_graphics_slots,False
,acf:9119,NSCR,9119,acf:9120,NSCR,9120,1,adjacent_graphics_slots,False
,acf:9120,NSCR,9120,acf:9121,NSCR,9121,1,adjacent_graphics_slots,False
,acf:9121,NSCR,9121,acf:9122,NSCR,9122,1,adjacent_graphics_slots,False
,acf:9122,NSCR,9122,acf:9123,NSCR,9123,1,adjacent_graphics_slots,False
,acf:9123,NSCR,9123,acf:9124,NSCR,9124,1,adjacent_graphics_slots,False
,acf:9124,NSCR,9124,acf:9125,NSCR,9125,1,adjacent_graphics_slots,False
,acf:9125,NSCR,9125,acf:9126,NSCR,9126,1,adjacent_graphics_slots,False
,acf:9126,NSCR,9126,acf:9127,NSCR,9127,1,adjacent_graphics_slots,False
,acf:9127,NSCR,9127,acf:9128,NSCR,9128,1,adjacent_graphics_slots,False
,acf:9128,NSCR,9128,acf:9129,NSCR,9129,1,adjacent_graphics_slots,False
,acf:9129,NSCR,9129,acf:9130,NSCR,9130,1,adjacent_graphics_slots,False
,acf:9130,NSCR,9130,acf:9131,NSCR,9131,1,adjacent_graphics_slots,False
,acf:9131,NSCR,9131,acf:9132,NSCR,9132,1,adjacent_graphics_slots,False
,acf:9132,NSCR,9132,acf:9133,NSCR,9133,1,adjacent_graphics_slots,False
,acf:9133,NSCR,9133,acf:9134,NSCR,9134,1,adjacent_graphics_slots,False
,acf:9134,NSCR,9134,acf:9135,NSCR,9135,1,adjacent_graphics_slots,False
,acf:9135,NSCR,9135,acf:9136,NSCR,9136,1,adjacent_graphics_slots,False
,acf:9136,NSCR,9136,acf:9137,NSCR,9137,1,adjacent_graphics_slots,False
,acf:9137,NSCR,9137,acf:9138,NSCR,9138,1,adjacent_graphics_slots,False
,acf:9138,NSCR,9138,acf:9139,NSCR,9139,1,adjacent_graphics_slots,False
,acf:9139,NSCR,9139,acf:9140,NSCR,9140,1,adjacent_graphics_slots,False
,acf:9140,NSCR,9140,acf:9141,NSCR,9141,1,adjacent_graphics_slots,False
,acf:9141,NSCR,9141,acf:9142,NSCR,9142,1,adjacent_graphics_slots,False
,acf:9142,NSCR,9142,acf:9143,NSCR,9143,1,adjacent_graphics_slots,False
,acf:9143,NSCR,9143,acf:9144,NSCR,9144,1,adjacent_graphics_slots,False
,acf:9144,NSCR,9144,acf:9145,NSCR,9145,1,adjacent_graphics_slots,False
,acf:9145,NSCR,9145,acf:9146,NSCR,9146,1,adjacent_graphics_slots,False
,acf:9146,NSCR,9146,acf:9147,NSCR,9147,1,adjacent_graphics_slots,False
,acf:9147,NSCR,9147,acf:9148,NSCR,9148,1,adjacent_graphics_slots,False
,acf:9148,NSCR,9148,acf:9149,NSCR,9149,1,adjacent_graphics_slots,False
,acf:9149,NSCR,9149,acf:9150,NSCR,9150,1,adjacent_graphics_slots,False
,acf:9150,NSCR,9150,acf:9151,NSCR,9151,1,adjacent_graphics_slots,False
,acf:9151,NSCR,9151,acf:9152,NSCR,9152,1,adjacent_graphics_slots,False
,acf:9152,NSCR,9152,acf:9153,NSCR,9153,1,adjacent_graphics_slots,False
,acf:9153,NSCR,9153,acf:9154,NSCR,9154,1,adjacent_graphics_slots,False
,acf:9154,NSCR,9154,acf:9155,NSCR,9155,1,adjacent_graphics_slots,False
,acf:9155,NSCR,9155,acf:9156,NSCR,9156,1,adjacent_graphics_slots,False
,acf:9156,NSCR,9156,acf:9157,NSCR,9157,1,adjacent_graphics_slots,False
,acf:9157,NSCR,9157,acf:9158,NSCR,9158,1,adjacent_graphics_slots,False
,acf:9158,NSCR,9158,acf:9159,NSCR,9159,1,adjacent_graphics_slots,False
,acf:9159,NSCR,9159,acf:9160,NSCR,9160,1,adjacent_graphics_slots,False
,acf:9160,NSCR,9160,acf:9161,NSCR,9161,1,adjacent_graphics_slots,False
,acf:9161,NSCR,9161,acf:9162,NSCR,9162,1,adjacent_graphics_slots,False
,acf:9162,NSCR,9162,acf:9163,NSCR,9163,1,adjacent_graphics_slots,False
,acf:9163,NSCR,9163,acf:9164,NSCR,9164,1,adjacent_graphics_slots,False
,acf:9164,NSCR,9164,acf:9165,NSCR,9165,1,adjacent_graphics_slots,False
,acf:9165,NSCR,9165,acf:9166,NSCR,9166,1,adjacent_graphics_slots,False
,acf:9166,NSCR,9166,acf:9167,NSCR,9167,1,adjacent_graphics_slots,False
,acf:9167,NSCR,9167,acf:9168,NSCR,9168,1,adjacent_graphics_slots,False
,acf:9168,NSCR,9168,acf:9169,NSCR,9169,1,adjacent_graphics_slots,False
,acf:9169,NSCR,9169,acf:9170,NSCR,9170,1,adjacent_graphics_slots,False
,acf:9170,NSCR,9170,acf:9171,NSCR,9171,1,adjacent_graphics_slots,False
,acf:9171,NSCR,9171,acf:9172,NSCR,9172,1,adjacent_graphics_slots,False
,acf:9172,NSCR,9172,acf:9173,NSCR,9173,1,adjacent_graphics_slots,False
,acf:9173,NSCR,9173,acf:9174,NSCR,9174,1,adjacent_graphics_slots,False
,acf:9174,NSCR,9174,acf:9175,NSCR,9175,1,adjacent_graphics_slots,False
,acf:9175,NSCR,9175,acf:9176,NSCR,9176,1,adjacent_graphics_slots,False
,acf:9176,NSCR,9176,acf:9177,NSCR,9177,1,adjacent_graphics_slots,False
,acf:9177,NSCR,9177,acf:9178,NSCR,9178,1,adjacent_graphics_slots,False
,acf:9178,NSCR,9178,acf:9179,NSCR,9179,1,adjacent_graphics_slots,False
,acf:9179,NSCR,9179,acf:9180,NSCR,9180,1,adjacent_graphics_slots,False
,acf:9180,NSCR,9180,acf:9181,NSCR,9181,1,adjacent_graphics_slots,False
,acf:9181,NSCR,9181,acf:9182,NSCR,9182,1,adjacent_graphics_slots,False
,acf:9182,NSCR,9182,acf:9183,NSCR,9183,1,adjacent_graphics_slots,False
,acf:9183,NSCR,9183,acf:9184,NSCR,9184,1,adjacent_graphics_slots,False
,acf:9184,NSCR,9184,acf:9185,NSCR,9185,1,adjacent_graphics_slots,False
,acf:9185,NSCR,9185,acf:9186,NSCR,9186,1,adjacent_graphics_slots,False
,acf:9186,NSCR,9186,acf:9187,NSCR,9187,1,adjacent_graphics_slots,False
,acf:9187,NSCR,9187,acf:9188,NSCR,9188,1,adjacent_graphics_slots,False
,acf:9188,NSCR,9188,acf:9189,NSCR,9189,1,adjacent_graphics_slots,False
,acf:9189,NSCR,9189,acf:9190,NSCR,9190,1,adjacent_graphics_slots,False
,acf:9190,NSCR,9190,acf:9191,NSCR,9191,1,adjacent_graphics_slots,False
,acf:9191,NSCR,9191,acf:9192,NSCR,9192,1,adjacent_graphics_slots,False
,acf:9192,NSCR,9192,acf:9193,NSCR,9193,1,adjacent_graphics_slots,False
,acf:9193,NSCR,9193,acf:9194,NSCR,9194,1,adjacent_graphics_slots,False
,acf:9194,NSCR,9194,acf:9195,NSCR,9195,1,adjacent_graphics_slots,False
,acf:9195,NSCR,9195,acf:9196,NSCR,9196,1,adjacent_graphics_slots,False
,acf:9196,NSCR,9196,acf:9197,NSCR,9197,1,adjacent_graphics_slots,False
,acf:9197,NSCR,9197,acf:9198,NSCR,9198,1,adjacent_graphics_slots,False
,acf:9198,NSCR,9198,acf:9199,NSCR,9199,1,adjacent_graphics_slots,False
,acf:9199,NSCR,9199,acf:9200,NSCR,9200,1,adjacent_graphics_slots,False
,acf:9200,NSCR,9200,acf:9201,NSCR,9201,1,adjacent_graphics_slots,False
,acf:9201,NSCR,9201,acf:9202,NSCR,9202,1,adjacent_graphics_slots,False
,acf:9202,NSCR,9202,acf:9203,NSCR,9203,1,adjacent_graphics_slots,False
,acf:9203,NSCR,9203,acf:9204,NSCR,9204,1,adjacent_graphics_slots,False
,acf:9204,NSCR,9204,acf:9205,NSCR,9205,1,adjacent_graphics_slots,False
,acf:9205,NSCR,9205,acf:9206,NSCR,9206,1,adjacent_graphics_slots,False
,acf:9206,NSCR,9206,acf:9207,NSCR,9207,1,adjacent_graphics_slots,False
,acf:9207,NSCR,9207,acf:9208,NSCR,9208,1,adjacent_graphics_slots,False
,acf:9208,NSCR,9208,acf:9209,NSCR,9209,1,adjacent_graphics_slots,False
,acf:9209,NSCR,9209,acf:9210,NSCR,9210,1,adjacent_graphics_slots,False
,acf:9210,NSCR,9210,acf:9211,NSCR,9211,1,adjacent_graphics_slots,False
,acf:9211,NSCR,9211,acf:9212,NSCR,9212,1,adjacent_graphics_slots,False
,acf:9212,NSCR,9212,acf:9213,NSCR,9213,1,adjacent_graphics_slots,False
,acf:9213,NSCR,9213,acf:9214,NSCR,9214,1,adjacent_graphics_slots,False
,acf:9214,NSCR,9214,acf:9215,NSCR,9215,1,adjacent_graphics_slots,False
,acf:9215,NSCR,9215,acf:9216,NSCR,9216,1,adjacent_graphics_slots,False
,acf:9216,NSCR,9216,acf:9217,NSCR,9217,1,adjacent_graphics_slots,False
,acf:9217,NSCR,9217,acf:9218,NSCR,9218,1,adjacent_graphics_slots,False
,acf:9218,NSCR,9218,acf:9219,NSCR,9219,1,adjacent_graphics_slots,False
,acf:9219,NSCR,9219,acf:9220,NSCR,9220,1,adjacent_graphics_slots,False
,acf:9220,NSCR,9220,acf:9221,NSCR,9221,1,adjacent_graphics_slots,False
,acf:9221,NSCR,9221,acf:9222,NSCR,9222,1,adjacent_graphics_slots,False
,acf:9222,NSCR,9222,acf:9223,NSCR,9223,1,adjacent_graphics_slots,False
,acf:9223,NSCR,9223,acf:9224,NSCR,9224,1,adjacent_graphics_slots,False
,acf:9224,NSCR,9224,acf:9225,NSCR,9225,1,adjacent_graphics_slots,False
,acf:9225,NSCR,9225,acf:9226,NSCR,9226,1,adjacent_graphics_slots,False
,acf:9226,NSCR,9226,acf:9227,NSCR,9227,1,adjacent_graphics_slots,False
,acf:9227,NSCR,9227,acf:9228,NSCR,9228,1,adjacent_graphics_slots,False
,acf:9228,NSCR,9228,acf:9229,NSCR,9229,1,adjacent_graphics_slots,False
,acf:9229,NSCR,9229,acf:9230,NSCR,9230,1,adjacent_graphics_slots,False
,acf:9230,NSCR,9230,acf:9231,NSCR,9231,1,adjacent_graphics_slots,False
,acf:9231,NSCR,9231,acf:9232,NSCR,9232,1,adjacent_graphics_slots,False
,acf:9232,NSCR,9232,acf:9233,NSCR,9233,1,adjacent_graphics_slots,False
,acf:9233,NSCR,9233,acf:9234,NSCR,9234,1,adjacent_graphics_slots,False
,acf:9234,NSCR,9234,acf:9235,NSCR,9235,1,adjacent_graphics_slots,False
,acf:9235,NSCR,9235,acf:9236,NSCR,9236,1,adjacent_graphics_slots,False
,acf:9236,NSCR,9236,acf:9237,NSCR,9237,1,adjacent_graphics_slots,False
,acf:9237,NSCR,9237,acf:9238,NSCR,9238,1,adjacent_graphics_slots,False
,acf:9238,NSCR,9238,acf:9239,NSCR,9239,1,adjacent_graphics_slots,False
,acf:9239,NSCR,9239,acf:9240,NSCR,9240,1,adjacent_graphics_slots,False
,acf:9240,NSCR,9240,acf:9241,NSCR,9241,1,adjacent_graphics_slots,False
,acf:9241,NSCR,9241,acf:9242,NSCR,9242,1,adjacent_graphics_slots,False
,acf:9242,NSCR,9242,acf:9243,NSCR,9243,1,adjacent_graphics_slots,False
,acf:9243,NSCR,9243,acf:9244,NSCR,9244,1,adjacent_graphics_slots,False
,acf:9244,NSCR,9244,acf:9245,NSCR,9245,1,adjacent_graphics_slots,False
,acf:9245,NSCR,9245,acf:9246,NSCR,9246,1,adjacent_graphics_slots,False
,acf:9246,NSCR,9246,acf:9247,NSCR,9247,1,adjacent_graphics_slots,False
,acf:9247,NSCR,9247,acf:9248,NSCR,9248,1,adjacent_graphics_slots,False
,acf:9248,NSCR,9248,acf:9249,NSCR,9249,1,adjacent_graphics_slots,False
,acf:9249,NSCR,9249,acf:9250,NSCR,9250,1,adjacent_graphics_slots,False
,acf:9250,NSCR,9250,acf:9251,NSCR,9251,1,adjacent_graphics_slots,False
,acf:9251,NSCR,9251,acf:9252,NSCR,9252,1,adjacent_graphics_slots,False
,acf:9252,NSCR,9252,acf:9253,NSCR,9253,1,adjacent_graphics_slots,False
,acf:9253,NSCR,9253,acf:9254,NSCR,9254,1,adjacent_graphics_slots,False
,acf:9254,NSCR,9254,acf:9255,NSCR,9255,1,adjacent_graphics_slots,False
,acf:9255,NSCR,9255,acf:9256,NSCR,9256,1,adjacent_graphics_slots,False
,acf:9256,NSCR,9256,acf:9257,NSCR,9257,1,adjacent_graphics_slots,False
,acf:9257,NSCR,9257,acf:9258,NSCR,9258,1,adjacent_graphics_slots,False
,acf:9258,NSCR,9258,acf:9259,NSCR,9259,1,adjacent_graphics_slots,False
,acf:9259,NSCR,9259,acf:9260,NSCR,9260,1,adjacent_graphics_slots,False
,acf:9260,NSCR,9260,acf:9261,NSCR,9261,1,adjacent_graphics_slots,False
,acf:9261,NSCR,9261,acf:9262,NSCR,9262,1,adjacent_graphics_slots,False
,acf:9262,NSCR,9262,acf:9263,NSCR,9263,1,adjacent_graphics_slots,False
,acf:9263,NSCR,9263,acf:9264,NSCR,9264,1,adjacent_graphics_slots,False
,acf:9264,NSCR,9264,acf:9265,NSCR,9265,1,adjacent_graphics_slots,False
,acf:9265,NSCR,9265,acf:9266,NSCR,9266,1,adjacent_graphics_slots,False
,acf:9266,NSCR,9266,acf:9267,NSCR,9267,1,adjacent_graphics_slots,False
,acf:9267,NSCR,9267,acf:9268,NSCR,9268,1,adjacent_graphics_slots,False
,acf:9268,NSCR,9268,acf:9269,NSCR,9269,1,adjacent_graphics_slots,False
,acf:9269,NSCR,9269,acf:9270,NSCR,9270,1,adjacent_graphics_slots,False
,acf:9270,NSCR,9270,acf:9271,NSCR,9271,1,adjacent_graphics_slots,False
,acf:9271,NSCR,9271,acf:9272,NSCR,9272,1,adjacent_graphics_slots,False
,acf:9272,NSCR,9272,acf:9273,NSCR,9273,1,adjacent_graphics_slots,False
,acf:9273,NSCR,9273,acf:9274,NSCR,9274,1,adjacent_graphics_slots,False
,acf:9274,NSCR,9274,acf:9275,NSCR,9275,1,adjacent_graphics_slots,False
,acf:9275,NSCR,9275,acf:9276,NSCR,9276,1,adjacent_graphics_slots,False
,acf:9276,NSCR,9276,acf:9277,NSCR,9277,1,adjacent_graphics_slots,False
,acf:9277,NSCR,9277,acf:9278,NSCR,9278,1,adjacent_graphics_slots,False
,acf:9278,NSCR,9278,acf:9279,NSCR,9279,1,adjacent_graphics_slots,False
,acf:9279,NSCR,9279,acf:9280,NSCR,9280,1,adjacent_graphics_slots,False
,acf:9280,NSCR,9280,acf:9281,NSCR,9281,1,adjacent_graphics_slots,False
,acf:9281,NSCR,9281,acf:9282,NSCR,9282,1,adjacent_graphics_slots,False
,acf:9282,NSCR,9282,acf:9283,NSCR,9283,1,adjacent_graphics_slots,False
,acf:9283,NSCR,9283,acf:9284,NSCR,9284,1,adjacent_graphics_slots,False
,acf:9284,NSCR,9284,acf:9285,NSCR,9285,1,adjacent_graphics_slots,False
,acf:9285,NSCR,9285,acf:9286,NSCR,9286,1,adjacent_graphics_slots,False
,acf:9286,NSCR,9286,acf:9287,NSCR,9287,1,adjacent_graphics_slots,False
,acf:9287,NSCR,9287,acf:9288,NSCR,9288,1,adjacent_graphics_slots,False
,acf:9288,NSCR,9288,acf:9289,NSCR,9289,1,adjacent_graphics_slots,False
,acf:9289,NSCR,9289,acf:9290,NSCR,9290,1,adjacent_graphics_slots,False
,acf:9290,NSCR,9290,acf:9291,NSCR,9291,1,adjacent_graphics_slots,False
,acf:9291,NSCR,9291,acf:9292,NSCR,9292,1,adjacent_graphics_slots,False
,acf:9292,NSCR,9292,acf:9293,NSCR,9293,1,adjacent_graphics_slots,False
,acf:9293,NSCR,9293,acf:9294,NSCR,9294,1,adjacent_graphics_slots,False
,acf:9294,NSCR,9294,acf:9295,NSCR,9295,1,adjacent_graphics_slots,False
,acf:9295,NSCR,9295,acf:9296,NSCR,9296,1,adjacent_graphics_slots,False
,acf:9296,NSCR,9296,acf:9297,NSCR,9297,1,adjacent_graphics_slots,False
,acf:9297,NSCR,9297,acf:9298,NSCR,9298,1,adjacent_graphics_slots,False
,acf:9298,NSCR,9298,acf:9299,NSCR,9299,1,adjacent_graphics_slots,False
,acf:9299,NSCR,9299,acf:9300,NSCR,9300,1,adjacent_graphics_slots,False
,acf:9300,NSCR,9300,acf:9301,NSCR,9301,1,adjacent_graphics_slots,False
,acf:9301,NSCR,9301,acf:9302,NSCR,9302,1,adjacent_graphics_slots,False
,acf:9302,NSCR,9302,acf:9303,NSCR,9303,1,adjacent_graphics_slots,False
,acf:9303,NSCR,9303,acf:9304,NSCR,9304,1,adjacent_graphics_slots,False
,acf:9304,NSCR,9304,acf:9305,NSCR,9305,1,adjacent_graphics_slots,False
,acf:9305,NSCR,9305,acf:9306,NSCR,9306,1,adjacent_graphics_slots,False
,acf:9306,NSCR,9306,acf:9307,NSCR,9307,1,adjacent_graphics_slots,False
,acf:9307,NSCR,9307,acf:9308,NSCR,9308,1,adjacent_graphics_slots,False
,acf:9308,NSCR,9308,acf:9309,NSCR,9309,1,adjacent_graphics_slots,False
,acf:9309,NSCR,9309,acf:9310,NSCR,9310,1,adjacent_graphics_slots,False
,acf:9310,NSCR,9310,acf:9311,NSCR,9311,1,adjacent_graphics_slots,False
,acf:9311,NSCR,9311,acf:9312,NSCR,9312,1,adjacent_graphics_slots,False
,acf:9312,NSCR,9312,acf:9313,NSCR,9313,1,adjacent_graphics_slots,False
,acf:9313,NSCR,9313,acf:9314,NSCR,9314,1,adjacent_graphics_slots,False
,acf:9314,NSCR,9314,acf:9315,NSCR,9315,1,adjacent_graphics_slots,False
,acf:9315,NSCR,9315,acf:9316,NSCR,9316,1,adjacent_graphics_slots,False
,acf:9316,NSCR,9316,acf:9317,NSCR,9317,1,adjacent_graphics_slots,False
,acf:9317,NSCR,9317,acf:9318,NSCR,9318,1,adjacent_graphics_slots,False
,acf:9318,NSCR,9318,acf:9319,NSCR,9319,1,adjacent_graphics_slots,False
,acf:9319,NSCR,9319,acf:9320,NSCR,9320,1,adjacent_graphics_slots,False
,acf:9320,NSCR,9320,acf:9321,NSCR,9321,1,adjacent_graphics_slots,False
,acf:9321,NSCR,9321,acf:9322,NSCR,9322,1,adjacent_graphics_slots,False
,acf:9322,NSCR,9322,acf:9323,NSCR,9323,1,adjacent_graphics_slots,False
,acf:9323,NSCR,9323,acf:9324,NSCR,9324,1,adjacent_graphics_slots,False
,acf:9324,NSCR,9324,acf:9325,NSCR,9325,1,adjacent_graphics_slots,False
,acf:9325,NSCR,9325,acf:9326,NSCR,9326,1,adjacent_graphics_slots,False
,acf:9326,NSCR,9326,acf:9327,NSCR,9327,1,adjacent_graphics_slots,False
,acf:9327,NSCR,9327,acf:9328,NSCR,9328,1,adjacent_graphics_slots,False
,acf:9328,NSCR,9328,acf:9329,NSCR,9329,1,adjacent_graphics_slots,False
,acf:9329,NSCR,9329,acf:9330,NSCR,9330,1,adjacent_graphics_slots,False
,acf:9330,NSCR,9330,acf:9331,NSCR,9331,1,adjacent_graphics_slots,False
,acf:9331,NSCR,9331,acf:9332,NSCR,9332,1,adjacent_graphics_slots,False
,acf:9332,NSCR,9332,acf:9333,NSCR,9333,1,adjacent_graphics_slots,False
,acf:9333,NSCR,9333,acf:9334,NSCR,9334,1,adjacent_graphics_slots,False
,acf:9334,NSCR,9334,acf:9335,NSCR,9335,1,adjacent_graphics_slots,False
,acf:9335,NSCR,9335,acf:9336,NSCR,9336,1,adjacent_graphics_slots,False
,acf:9336,NSCR,9336,acf:9337,NSCR,9337,1,adjacent_graphics_slots,False
,acf:9337,NSCR,9337,acf:9338,NSCR,9338,1,adjacent_graphics_slots,False
,acf:9338,NSCR,9338,acf:9339,NSCR,9339,1,adjacent_graphics_slots,False
,acf:9339,NSCR,9339,acf:9340,NSCR,9340,1,adjacent_graphics_slots,False
,acf:9340,NSCR,9340,acf:9341,NSCR,9341,1,adjacent_graphics_slots,False
,acf:9341,NSCR,9341,acf:9342,NSCR,9342,1,adjacent_graphics_slots,False
,acf:9342,NSCR,9342,acf:9343,NSCR,9343,1,adjacent_graphics_slots,False
,acf:9343,NSCR,9343,acf:9344,NSCR,9344,1,adjacent_graphics_slots,False
,acf:9344,NSCR,9344,acf:9345,NSCR,9345,1,adjacent_graphics_slots,False
,acf:9345,NSCR,9345,acf:9346,NSCR,9346,1,adjacent_graphics_slots,False
,acf:9346,NSCR,9346,acf:9347,NSCR,9347,1,adjacent_graphics_slots,False
,acf:9347,NSCR,9347,acf:9348,NSCR,9348,1,adjacent_graphics_slots,False
,acf:9348,NSCR,9348,acf:9349,NSCR,9349,1,adjacent_graphics_slots,False
,acf:9349,NSCR,9349,acf:9350,NSCR,9350,1,adjacent_graphics_slots,False
,acf:9350,NSCR,9350,acf:9351,NSCR,9351,1,adjacent_graphics_slots,False
,acf:9351,NSCR,9351,acf:9352,NSCR,9352,1,adjacent_graphics_slots,False
,acf:9352,NSCR,9352,acf:9353,NSCR,9353,1,adjacent_graphics_slots,False
,acf:9353,NSCR,9353,acf:9354,NSCR,9354,1,adjacent_graphics_slots,False
,acf:9354,NSCR,9354,acf:9355,NSCR,9355,1,adjacent_graphics_slots,False
,acf:9355,NSCR,9355,acf:9356,NSCR,9356,1,adjacent_graphics_slots,False
,acf:9356,NSCR,9356,acf:9357,NSCR,9357,1,adjacent_graphics_slots,False
,acf:9357,NSCR,9357,acf:9358,NSCR,9358,1,adjacent_graphics_slots,False
,acf:9358,NSCR,9358,acf:9359,NSCR,9359,1,adjacent_graphics_slots,False
,acf:9359,NSCR,9359,acf:9360,NSCR,9360,1,adjacent_graphics_slots,False
,acf:9360,NSCR,9360,acf:9361,NSCR,9361,1,adjacent_graphics_slots,False
,acf:9361,NSCR,9361,acf:9362,NSCR,9362,1,adjacent_graphics_slots,False
,acf:9362,NSCR,9362,acf:9363,NSCR,9363,1,adjacent_graphics_slots,False
,acf:9363,NSCR,9363,acf:9364,NSCR,9364,1,adjacent_graphics_slots,False
,acf:9364,NSCR,9364,acf:9365,NSCR,9365,1,adjacent_graphics_slots,False
,acf:9365,NSCR,9365,acf:9366,NSCR,9366,1,adjacent_graphics_slots,False
,acf:9366,NSCR,9366,acf:9367,NSCR,9367,1,adjacent_graphics_slots,False
,acf:9367,NSCR,9367,acf:9368,NSCR,9368,1,adjacent_graphics_slots,False
,acf:9368,NSCR,9368,acf:9369,NSCR,9369,1,adjacent_graphics_slots,False
,acf:9369,NSCR,9369,acf:9370,NSCR,9370,1,adjacent_graphics_slots,False
,acf:9370,NSCR,9370,acf:9371,NSCR,9371,1,adjacent_graphics_slots,False
,acf:9371,NSCR,9371,acf:9372,NSCR,9372,1,adjacent_graphics_slots,False
,acf:9372,NSCR,9372,acf:9373,NSCR,9373,1,adjacent_graphics_slots,False
,acf:9373,NSCR,9373,acf:9374,NSCR,9374,1,adjacent_graphics_slots,False
,acf:9374,NSCR,9374,acf:9375,NSCR,9375,1,adjacent_graphics_slots,False
,acf:9375,NSCR,9375,acf:9376,NSCR,9376,1,adjacent_graphics_slots,False
,acf:9376,NSCR,9376,acf:9377,NSCR,9377,1,adjacent_graphics_slots,False
,acf:9377,NSCR,9377,acf:9378,NSCR,9378,1,adjacent_graphics_slots,False
,acf:9378,NSCR,9378,acf:9379,NSCR,9379,1,adjacent_graphics_slots,False
,acf:9379,NSCR,9379,acf:9380,NSCR,9380,1,adjacent_graphics_slots,False
,acf:9380,NSCR,9380,acf:9381,NSCR,9381,1,adjacent_graphics_slots,False
,acf:9381,NSCR,9381,acf:9382,NSCR,9382,1,adjacent_graphics_slots,False
,acf:9382,NSCR,9382,acf:9383,NSCR,9383,1,adjacent_graphics_slots,False
,acf:9383,NSCR,9383,acf:9384,NSCR,9384,1,adjacent_graphics_slots,False
,acf:9384,NSCR,9384,acf:9385,NSCR,9385,1,adjacent_graphics_slots,False
,acf:9385,NSCR,9385,acf:9386,NSCR,9386,1,adjacent_graphics_slots,False
,acf:9386,NSCR,9386,acf:9387,NSCR,9387,1,adjacent_graphics_slots,False
,acf:9387,NSCR,9387,acf:9388,NSCR,9388,1,adjacent_graphics_slots,False
,acf:9388,NSCR,9388,acf:9389,NSCR,9389,1,adjacent_graphics_slots,False
,acf:9389,NSCR,9389,acf:9390,NSCR,9390,1,adjacent_graphics_slots,False
,acf:9390,NSCR,9390,acf:9391,NSCR,9391,1,adjacent_graphics_slots,False
,acf:9391,NSCR,9391,acf:9392,NSCR,9392,1,adjacent_graphics_slots,False
,acf:9392,NSCR,9392,acf:9393,NSCR,9393,1,adjacent_graphics_slots,False
,acf:9393,NSCR,9393,acf:9394,NSCR,9394,1,adjacent_graphics_slots,False
,acf:9394,NSCR,9394,acf:9395,NSCR,9395,1,adjacent_graphics_slots,False
,acf:9395,NSCR,9395,acf:9396,NSCR,9396,1,adjacent_graphics_slots,False
,acf:9396,NSCR,9396,acf:9397,NSCR,9397,1,adjacent_graphics_slots,False
,acf:9397,NSCR,9397,acf:9398,NSCR,9398,1,adjacent_graphics_slots,False
,acf:9398,NSCR,9398,acf:9399,NSCR,9399,1,adjacent_graphics_slots,False
,acf:9399,NSCR,9399,acf:9400,NSCR,9400,1,adjacent_graphics_slots,False
,acf:9400,NSCR,9400,acf:9401,NSCR,9401,1,adjacent_graphics_slots,False
,acf:9401,NSCR,9401,acf:9402,NSCR,9402,1,adjacent_graphics_slots,False
,acf:9402,NSCR,9402,acf:9403,NSCR,9403,1,adjacent_graphics_slots,False
,acf:9403,NSCR,9403,acf:9404,NSCR,9404,1,adjacent_graphics_slots,False
,acf:9404,NSCR,9404,acf:9405,NSCR,9405,1,adjacent_graphics_slots,False
,acf:9405,NSCR,9405,acf:9406,NSCR,9406,1,adjacent_graphics_slots,False
,acf:9406,NSCR,9406,acf:9407,NSCR,9407,1,adjacent_graphics_slots,False
,acf:9407,NSCR,9407,acf:9408,NSCR,9408,1,adjacent_graphics_slots,False
,acf:9408,NSCR,9408,acf:9409,NSCR,9409,1,adjacent_graphics_slots,False
,acf:9409,NSCR,9409,acf:9410,NSCR,9410,1,adjacent_graphics_slots,False
,acf:9410,NSCR,9410,acf:9411,NSCR,9411,1,adjacent_graphics_slots,False
,acf:9411,NSCR,9411,acf:9412,NSCR,9412,1,adjacent_graphics_slots,False
,acf:9412,NSCR,9412,acf:9413,NSCR,9413,1,adjacent_graphics_slots,False
,acf:9413,NSCR,9413,acf:9414,NSCR,9414,1,adjacent_graphics_slots,False
,acf:9414,NSCR,9414,acf:9415,NSCR,9415,1,adjacent_graphics_slots,False
,acf:9415,NSCR,9415,acf:9416,NSCR,9416,1,adjacent_graphics_slots,False
,acf:9416,NSCR,9416,acf:9417,NSCR,9417,1,adjacent_graphics_slots,False
,acf:9417,NSCR,9417,acf:9418,NSCR,9418,1,adjacent_graphics_slots,False
,acf:9418,NSCR,9418,acf:9419,NSCR,9419,1,adjacent_graphics_slots,False
,acf:9419,NSCR,9419,acf:9420,NSCR,9420,1,adjacent_graphics_slots,False
,acf:9420,NSCR,9420,acf:9421,NSCR,9421,1,adjacent_graphics_slots,False
,acf:9421,NSCR,9421,acf:9422,NSCR,9422,1,adjacent_graphics_slots,False
,acf:9422,NSCR,9422,acf:9423,NSCR,9423,1,adjacent_graphics_slots,False
,acf:9423,NSCR,9423,acf:9424,NSCR,9424,1,adjacent_graphics_slots,False
,acf:9424,NSCR,9424,acf:9425,NSCR,9425,1,adjacent_graphics_slots,False
,acf:9425,NSCR,9425,acf:9426,NCGR,9426,1,adjacent_graphics_slots,False
,acf:9426,NCGR,9426,acf:9427,NCLR,9427,1,adjacent_graphics_slots,False
,acf:9427,NCLR,9427,acf:9428,NCER,9428,1,adjacent_graphics_slots,False
,acf:9428,NCER,9428,acf:9429,NANR,9429,1,adjacent_graphics_slots,False
,acf:9429,NANR,9429,acf:9430,NCGR,9430,1,adjacent_graphics_slots,False
,acf:9430,NCGR,9430,acf:9431,NCLR,9431,1,adjacent_graphics_slots,False
,acf:9431,NCLR,9431,acf:9432,NCER,9432,1,adjacent_graphics_slots,False
,acf:9432,NCER,9432,acf:9433,NANR,9433,1,adjacent_graphics_slots,False
,acf:9433,NANR,9433,acf:9434,NCGR,9434,1,adjacent_graphics_slots,False
,acf:9434,NCGR,9434,acf:9435,NCLR,9435,1,adjacent_graphics_slots,False
,acf:9435,NCLR,9435,acf:9436,NCER,9436,1,adjacent_graphics_slots,False
,acf:9436,NCER,9436,acf:9437,NANR,9437,1,adjacent_graphics_slots,False
,acf:9437,NANR,9437,acf:9438,NCGR,9438,1,adjacent_graphics_slots,False
,acf:9438,NCGR,9438,acf:9439,NCLR,9439,1,adjacent_graphics_slots,False
,acf:9439,NCLR,9439,acf:9440,NCER,9440,1,adjacent_graphics_slots,False
,acf:9440,NCER,9440,acf:9441,NANR,9441,1,adjacent_graphics_slots,False
,acf:9441,NANR,9441,acf:9442,NCGR,9442,1,adjacent_graphics_slots,False
,acf:9442,NCGR,9442,acf:9443,NCLR,9443,1,adjacent_graphics_slots,False
,acf:9443,NCLR,9443,acf:9444,NCER,9444,1,adjacent_graphics_slots,False
,acf:9444,NCER,9444,acf:9445,NANR,9445,1,adjacent_graphics_slots,False
,acf:9450,NCGR,9450,acf:9451,NCLR,9451,1,adjacent_graphics_slots,False
,acf:9451,NCLR,9451,acf:9452,NSCR,9452,1,adjacent_graphics_slots,False
,acf:9452,NSCR,9452,acf:9453,NCGR,9453,1,adjacent_graphics_slots,False
,acf:9453,NCGR,9453,acf:9454,NCLR,9454,1,adjacent_graphics_slots,False
,acf:9454,NCLR,9454,acf:9455,NSCR,9455,1,adjacent_graphics_slots,False
,acf:9455,NSCR,9455,acf:9456,NCGR,9456,1,adjacent_graphics_slots,False
,acf:9456,NCGR,9456,acf:9457,NCLR,9457,1,adjacent_graphics_slots,False
,acf:9457,NCLR,9457,acf:9458,NSCR,9458,1,adjacent_graphics_slots,False
,acf:9458,NSCR,9458,acf:9459,NCGR,9459,1,adjacent_graphics_slots,False
,acf:9459,NCGR,9459,acf:9460,NCLR,9460,1,adjacent_graphics_slots,False
,acf:9460,NCLR,9460,acf:9461,NSCR,9461,1,adjacent_graphics_slots,False
,acf:9461,NSCR,9461,acf:9462,NCGR,9462,1,adjacent_graphics_slots,False
,acf:9462,NCGR,9462,acf:9463,NCLR,9463,1,adjacent_graphics_slots,False
,acf:9463,NCLR,9463,acf:9464,NSCR,9464,1,adjacent_graphics_slots,False
,acf:9464,NSCR,9464,acf:9465,NCGR,9465,1,adjacent_graphics_slots,False
,acf:9465,NCGR,9465,acf:9466,NCLR,9466,1,adjacent_graphics_slots,False
,acf:9466,NCLR,9466,acf:9467,NSCR,9467,1,adjacent_graphics_slots,False
,acf:9467,NSCR,9467,acf:9468,NCGR,9468,1,adjacent_graphics_slots,False
,acf:9468,NCGR,9468,acf:9469,NCLR,9469,1,adjacent_graphics_slots,False
,acf:9469,NCLR,9469,acf:9470,NSCR,9470,1,adjacent_graphics_slots,False
,acf:9470,NSCR,9470,acf:9471,NCGR,9471,1,adjacent_graphics_slots,False
,acf:9471,NCGR,9471,acf:9472,NCLR,9472,1,adjacent_graphics_slots,False
,acf:9472,NCLR,9472,acf:9473,NSCR,9473,1,adjacent_graphics_slots,False
,acf:9473,NSCR,9473,acf:9474,NCGR,9474,1,adjacent_graphics_slots,False
,acf:9474,NCGR,9474,acf:9475,NCLR,9475,1,adjacent_graphics_slots,False
,acf:9475,NCLR,9475,acf:9476,NSCR,9476,1,adjacent_graphics_slots,False
,acf:9476,NSCR,9476,acf:9477,NCGR,9477,1,adjacent_graphics_slots,False
,acf:9477,NCGR,9477,acf:9478,NCLR,9478,1,adjacent_graphics_slots,False
,acf:9478,NCLR,9478,acf:9479,NSCR,9479,1,adjacent_graphics_slots,False
,acf:9479,NSCR,9479,acf:9480,NCGR,9480,1,adjacent_graphics_slots,False
,acf:9480,NCGR,9480,acf:9481,NCLR,9481,1,adjacent_graphics_slots,False
,acf:9481,NCLR,9481,acf:9482,NSCR,9482,1,adjacent_graphics_slots,False
,acf:9482,NSCR,9482,acf:9483,NCGR,9483,1,adjacent_graphics_slots,False
,acf:9483,NCGR,9483,acf:9484,NCLR,9484,1,adjacent_graphics_slots,False
,acf:9484,NCLR,9484,acf:9485,NSCR,9485,1,adjacent_graphics_slots,False
,acf:9485,NSCR,9485,acf:9486,NCGR,9486,1,adjacent_graphics_slots,False
,acf:9486,NCGR,9486,acf:9487,NCLR,9487,1,adjacent_graphics_slots,False
,acf:9487,NCLR,9487,acf:9488,NSCR,9488,1,adjacent_graphics_slots,False
,acf:9493,NCGR,9493,acf:9494,NCLR,9494,1,adjacent_graphics_slots,False
,acf:9494,NCLR,9494,acf:9495,NSCR,9495,1,adjacent_graphics_slots,False
,acf:9495,NSCR,9495,acf:9496,NSCR,9496,1,adjacent_graphics_slots,False
,acf:9496,NSCR,9496,acf:9497,NCGR,9497,1,adjacent_graphics_slots,False
,acf:9497,NCGR,9497,acf:9498,NCLR,9498,1,adjacent_graphics_slots,False
,acf:9498,NCLR,9498,acf:9499,NSCR,9499,1,adjacent_graphics_slots,False
,acf:9499,NSCR,9499,acf:9500,NANR,9500,1,adjacent_graphics_slots,False
,acf:9500,NANR,9500,acf:9501,NCER,9501,1,adjacent_graphics_slots,False
,acf:9501,NCER,9501,acf:9502,NCGR,9502,1,adjacent_graphics_slots,False
,acf:9502,NCGR,9502,acf:9503,NCLR,9503,1,adjacent_graphics_slots,False
,acf:9503,NCLR,9503,acf:9504,NANR,9504,1,adjacent_graphics_slots,False
,acf:9504,NANR,9504,acf:9505,NCER,9505,1,adjacent_graphics_slots,False
,acf:9505,NCER,9505,acf:9506,NCGR,9506,1,adjacent_graphics_slots,False
,acf:9506,NCGR,9506,acf:9507,NCLR,9507,1,adjacent_graphics_slots,False
,acf:9507,NCLR,9507,acf:9508,NANR,9508,1,adjacent_graphics_slots,False
,acf:9508,NANR,9508,acf:9509,NCER,9509,1,adjacent_graphics_slots,False
,acf:9509,NCER,9509,acf:9510,NCGR,9510,1,adjacent_graphics_slots,False
,acf:9510,NCGR,9510,acf:9511,NCLR,9511,1,adjacent_graphics_slots,False
,acf:9511,NCLR,9511,acf:9512,NANR,9512,1,adjacent_graphics_slots,False
,acf:9512,NANR,9512,acf:9513,NCER,9513,1,adjacent_graphics_slots,False
,acf:9513,NCER,9513,acf:9514,NCGR,9514,1,adjacent_graphics_slots,False
,acf:9514,NCGR,9514,acf:9515,NCLR,9515,1,adjacent_graphics_slots,False
,acf:9517,NANR,9517,acf:9518,NCER,9518,1,adjacent_graphics_slots,False
,acf:9518,NCER,9518,acf:9519,NCGR,9519,1,adjacent_graphics_slots,False
,acf:9519,NCGR,9519,acf:9520,NCLR,9520,1,adjacent_graphics_slots,False
,acf:9520,NCLR,9520,acf:9521,NCGR,9521,1,adjacent_graphics_slots,False
,acf:9521,NCGR,9521,acf:9522,NCLR,9522,1,adjacent_graphics_slots,False
,acf:9522,NCLR,9522,acf:9523,NSCR,9523,1,adjacent_graphics_slots,False
,acf:9525,NCGR,9525,acf:9526,NCLR,9526,1,adjacent_graphics_slots,False
,acf:9526,NCLR,9526,acf:9527,NSCR,9527,1,adjacent_graphics_slots,False
,acf:9532,NCGR,9532,acf:9533,NCLR,9533,1,adjacent_graphics_slots,False
,acf:9533,NCLR,9533,acf:9534,NSCR,9534,1,adjacent_graphics_slots,False
,acf:9536,NCGR,9536,acf:9537,NCLR,9537,1,adjacent_graphics_slots,False
,acf:9537,NCLR,9537,acf:9538,NSCR,9538,1,adjacent_graphics_slots,False
,acf:9538,NSCR,9538,acf:9539,NCGR,9539,1,adjacent_graphics_slots,False
,acf:9539,NCGR,9539,acf:9540,NCLR,9540,1,adjacent_graphics_slots,False
,acf:9540,NCLR,9540,acf:9541,NSCR,9541,1,adjacent_graphics_slots,False
,acf:9541,NSCR,9541,acf:9542,NCGR,9542,1,adjacent_graphics_slots,False
,acf:9542,NCGR,9542,acf:9543,NCLR,9543,1,adjacent_graphics_slots,False
,acf:9543,NCLR,9543,acf:9544,NSCR,9544,1,adjacent_graphics_slots,False
,acf:9544,NSCR,9544,acf:9545,NANR,9545,1,adjacent_graphics_slots,False
,acf:9545,NANR,9545,acf:9546,NCER,9546,1,adjacent_graphics_slots,False
,acf:9546,NCER,9546,acf:9547,NCGR,9547,1,adjacent_graphics_slots,False
,acf:9547,NCGR,9547,acf:9548,NCLR,9548,1,adjacent_graphics_slots,False
,acf:9550,NANR,9550,acf:9551,NCER,9551,1,adjacent_graphics_slots,False
,acf:9551,NCER,9551,acf:9552,NCGR,9552,1,adjacent_graphics_slots,False
,acf:9552,NCGR,9552,acf:9553,NCLR,9553,1,adjacent_graphics_slots,False
,acf:9555,NANR,9555,acf:9556,NCER,9556,1,adjacent_graphics_slots,False
,acf:9556,NCER,9556,acf:9557,NCGR,9557,1,adjacent_graphics_slots,False
,acf:9557,NCGR,9557,acf:9558,NCLR,9558,1,adjacent_graphics_slots,False
,acf:9563,NCGR,9563,acf:9564,NCLR,9564,1,adjacent_graphics_slots,False
,acf:9564,NCLR,9564,acf:9565,NSCR,9565,1,adjacent_graphics_slots,False
,acf:9571,NCGR,9571,acf:9572,NCLR,9572,1,adjacent_graphics_slots,False
,acf:9572,NCLR,9572,acf:9573,NSCR,9573,1,adjacent_graphics_slots,False
,acf:9573,NSCR,9573,acf:9574,NCGR,9574,1,adjacent_graphics_slots,False
,acf:9574,NCGR,9574,acf:9575,NCLR,9575,1,adjacent_graphics_slots,False
,acf:9575,NCLR,9575,acf:9576,NSCR,9576,1,adjacent_graphics_slots,False
,acf:9576,NSCR,9576,acf:9577,NCGR,9577,1,adjacent_graphics_slots,False
,acf:9577,NCGR,9577,acf:9578,NCLR,9578,1,adjacent_graphics_slots,False
,acf:9578,NCLR,9578,acf:9579,NSCR,9579,1,adjacent_graphics_slots,False
,acf:9579,NSCR,9579,acf:9580,NCGR,9580,1,adjacent_graphics_slots,False
,acf:9580,NCGR,9580,acf:9581,NCLR,9581,1,adjacent_graphics_slots,False
,acf:9581,NCLR,9581,acf:9582,NSCR,9582,1,adjacent_graphics_slots,False
,acf:9582,NSCR,9582,acf:9583,NCGR,9583,1,adjacent_graphics_slots,False
,acf:9583,NCGR,9583,acf:9584,NCLR,9584,1,adjacent_graphics_slots,False
,acf:9584,NCLR,9584,acf:9585,NSCR,9585,1,adjacent_graphics_slots,False
,acf:9585,NSCR,9585,acf:9586,NCGR,9586,1,adjacent_graphics_slots,False
,acf:9586,NCGR,9586,acf:9587,NCLR,9587,1,adjacent_graphics_slots,False
,acf:9587,NCLR,9587,acf:9588,NSCR,9588,1,adjacent_graphics_slots,False
,acf:9588,NSCR,9588,acf:9589,NSCR,9589,1,adjacent_graphics_slots,False
,acf:9591,NANR,9591,acf:9592,NCER,9592,1,adjacent_graphics_slots,False
,acf:9592,NCER,9592,acf:9593,NCGR,9593,1,adjacent_graphics_slots,False
,acf:9593,NCGR,9593,acf:9594,NCLR,9594,1,adjacent_graphics_slots,False
,acf:9597,NCGR,9597,acf:9598,NCLR,9598,1,adjacent_graphics_slots,False
,acf:9598,NCLR,9598,acf:9599,NCGR,9599,1,adjacent_graphics_slots,False
,acf:9599,NCGR,9599,acf:9600,NCLR,9600,1,adjacent_graphics_slots,False
,acf:9600,NCLR,9600,acf:9601,NCGR,9601,1,adjacent_graphics_slots,False
,acf:9601,NCGR,9601,acf:9602,NCLR,9602,1,adjacent_graphics_slots,False
,acf:9602,NCLR,9602,acf:9603,NCGR,9603,1,adjacent_graphics_slots,False
,acf:9603,NCGR,9603,acf:9604,NCLR,9604,1,adjacent_graphics_slots,False
,acf:9604,NCLR,9604,acf:9605,NCGR,9605,1,adjacent_graphics_slots,False
,acf:9605,NCGR,9605,acf:9606,NCLR,9606,1,adjacent_graphics_slots,False
,acf:9606,NCLR,9606,acf:9607,NCGR,9607,1,adjacent_graphics_slots,False
,acf:9607,NCGR,9607,acf:9608,NCLR,9608,1,adjacent_graphics_slots,False
,acf:9608,NCLR,9608,acf:9609,NCGR,9609,1,adjacent_graphics_slots,False
,acf:9609,NCGR,9609,acf:9610,NCLR,9610,1,adjacent_graphics_slots,False
,acf:9610,NCLR,9610,acf:9611,NCGR,9611,1,adjacent_graphics_slots,False
,acf:9611,NCGR,9611,acf:9612,NCLR,9612,1,adjacent_graphics_slots,False
,acf:9612,NCLR,9612,acf:9613,NCGR,9613,1,adjacent_graphics_slots,False
,acf:9613,NCGR,9613,acf:9614,NCLR,9614,1,adjacent_graphics_slots,False
,acf:9614,NCLR,9614,acf:9615,NCGR,9615,1,adjacent_graphics_slots,False
,acf:9615,NCGR,9615,acf:9616,NCLR,9616,1,adjacent_graphics_slots,False
,acf:9616,NCLR,9616,acf:9617,NCGR,9617,1,adjacent_graphics_slots,False
,acf:9617,NCGR,9617,acf:9618,NCLR,9618,1,adjacent_graphics_slots,False
,acf:9621,NCGR,9621,acf:9622,NCLR,9622,1,adjacent_graphics_slots,False
,acf:9622,NCLR,9622,acf:9623,NSCR,9623,1,adjacent_graphics_slots,False
,acf:9623,NSCR,9623,acf:9624,NSCR,9624,1,adjacent_graphics_slots,False
,acf:9624,NSCR,9624,acf:9625,NCGR,9625,1,adjacent_graphics_slots,False
,acf:9625,NCGR,9625,acf:9626,NCLR,9626,1,adjacent_graphics_slots,False
,acf:9626,NCLR,9626,acf:9627,NSCR,9627,1,adjacent_graphics_slots,False
,acf:9627,NSCR,9627,acf:9628,NSCR,9628,1,adjacent_graphics_slots,False
,acf:9628,NSCR,9628,acf:9629,NSCR,9629,1,adjacent_graphics_slots,False
,acf:9629,NSCR,9629,acf:9630,NANR,9630,1,adjacent_graphics_slots,False
,acf:9630,NANR,9630,acf:9631,NCER,9631,1,adjacent_graphics_slots,False
,acf:9631,NCER,9631,acf:9632,NCGR,9632,1,adjacent_graphics_slots,False
,acf:9632,NCGR,9632,acf:9633,NCLR,9633,1,adjacent_graphics_slots,False
,acf:9633,NCLR,9633,acf:9634,NCGR,9634,1,adjacent_graphics_slots,False
,acf:9634,NCGR,9634,acf:9635,NCLR,9635,1,adjacent_graphics_slots,False
,acf:9635,NCLR,9635,acf:9636,NSCR,9636,1,adjacent_graphics_slots,False
,acf:9636,NSCR,9636,acf:9637,NCGR,9637,1,adjacent_graphics_slots,False
,acf:9637,NCGR,9637,acf:9638,NCLR,9638,1,adjacent_graphics_slots,False
,acf:9638,NCLR,9638,acf:9639,NSCR,9639,1,adjacent_graphics_slots,False
,acf:9639,NSCR,9639,acf:9640,NCGR,9640,1,adjacent_graphics_slots,False
,acf:9640,NCGR,9640,acf:9641,NCLR,9641,1,adjacent_graphics_slots,False
,acf:9641,NCLR,9641,acf:9642,NSCR,9642,1,adjacent_graphics_slots,False
,acf:9642,NSCR,9642,acf:9643,NCGR,9643,1,adjacent_graphics_slots,False
,acf:9643,NCGR,9643,acf:9644,NCLR,9644,1,adjacent_graphics_slots,False
,acf:9644,NCLR,9644,acf:9645,NSCR,9645,1,adjacent_graphics_slots,False
,acf:9645,NSCR,9645,acf:9646,NCGR,9646,1,adjacent_graphics_slots,False
,acf:9646,NCGR,9646,acf:9647,NCLR,9647,1,adjacent_graphics_slots,False
,acf:9647,NCLR,9647,acf:9648,NSCR,9648,1,adjacent_graphics_slots,False
,acf:9648,NSCR,9648,acf:9649,NCGR,9649,1,adjacent_graphics_slots,False
,acf:9649,NCGR,9649,acf:9650,NCLR,9650,1,adjacent_graphics_slots,False
,acf:9650,NCLR,9650,acf:9651,NSCR,9651,1,adjacent_graphics_slots,False
,acf:9651,NSCR,9651,acf:9652,NCGR,9652,1,adjacent_graphics_slots,False
,acf:9652,NCGR,9652,acf:9653,NCLR,9653,1,adjacent_graphics_slots,False
,acf:9653,NCLR,9653,acf:9654,NSCR,9654,1,adjacent_graphics_slots,False
,acf:9654,NSCR,9654,acf:9655,NCGR,9655,1,adjacent_graphics_slots,False
,acf:9655,NCGR,9655,acf:9656,NCLR,9656,1,adjacent_graphics_slots,False
,acf:9656,NCLR,9656,acf:9657,NSCR,9657,1,adjacent_graphics_slots,False
,acf:9657,NSCR,9657,acf:9658,NCGR,9658,1,adjacent_graphics_slots,False
,acf:9658,NCGR,9658,acf:9659,NCLR,9659,1,adjacent_graphics_slots,False
,acf:9659,NCLR,9659,acf:9660,NSCR,9660,1,adjacent_graphics_slots,False
,acf:9660,NSCR,9660,acf:9661,NCGR,9661,1,adjacent_graphics_slots,False
,acf:9661,NCGR,9661,acf:9662,NCLR,9662,1,adjacent_graphics_slots,False
,acf:9662,NCLR,9662,acf:9663,NSCR,9663,1,adjacent_graphics_slots,False
,acf:9663,NSCR,9663,acf:9664,NCGR,9664,1,adjacent_graphics_slots,False
,acf:9664,NCGR,9664,acf:9665,NCLR,9665,1,adjacent_graphics_slots,False
,acf:9665,NCLR,9665,acf:9666,NSCR,9666,1,adjacent_graphics_slots,False
,acf:9666,NSCR,9666,acf:9667,NCGR,9667,1,adjacent_graphics_slots,False
,acf:9667,NCGR,9667,acf:9668,NCLR,9668,1,adjacent_graphics_slots,False
,acf:9668,NCLR,9668,acf:9669,NSCR,9669,1,adjacent_graphics_slots,False
,acf:9669,NSCR,9669,acf:9670,NCGR,9670,1,adjacent_graphics_slots,False
,acf:9670,NCGR,9670,acf:9671,NCLR,9671,1,adjacent_graphics_slots,False
,acf:9671,NCLR,9671,acf:9672,NSCR,9672,1,adjacent_graphics_slots,False
,acf:9672,NSCR,9672,acf:9673,NCGR,9673,1,adjacent_graphics_slots,False
,acf:9673,NCGR,9673,acf:9674,NCLR,9674,1,adjacent_graphics_slots,False
,acf:9674,NCLR,9674,acf:9675,NSCR,9675,1,adjacent_graphics_slots,False
,acf:9675,NSCR,9675,acf:9676,NCGR,9676,1,adjacent_graphics_slots,False
,acf:9676,NCGR,9676,acf:9677,NCLR,9677,1,adjacent_graphics_slots,False
,acf:9677,NCLR,9677,acf:9678,NSCR,9678,1,adjacent_graphics_slots,False
,acf:9678,NSCR,9678,acf:9679,NCGR,9679,1,adjacent_graphics_slots,False
,acf:9679,NCGR,9679,acf:9680,NCLR,9680,1,adjacent_graphics_slots,False
,acf:9680,NCLR,9680,acf:9681,NSCR,9681,1,adjacent_graphics_slots,False
,acf:9681,NSCR,9681,acf:9682,NCGR,9682,1,adjacent_graphics_slots,False
,acf:9682,NCGR,9682,acf:9683,NCLR,9683,1,adjacent_graphics_slots,False
,acf:9683,NCLR,9683,acf:9684,NSCR,9684,1,adjacent_graphics_slots,False
,acf:9684,NSCR,9684,acf:9685,NCGR,9685,1,adjacent_graphics_slots,False
,acf:9685,NCGR,9685,acf:9686,NCLR,9686,1,adjacent_graphics_slots,False
,acf:9686,NCLR,9686,acf:9687,NSCR,9687,1,adjacent_graphics_slots,False
acf:1696,acf:1696/acf:0001,NCLR,1,acf:1696/acf:0002,NCGR,2,1,adjacent_graphics_slots,False
acf:1696,acf:1696/acf:0002,NCGR,2,acf:1696/acf:0003,NCER,3,1,adjacent_graphics_slots,False
acf:1696,acf:1696/acf:0003,NCER,3,acf:1696/acf:0004,NCER,4,1,adjacent_graphics_slots,False
acf:1697,acf:1697/acf:0001,NCLR,1,acf:1697/acf:0002,NCGR,2,1,adjacent_graphics_slots,False
acf:1697,acf:1697/acf:0002,NCGR,2,acf:1697/acf:0003,NCGR,3,1,adjacent_graphics_slots,False
acf:1697,acf:1697/acf:0003,NCGR,3,acf:1697/acf:0004,NCGR,4,1,adjacent_graphics_slots,False
acf:1697,acf:1697/acf:0004,NCGR,4,acf:1697/acf:0005,NCGR,5,1,adjacent_graphics_slots,False
acf:1697,acf:1697/acf:0005,NCGR,5,acf:1697/acf:0006,NCGR,6,1,adjacent_graphics_slots,False
acf:1697,acf:1697/acf:0006,NCGR,6,acf:1697/acf:0007,NCGR,7,1,adjacent_graphics_slots,False
acf:1697,acf:1697/acf:0007,NCGR,7,acf:1697/acf:0008,NCGR,8,1,adjacent_graphics_slots,False
acf:1697,acf:1697/acf:0008,NCGR,8,acf:1697/acf:0009,NCGR,9,1,adjacent_graphics_slots,False
acf:1697,acf:1697/acf:0009,NCGR,9,acf:1697/acf:0010,NCGR,10,1,adjacent_graphics_slots,False
acf:1697,acf:1697/acf:0010,NCGR,10,acf:1697/acf:0011,NCGR,11,1,adjacent_graphics_slots,False
acf:1697,acf:1697/acf:0011,NCGR,11,acf:1697/acf:0012,NCGR,12,1,adjacent_graphics_slots,False
acf:1697,acf:1697/acf:0012,NCGR,12,acf:1697/acf:0013,NCGR,13,1,adjacent_graphics_slots,False
acf:1697,acf:1697/acf:0013,NCGR,13,acf:1697/acf:0014,NCER,14,1,adjacent_graphics_slots,False
acf:1697,acf:1697/acf:0014,NCER,14,acf:1697/acf:0015,NCER,15,1,adjacent_graphics_slots,False
acf:1697,acf:1697/acf:0015,NCER,15,acf:1697/acf:0016,NCER,16,1,adjacent_graphics_slots,False
acf:1697,acf:1697/acf:0016,NCER,16,acf:1697/acf:0017,NCER,17,1,adjacent_graphics_slots,False
acf:1697,acf:1697/acf:0017,NCER,17,acf:1697/acf:0018,NCER,18,1,adjacent_graphics_slots,False
acf:1697,acf:1697/acf:0018,NCER,18,acf:1697/acf:0019,NCER,19,1,adjacent_graphics_slots,False
acf:1697,acf:1697/acf:0019,NCER,19,acf:1697/acf:0020,NCER,20,1,adjacent_graphics_slots,False
acf:1697,acf:1697/acf:0020,NCER,20,acf:1697/acf:0021,NCER,21,1,adjacent_graphics_slots,False
acf:1697,acf:1697/acf:0021,NCER,21,acf:1697/acf:0022,NCER,22,1,adjacent_graphics_slots,False
acf:1697,acf:1697/acf:0022,NCER,22,acf:1697/acf:0023,NCER,23,1,adjacent_graphics_slots,False
acf:1697,acf:1697/acf:0023,NCER,23,acf:1697/acf:0024,NCER,24,1,adjacent_graphics_slots,False
acf:1697,acf:1697/acf:0024,NCER,24,acf:1697/acf:0025,NCER,25,1,adjacent_graphics_slots,False
acf:1697,acf:1697/acf:0025,NCER,25,acf:1697/acf:0026,NCER,26,1,adjacent_graphics_slots,False
acf:1697,acf:1697/acf:0026,NCER,26,acf:1697/acf:0027,NCER,27,1,adjacent_graphics_slots,False
acf:1697,acf:1697/acf:0027,NCER,27,acf:1697/acf:0028,NCER,28,1,adjacent_graphics_slots,False
acf:1697,acf:1697/acf:0028,NCER,28,acf:1697/acf:0029,NCER,29,1,adjacent_graphics_slots,False
acf:1697,acf:1697/acf:0029,NCER,29,acf:1697/acf:0030,NCER,30,1,adjacent_graphics_slots,False
acf:1697,acf:1697/acf:0030,NCER,30,acf:1697/acf:0031,NCER,31,1,adjacent_graphics_slots,False
acf:1697,acf:1697/acf:0031,NCER,31,acf:1697/acf:0032,NCER,32,1,adjacent_graphics_slots,False
acf:1697,acf:1697/acf:0032,NCER,32,acf:1697/acf:0033,NCER,33,1,adjacent_graphics_slots,False
acf:1697,acf:1697/acf:0033,NCER,33,acf:1697/acf:0034,NCER,34,1,adjacent_graphics_slots,False
acf:1697,acf:1697/acf:0034,NCER,34,acf:1697/acf:0035,NCER,35,1,adjacent_graphics_slots,False
acf:1698,acf:1698/acf:0001,NCLR,1,acf:1698/acf:0002,NCGR,2,1,adjacent_graphics_slots,False
acf:1698,acf:1698/acf:0002,NCGR,2,acf:1698/acf:0003,NCER,3,1,adjacent_graphics_slots,False
acf:1698,acf:1698/acf:0003,NCER,3,acf:1698/acf:0004,NCER,4,1,adjacent_graphics_slots,False
acf:1699,acf:1699/acf:0001,NCLR,1,acf:1699/acf:0002,NCGR,2,1,adjacent_graphics_slots,False
acf:1699,acf:1699/acf:0002,NCGR,2,acf:1699/acf:0003,NCGR,3,1,adjacent_graphics_slots,False
acf:1699,acf:1699/acf:0003,NCGR,3,acf:1699/acf:0004,NCGR,4,1,adjacent_graphics_slots,False
acf:1699,acf:1699/acf:0004,NCGR,4,acf:1699/acf:0005,NCER,5,1,adjacent_graphics_slots,False
acf:1699,acf:1699/acf:0005,NCER,5,acf:1699/acf:0006,NCER,6,1,adjacent_graphics_slots,False
acf:1699,acf:1699/acf:0006,NCER,6,acf:1699/acf:0007,NCER,7,1,adjacent_graphics_slots,False
acf:1699,acf:1699/acf:0007,NCER,7,acf:1699/acf:0008,NCER,8,1,adjacent_graphics_slots,False
acf:1699,acf:1699/acf:0008,NCER,8,acf:1699/acf:0009,NCER,9,1,adjacent_graphics_slots,False
acf:1699,acf:1699/acf:0009,NCER,9,acf:1699/acf:0010,NCER,10,1,adjacent_graphics_slots,False
acf:1699,acf:1699/acf:0010,NCER,10,acf:1699/acf:0011,NCER,11,1,adjacent_graphics_slots,False
acf:1700,acf:1700/acf:0001,NCLR,1,acf:1700/acf:0002,NCGR,2,1,adjacent_graphics_slots,False
acf:1700,acf:1700/acf:0002,NCGR,2,acf:1700/acf:0003,NCGR,3,1,adjacent_graphics_slots,False
acf:1700,acf:1700/acf:0003,NCGR,3,acf:1700/acf:0004,NCGR,4,1,adjacent_graphics_slots,False
acf:1700,acf:1700/acf:0004,NCGR,4,acf:1700/acf:0005,NCER,5,1,adjacent_graphics_slots,False
acf:1700,acf:1700/acf:0005,NCER,5,acf:1700/acf:0006,NCER,6,1,adjacent_graphics_slots,False
acf:1700,acf:1700/acf:0006,NCER,6,acf:1700/acf:0007,NCER,7,1,adjacent_graphics_slots,False
acf:1700,acf:1700/acf:0007,NCER,7,acf:1700/acf:0008,NCER,8,1,adjacent_graphics_slots,False
acf:1700,acf:1700/acf:0008,NCER,8,acf:1700/acf:0009,NCER,9,1,adjacent_graphics_slots,False
acf:1700,acf:1700/acf:0009,NCER,9,acf:1700/acf:0010,NCER,10,1,adjacent_graphics_slots,False
acf:1700,acf:1700/acf:0010,NCER,10,acf:1700/acf:0011,NCER,11,1,adjacent_graphics_slots,False
acf:1701,acf:1701/acf:0001,NCLR,1,acf:1701/acf:0002,NCGR,2,1,adjacent_graphics_slots,False
acf:1701,acf:1701/acf:0002,NCGR,2,acf:1701/acf:0003,NCGR,3,1,adjacent_graphics_slots,False
acf:1701,acf:1701/acf:0003,NCGR,3,acf:1701/acf:0004,NCGR,4,1,adjacent_graphics_slots,False
acf:1701,acf:1701/acf:0004,NCGR,4,acf:1701/acf:0005,NCER,5,1,adjacent_graphics_slots,False
acf:1701,acf:1701/acf:0005,NCER,5,acf:1701/acf:0006,NCER,6,1,adjacent_graphics_slots,False
acf:1701,acf:1701/acf:0006,NCER,6,acf:1701/acf:0007,NCER,7,1,adjacent_graphics_slots,False
acf:1701,acf:1701/acf:0007,NCER,7,acf:1701/acf:0008,NCER,8,1,adjacent_graphics_slots,False
acf:1701,acf:1701/acf:0008,NCER,8,acf:1701/acf:0009,NCER,9,1,adjacent_graphics_slots,False
acf:1701,acf:1701/acf:0009,NCER,9,acf:1701/acf:0010,NCER,10,1,adjacent_graphics_slots,False
acf:1701,acf:1701/acf:0010,NCER,10,acf:1701/acf:0011,NCER,11,1,adjacent_graphics_slots,False
acf:1702,acf:1702/acf:0001,NCLR,1,acf:1702/acf:0002,NCGR,2,1,adjacent_graphics_slots,False
acf:1702,acf:1702/acf:0002,NCGR,2,acf:1702/acf:0003,NCGR,3,1,adjacent_graphics_slots,False
acf:1702,acf:1702/acf:0003,NCGR,3,acf:1702/acf:0004,NCGR,4,1,adjacent_graphics_slots,False
acf:1702,acf:1702/acf:0004,NCGR,4,acf:1702/acf:0005,NCGR,5,1,adjacent_graphics_slots,False
acf:1702,acf:1702/acf:0005,NCGR,5,acf:1702/acf:0006,NCGR,6,1,adjacent_graphics_slots,False
acf:1702,acf:1702/acf:0006,NCGR,6,acf:1702/acf:0007,NCER,7,1,adjacent_graphics_slots,False
acf:1702,acf:1702/acf:0007,NCER,7,acf:1702/acf:0008,NCER,8,1,adjacent_graphics_slots,False
acf:1702,acf:1702/acf:0008,NCER,8,acf:1702/acf:0009,NCER,9,1,adjacent_graphics_slots,False
acf:1702,acf:1702/acf:0009,NCER,9,acf:1702/acf:0010,NCER,10,1,adjacent_graphics_slots,False
acf:1702,acf:1702/acf:0010,NCER,10,acf:1702/acf:0011,NCER,11,1,adjacent_graphics_slots,False
acf:1702,acf:1702/acf:0011,NCER,11,acf:1702/acf:0012,NCER,12,1,adjacent_graphics_slots,False
acf:1702,acf:1702/acf:0012,NCER,12,acf:1702/acf:0013,NCER,13,1,adjacent_graphics_slots,False
acf:1702,acf:1702/acf:0013,NCER,13,acf:1702/acf:0014,NCER,14,1,adjacent_graphics_slots,False
acf:1702,acf:1702/acf:0014,NCER,14,acf:1702/acf:0015,NCER,15,1,adjacent_graphics_slots,False
acf:1702,acf:1702/acf:0015,NCER,15,acf:1702/acf:0016,NCER,16,1,adjacent_graphics_slots,False
acf:1704,acf:1704/acf:0001,NCLR,1,acf:1704/acf:0002,NCGR,2,1,adjacent_graphics_slots,False
acf:1704,acf:1704/acf:0002,NCGR,2,acf:1704/acf:0003,NCER,3,1,adjacent_graphics_slots,False
acf:1704,acf:1704/acf:0003,NCER,3,acf:1704/acf:0004,NCER,4,1,adjacent_graphics_slots,False
acf:1705,acf:1705/acf:0001,NCLR,1,acf:1705/acf:0002,NCGR,2,1,adjacent_graphics_slots,False
acf:1705,acf:1705/acf:0002,NCGR,2,acf:1705/acf:0003,NCGR,3,1,adjacent_graphics_slots,False
acf:1705,acf:1705/acf:0003,NCGR,3,acf:1705/acf:0004,NCGR,4,1,adjacent_graphics_slots,False
acf:1705,acf:1705/acf:0004,NCGR,4,acf:1705/acf:0005,NCGR,5,1,adjacent_graphics_slots,False
acf:1705,acf:1705/acf:0005,NCGR,5,acf:1705/acf:0006,NCER,6,1,adjacent_graphics_slots,False
acf:1705,acf:1705/acf:0006,NCER,6,acf:1705/acf:0007,NCER,7,1,adjacent_graphics_slots,False
acf:1705,acf:1705/acf:0007,NCER,7,acf:1705/acf:0008,NCER,8,1,adjacent_graphics_slots,False
acf:1705,acf:1705/acf:0008,NCER,8,acf:1705/acf:0009,NCER,9,1,adjacent_graphics_slots,False
acf:1705,acf:1705/acf:0009,NCER,9,acf:1705/acf:0010,NCER,10,1,adjacent_graphics_slots,False
acf:1705,acf:1705/acf:0010,NCER,10,acf:1705/acf:0011,NCER,11,1,adjacent_graphics_slots,False
acf:1705,acf:1705/acf:0011,NCER,11,acf:1705/acf:0012,NCER,12,1,adjacent_graphics_slots,False
acf:1705,acf:1705/acf:0012,NCER,12,acf:1705/acf:0013,NCER,13,1,adjacent_graphics_slots,False
acf:1706,acf:1706/acf:0001,NCLR,1,acf:1706/acf:0002,NCGR,2,1,adjacent_graphics_slots,False
acf:1706,acf:1706/acf:0002,NCGR,2,acf:1706/acf:0003,NCGR,3,1,adjacent_graphics_slots,False
acf:1706,acf:1706/acf:0003,NCGR,3,acf:1706/acf:0004,NCER,4,1,adjacent_graphics_slots,False
acf:1706,acf:1706/acf:0004,NCER,4,acf:1706/acf:0005,NCER,5,1,adjacent_graphics_slots,False
acf:1706,acf:1706/acf:0005,NCER,5,acf:1706/acf:0006,NCER,6,1,adjacent_graphics_slots,False
acf:1707,acf:1707/acf:0001,NCLR,1,acf:1707/acf:0002,NCGR,2,1,adjacent_graphics_slots,False
acf:1707,acf:1707/acf:0002,NCGR,2,acf:1707/acf:0003,NCGR,3,1,adjacent_graphics_slots,False
acf:1707,acf:1707/acf:0003,NCGR,3,acf:1707/acf:0004,NCER,4,1,adjacent_graphics_slots,False
acf:1707,acf:1707/acf:0004,NCER,4,acf:1707/acf:0005,NCER,5,1,adjacent_graphics_slots,False
acf:1707,acf:1707/acf:0005,NCER,5,acf:1707/acf:0006,NCER,6,1,adjacent_graphics_slots,False
acf:1708,acf:1708/acf:0001,NCLR,1,acf:1708/acf:0002,NCGR,2,1,adjacent_graphics_slots,False
acf:1708,acf:1708/acf:0002,NCGR,2,acf:1708/acf:0003,NCGR,3,1,adjacent_graphics_slots,False
acf:1708,acf:1708/acf:0003,NCGR,3,acf:1708/acf:0004,NCGR,4,1,adjacent_graphics_slots,False
acf:1708,acf:1708/acf:0004,NCGR,4,acf:1708/acf:0005,NCGR,5,1,adjacent_graphics_slots,False
acf:1708,acf:1708/acf:0005,NCGR,5,acf:1708/acf:0006,NCGR,6,1,adjacent_graphics_slots,False
acf:1708,acf:1708/acf:0006,NCGR,6,acf:1708/acf:0007,NCGR,7,1,adjacent_graphics_slots,False
acf:1708,acf:1708/acf:0007,NCGR,7,acf:1708/acf:0008,NCGR,8,1,adjacent_graphics_slots,False
acf:1708,acf:1708/acf:0008,NCGR,8,acf:1708/acf:0009,NCGR,9,1,adjacent_graphics_slots,False
acf:1708,acf:1708/acf:0009,NCGR,9,acf:1708/acf:0010,NCGR,10,1,adjacent_graphics_slots,False
acf:1708,acf:1708/acf:0010,NCGR,10,acf:1708/acf:0011,NCGR,11,1,adjacent_graphics_slots,False
acf:1708,acf:1708/acf:0011,NCGR,11,acf:1708/acf:0012,NCGR,12,1,adjacent_graphics_slots,False
acf:1708,acf:1708/acf:0012,NCGR,12,acf:1708/acf:0013,NCGR,13,1,adjacent_graphics_slots,False
acf:1708,acf:1708/acf:0013,NCGR,13,acf:1708/acf:0014,NCER,14,1,adjacent_graphics_slots,False
acf:1708,acf:1708/acf:0014,NCER,14,acf:1708/acf:0015,NCER,15,1,adjacent_graphics_slots,False
acf:1708,acf:1708/acf:0015,NCER,15,acf:1708/acf:0016,NCER,16,1,adjacent_graphics_slots,False
acf:1708,acf:1708/acf:0016,NCER,16,acf:1708/acf:0017,NCER,17,1,adjacent_graphics_slots,False
acf:1708,acf:1708/acf:0017,NCER,17,acf:1708/acf:0018,NCER,18,1,adjacent_graphics_slots,False
acf:1708,acf:1708/acf:0018,NCER,18,acf:1708/acf:0019,NCER,19,1,adjacent_graphics_slots,False
acf:1708,acf:1708/acf:0019,NCER,19,acf:1708/acf:0020,NCER,20,1,adjacent_graphics_slots,False
acf:1708,acf:1708/acf:0020,NCER,20,acf:1708/acf:0021,NCER,21,1,adjacent_graphics_slots,False
acf:1708,acf:1708/acf:0021,NCER,21,acf:1708/acf:0022,NCER,22,1,adjacent_graphics_slots,False
acf:1708,acf:1708/acf:0022,NCER,22,acf:1708/acf:0023,NCER,23,1,adjacent_graphics_slots,False
acf:1708,acf:1708/acf:0023,NCER,23,acf:1708/acf:0024,NCER,24,1,adjacent_graphics_slots,False
acf:1708,acf:1708/acf:0024,NCER,24,acf:1708/acf:0025,NCER,25,1,adjacent_graphics_slots,False
acf:1708,acf:1708/acf:0025,NCER,25,acf:1708/acf:0026,NCER,26,1,adjacent_graphics_slots,False
acf:1708,acf:1708/acf:0026,NCER,26,acf:1708/acf:0027,NCER,27,1,adjacent_graphics_slots,False
acf:1708,acf:1708/acf:0027,NCER,27,acf:1708/acf:0028,NCER,28,1,adjacent_graphics_slots,False
acf:1708,acf:1708/acf:0028,NCER,28,acf:1708/acf:0029,NCER,29,1,adjacent_graphics_slots,False
acf:1708,acf:1708/acf:0029,NCER,29,acf:1708/acf:0030,NCER,30,1,adjacent_graphics_slots,False
acf:1708,acf:1708/acf:0030,NCER,30,acf:1708/acf:0031,NCER,31,1,adjacent_graphics_slots,False
acf:1708,acf:1708/acf:0031,NCER,31,acf:1708/acf:0032,NCER,32,1,adjacent_graphics_slots,False
acf:1708,acf:1708/acf:0032,NCER,32,acf:1708/acf:0033,NCER,33,1,adjacent_graphics_slots,False
acf:1708,acf:1708/acf:0033,NCER,33,acf:1708/acf:0034,NCER,34,1,adjacent_graphics_slots,False
acf:1708,acf:1708/acf:0034,NCER,34,acf:1708/acf:0035,NCER,35,1,adjacent_graphics_slots,False
acf:1709,acf:1709/acf:0001,NCLR,1,acf:1709/acf:0002,NCGR,2,1,adjacent_graphics_slots,False
acf:1709,acf:1709/acf:0002,NCGR,2,acf:1709/acf:0003,NCER,3,1,adjacent_graphics_slots,False
acf:1709,acf:1709/acf:0003,NCER,3,acf:1709/acf:0004,NCER,4,1,adjacent_graphics_slots,False
acf:1710,acf:1710/acf:0001,NCLR,1,acf:1710/acf:0002,NCGR,2,1,adjacent_graphics_slots,False
acf:1710,acf:1710/acf:0002,NCGR,2,acf:1710/acf:0003,NCGR,3,1,adjacent_graphics_slots,False
acf:1710,acf:1710/acf:0003,NCGR,3,acf:1710/acf:0004,NCGR,4,1,adjacent_graphics_slots,False
acf:1710,acf:1710/acf:0004,NCGR,4,acf:1710/acf:0005,NCER,5,1,adjacent_graphics_slots,False
acf:1710,acf:1710/acf:0005,NCER,5,acf:1710/acf:0006,NCER,6,1,adjacent_graphics_slots,False
acf:1710,acf:1710/acf:0006,NCER,6,acf:1710/acf:0007,NCER,7,1,adjacent_graphics_slots,False
acf:1710,acf:1710/acf:0007,NCER,7,acf:1710/acf:0008,NCER,8,1,adjacent_graphics_slots,False
acf:1710,acf:1710/acf:0008,NCER,8,acf:1710/acf:0009,NCER,9,1,adjacent_graphics_slots,False
acf:1710,acf:1710/acf:0009,NCER,9,acf:1710/acf:0010,NCER,10,1,adjacent_graphics_slots,False
acf:1710,acf:1710/acf:0010,NCER,10,acf:1710/acf:0011,NCER,11,1,adjacent_graphics_slots,False
acf:1711,acf:1711/acf:0001,NCLR,1,acf:1711/acf:0002,NCGR,2,1,adjacent_graphics_slots,False
acf:1711,acf:1711/acf:0002,NCGR,2,acf:1711/acf:0003,NCGR,3,1,adjacent_graphics_slots,False
acf:1711,acf:1711/acf:0003,NCGR,3,acf:1711/acf:0004,NCGR,4,1,adjacent_graphics_slots,False
acf:1711,acf:1711/acf:0004,NCGR,4,acf:1711/acf:0005,NCER,5,1,adjacent_graphics_slots,False
acf:1711,acf:1711/acf:0005,NCER,5,acf:1711/acf:0006,NCER,6,1,adjacent_graphics_slots,False
acf:1711,acf:1711/acf:0006,NCER,6,acf:1711/acf:0007,NCER,7,1,adjacent_graphics_slots,False
acf:1711,acf:1711/acf:0007,NCER,7,acf:1711/acf:0008,NCER,8,1,adjacent_graphics_slots,False
acf:1711,acf:1711/acf:0008,NCER,8,acf:1711/acf:0009,NCER,9,1,adjacent_graphics_slots,False
acf:1711,acf:1711/acf:0009,NCER,9,acf:1711/acf:0010,NCER,10,1,adjacent_graphics_slots,False
acf:1711,acf:1711/acf:0010,NCER,10,acf:1711/acf:0011,NCER,11,1,adjacent_graphics_slots,False
acf:1712,acf:1712/acf:0001,NCLR,1,acf:1712/acf:0002,NCGR,2,1,adjacent_graphics_slots,False
acf:1712,acf:1712/acf:0002,NCGR,2,acf:1712/acf:0003,NCGR,3,1,adjacent_graphics_slots,False
acf:1712,acf:1712/acf:0003,NCGR,3,acf:1712/acf:0004,NCGR,4,1,adjacent_graphics_slots,False
acf:1712,acf:1712/acf:0004,NCGR,4,acf:1712/acf:0005,NCER,5,1,adjacent_graphics_slots,False
acf:1712,acf:1712/acf:0005,NCER,5,acf:1712/acf:0006,NCER,6,1,adjacent_graphics_slots,False
acf:1712,acf:1712/acf:0006,NCER,6,acf:1712/acf:0007,NCER,7,1,adjacent_graphics_slots,False
acf:1712,acf:1712/acf:0007,NCER,7,acf:1712/acf:0008,NCER,8,1,adjacent_graphics_slots,False
acf:1712,acf:1712/acf:0008,NCER,8,acf:1712/acf:0009,NCER,9,1,adjacent_graphics_slots,False
acf:1712,acf:1712/acf:0009,NCER,9,acf:1712/acf:0010,NCER,10,1,adjacent_graphics_slots,False
acf:1712,acf:1712/acf:0010,NCER,10,acf:1712/acf:0011,NCER,11,1,adjacent_graphics_slots,False
acf:1713,acf:1713/acf:0001,NCLR,1,acf:1713/acf:0002,NCGR,2,1,adjacent_graphics_slots,False
acf:1713,acf:1713/acf:0002,NCGR,2,acf:1713/acf:0003,NCGR,3,1,adjacent_graphics_slots,False
acf:1713,acf:1713/acf:0003,NCGR,3,acf:1713/acf:0004,NCGR,4,1,adjacent_graphics_slots,False
acf:1713,acf:1713/acf:0004,NCGR,4,acf:1713/acf:0005,NCGR,5,1,adjacent_graphics_slots,False
acf:1713,acf:1713/acf:0005,NCGR,5,acf:1713/acf:0006,NCGR,6,1,adjacent_graphics_slots,False
acf:1713,acf:1713/acf:0006,NCGR,6,acf:1713/acf:0007,NCER,7,1,adjacent_graphics_slots,False
acf:1713,acf:1713/acf:0007,NCER,7,acf:1713/acf:0008,NCER,8,1,adjacent_graphics_slots,False
acf:1713,acf:1713/acf:0008,NCER,8,acf:1713/acf:0009,NCER,9,1,adjacent_graphics_slots,False
acf:1713,acf:1713/acf:0009,NCER,9,acf:1713/acf:0010,NCER,10,1,adjacent_graphics_slots,False
acf:1713,acf:1713/acf:0010,NCER,10,acf:1713/acf:0011,NCER,11,1,adjacent_graphics_slots,False
acf:1713,acf:1713/acf:0011,NCER,11,acf:1713/acf:0012,NCER,12,1,adjacent_graphics_slots,False
acf:1713,acf:1713/acf:0012,NCER,12,acf:1713/acf:0013,NCER,13,1,adjacent_graphics_slots,False
acf:1713,acf:1713/acf:0013,NCER,13,acf:1713/acf:0014,NCER,14,1,adjacent_graphics_slots,False
acf:1713,acf:1713/acf:0014,NCER,14,acf:1713/acf:0015,NCER,15,1,adjacent_graphics_slots,False
acf:1713,acf:1713/acf:0015,NCER,15,acf:1713/acf:0016,NCER,16,1,adjacent_graphics_slots,False
acf:1715,acf:1715/acf:0001,NCLR,1,acf:1715/acf:0002,NCGR,2,1,adjacent_graphics_slots,False
acf:1715,acf:1715/acf:0002,NCGR,2,acf:1715/acf:0003,NCER,3,1,adjacent_graphics_slots,False
acf:1715,acf:1715/acf:0003,NCER,3,acf:1715/acf:0004,NCER,4,1,adjacent_graphics_slots,False
acf:1716,acf:1716/acf:0001,NCLR,1,acf:1716/acf:0002,NCGR,2,1,adjacent_graphics_slots,False
acf:1716,acf:1716/acf:0002,NCGR,2,acf:1716/acf:0003,NCGR,3,1,adjacent_graphics_slots,False
acf:1716,acf:1716/acf:0003,NCGR,3,acf:1716/acf:0004,NCGR,4,1,adjacent_graphics_slots,False
acf:1716,acf:1716/acf:0004,NCGR,4,acf:1716/acf:0005,NCGR,5,1,adjacent_graphics_slots,False
acf:1716,acf:1716/acf:0005,NCGR,5,acf:1716/acf:0006,NCER,6,1,adjacent_graphics_slots,False
acf:1716,acf:1716/acf:0006,NCER,6,acf:1716/acf:0007,NCER,7,1,adjacent_graphics_slots,False
acf:1716,acf:1716/acf:0007,NCER,7,acf:1716/acf:0008,NCER,8,1,adjacent_graphics_slots,False
acf:1716,acf:1716/acf:0008,NCER,8,acf:1716/acf:0009,NCER,9,1,adjacent_graphics_slots,False
acf:1716,acf:1716/acf:0009,NCER,9,acf:1716/acf:0010,NCER,10,1,adjacent_graphics_slots,False
acf:1716,acf:1716/acf:0010,NCER,10,acf:1716/acf:0011,NCER,11,1,adjacent_graphics_slots,False
acf:1716,acf:1716/acf:0011,NCER,11,acf:1716/acf:0012,NCER,12,1,adjacent_graphics_slots,False
acf:1716,acf:1716/acf:0012,NCER,12,acf:1716/acf:0013,NCER,13,1,adjacent_graphics_slots,False
acf:1717,acf:1717/acf:0001,NCLR,1,acf:1717/acf:0002,NCGR,2,1,adjacent_graphics_slots,False
acf:1717,acf:1717/acf:0002,NCGR,2,acf:1717/acf:0003,NCGR,3,1,adjacent_graphics_slots,False
acf:1717,acf:1717/acf:0003,NCGR,3,acf:1717/acf:0004,NCER,4,1,adjacent_graphics_slots,False
acf:1717,acf:1717/acf:0004,NCER,4,acf:1717/acf:0005,NCER,5,1,adjacent_graphics_slots,False
acf:1717,acf:1717/acf:0005,NCER,5,acf:1717/acf:0006,NCER,6,1,adjacent_graphics_slots,False
acf:1718,acf:1718/acf:0001,NCLR,1,acf:1718/acf:0002,NCGR,2,1,adjacent_graphics_slots,False
acf:1718,acf:1718/acf:0002,NCGR,2,acf:1718/acf:0003,NCGR,3,1,adjacent_graphics_slots,False
acf:1718,acf:1718/acf:0003,NCGR,3,acf:1718/acf:0004,NCER,4,1,adjacent_graphics_slots,False
acf:1718,acf:1718/acf:0004,NCER,4,acf:1718/acf:0005,NCER,5,1,adjacent_graphics_slots,False
acf:1718,acf:1718/acf:0005,NCER,5,acf:1718/acf:0006,NCER,6,1,adjacent_graphics_slots,False
acf:1719,acf:1719/acf:0001,NCLR,1,acf:1719/acf:0002,NCGR,2,1,adjacent_graphics_slots,False
acf:1719,acf:1719/acf:0002,NCGR,2,acf:1719/acf:0003,NCGR,3,1,adjacent_graphics_slots,False
acf:1719,acf:1719/acf:0003,NCGR,3,acf:1719/acf:0004,NCGR,4,1,adjacent_graphics_slots,False
acf:1719,acf:1719/acf:0004,NCGR,4,acf:1719/acf:0005,NCER,5,1,adjacent_graphics_slots,False
acf:1719,acf:1719/acf:0005,NCER,5,acf:1719/acf:0006,NCER,6,1,adjacent_graphics_slots,False
acf:1719,acf:1719/acf:0006,NCER,6,acf:1719/acf:0007,NCER,7,1,adjacent_graphics_slots,False
acf:1719,acf:1719/acf:0007,NCER,7,acf:1719/acf:0008,NCER,8,1,adjacent_graphics_slots,False
acf:1719,acf:1719/acf:0008,NCER,8,acf:1719/acf:0009,NCER,9,1,adjacent_graphics_slots,False
acf:1720,acf:1720/acf:0001,NCLR,1,acf:1720/acf:0002,NCGR,2,1,adjacent_graphics_slots,False
acf:1720,acf:1720/acf:0002,NCGR,2,acf:1720/acf:0003,NCGR,3,1,adjacent_graphics_slots,False
acf:1720,acf:1720/acf:0003,NCGR,3,acf:1720/acf:0004,NCGR,4,1,adjacent_graphics_slots,False
acf:1720,acf:1720/acf:0004,NCGR,4,acf:1720/acf:0005,NCER,5,1,adjacent_graphics_slots,False
acf:1720,acf:1720/acf:0005,NCER,5,acf:1720/acf:0006,NCER,6,1,adjacent_graphics_slots,False
acf:1720,acf:1720/acf:0006,NCER,6,acf:1720/acf:0007,NCER,7,1,adjacent_graphics_slots,False
acf:1720,acf:1720/acf:0007,NCER,7,acf:1720/acf:0008,NCER,8,1,adjacent_graphics_slots,False
acf:1720,acf:1720/acf:0008,NCER,8,acf:1720/acf:0009,NCER,9,1,adjacent_graphics_slots,False
acf:1721,acf:1721/acf:0001,NCLR,1,acf:1721/acf:0002,NCGR,2,1,adjacent_graphics_slots,False
acf:1721,acf:1721/acf:0002,NCGR,2,acf:1721/acf:0003,NCGR,3,1,adjacent_graphics_slots,False
acf:1721,acf:1721/acf:0003,NCGR,3,acf:1721/acf:0004,NCGR,4,1,adjacent_graphics_slots,False
acf:1721,acf:1721/acf:0004,NCGR,4,acf:1721/acf:0005,NCER,5,1,adjacent_graphics_slots,False
acf:1721,acf:1721/acf:0005,NCER,5,acf:1721/acf:0006,NCER,6,1,adjacent_graphics_slots,False
acf:1721,acf:1721/acf:0006,NCER,6,acf:1721/acf:0007,NCER,7,1,adjacent_graphics_slots,False
acf:1721,acf:1721/acf:0007,NCER,7,acf:1721/acf:0008,NCER,8,1,adjacent_graphics_slots,False
acf:1721,acf:1721/acf:0008,NCER,8,acf:1721/acf:0009,NCER,9,1,adjacent_graphics_slots,False
acf:1722,acf:1722/acf:0001,NCLR,1,acf:1722/acf:0002,NCGR,2,1,adjacent_graphics_slots,False
acf:1722,acf:1722/acf:0002,NCGR,2,acf:1722/acf:0003,NCGR,3,1,adjacent_graphics_slots,False
acf:1722,acf:1722/acf:0003,NCGR,3,acf:1722/acf:0004,NCGR,4,1,adjacent_graphics_slots,False
acf:1722,acf:1722/acf:0004,NCGR,4,acf:1722/acf:0005,NCER,5,1,adjacent_graphics_slots,False
acf:1722,acf:1722/acf:0005,NCER,5,acf:1722/acf:0006,NCER,6,1,adjacent_graphics_slots,False
acf:1722,acf:1722/acf:0006,NCER,6,acf:1722/acf:0007,NCER,7,1,adjacent_graphics_slots,False
acf:1722,acf:1722/acf:0007,NCER,7,acf:1722/acf:0008,NCER,8,1,adjacent_graphics_slots,False
acf:1722,acf:1722/acf:0008,NCER,8,acf:1722/acf:0009,NCER,9,1,adjacent_graphics_slots,False
acf:1723,acf:1723/acf:0001,NCLR,1,acf:1723/acf:0002,NCGR,2,1,adjacent_graphics_slots,False
acf:1723,acf:1723/acf:0002,NCGR,2,acf:1723/acf:0003,NCGR,3,1,adjacent_graphics_slots,False
acf:1723,acf:1723/acf:0003,NCGR,3,acf:1723/acf:0004,NCGR,4,1,adjacent_graphics_slots,False
acf:1723,acf:1723/acf:0004,NCGR,4,acf:1723/acf:0005,NCER,5,1,adjacent_graphics_slots,False
acf:1723,acf:1723/acf:0005,NCER,5,acf:1723/acf:0006,NCER,6,1,adjacent_graphics_slots,False
acf:1723,acf:1723/acf:0006,NCER,6,acf:1723/acf:0007,NCER,7,1,adjacent_graphics_slots,False
acf:1723,acf:1723/acf:0007,NCER,7,acf:1723/acf:0008,NCER,8,1,adjacent_graphics_slots,False
acf:1723,acf:1723/acf:0008,NCER,8,acf:1723/acf:0009,NCER,9,1,adjacent_graphics_slots,False
acf:1724,acf:1724/acf:0001,NCLR,1,acf:1724/acf:0002,NCGR,2,1,adjacent_graphics_slots,False
acf:1724,acf:1724/acf:0002,NCGR,2,acf:1724/acf:0003,NCGR,3,1,adjacent_graphics_slots,False
acf:1724,acf:1724/acf:0003,NCGR,3,acf:1724/acf:0004,NCGR,4,1,adjacent_graphics_slots,False
acf:1724,acf:1724/acf:0004,NCGR,4,acf:1724/acf:0005,NCGR,5,1,adjacent_graphics_slots,False
acf:1724,acf:1724/acf:0005,NCGR,5,acf:1724/acf:0006,NCER,6,1,adjacent_graphics_slots,False
acf:1724,acf:1724/acf:0006,NCER,6,acf:1724/acf:0007,NCER,7,1,adjacent_graphics_slots,False
acf:1724,acf:1724/acf:0007,NCER,7,acf:1724/acf:0008,NCER,8,1,adjacent_graphics_slots,False
acf:1724,acf:1724/acf:0008,NCER,8,acf:1724/acf:0009,NCER,9,1,adjacent_graphics_slots,False
acf:1724,acf:1724/acf:0009,NCER,9,acf:1724/acf:0010,NCER,10,1,adjacent_graphics_slots,False
acf:1724,acf:1724/acf:0010,NCER,10,acf:1724/acf:0011,NCER,11,1,adjacent_graphics_slots,False
acf:1724,acf:1724/acf:0011,NCER,11,acf:1724/acf:0012,NCER,12,1,adjacent_graphics_slots,False
acf:1725,acf:1725/acf:0001,NCLR,1,acf:1725/acf:0002,NCGR,2,1,adjacent_graphics_slots,False
acf:1725,acf:1725/acf:0002,NCGR,2,acf:1725/acf:0003,NCGR,3,1,adjacent_graphics_slots,False
acf:1725,acf:1725/acf:0003,NCGR,3,acf:1725/acf:0004,NCGR,4,1,adjacent_graphics_slots,False
acf:1725,acf:1725/acf:0004,NCGR,4,acf:1725/acf:0005,NCER,5,1,adjacent_graphics_slots,False
acf:1725,acf:1725/acf:0005,NCER,5,acf:1725/acf:0006,NCER,6,1,adjacent_graphics_slots,False
acf:1725,acf:1725/acf:0006,NCER,6,acf:1725/acf:0007,NCER,7,1,adjacent_graphics_slots,False
acf:1725,acf:1725/acf:0007,NCER,7,acf:1725/acf:0008,NCER,8,1,adjacent_graphics_slots,False
acf:1725,acf:1725/acf:0008,NCER,8,acf:1725/acf:0009,NCER,9,1,adjacent_graphics_slots,False
acf:1726,acf:1726/acf:0001,NCLR,1,acf:1726/acf:0002,NCGR,2,1,adjacent_graphics_slots,False
acf:1726,acf:1726/acf:0002,NCGR,2,acf:1726/acf:0003,NCGR,3,1,adjacent_graphics_slots,False
acf:1726,acf:1726/acf:0003,NCGR,3,acf:1726/acf:0004,NCGR,4,1,adjacent_graphics_slots,False
acf:1726,acf:1726/acf:0004,NCGR,4,acf:1726/acf:0005,NCER,5,1,adjacent_graphics_slots,False
acf:1726,acf:1726/acf:0005,NCER,5,acf:1726/acf:0006,NCER,6,1,adjacent_graphics_slots,False
acf:1726,acf:1726/acf:0006,NCER,6,acf:1726/acf:0007,NCER,7,1,adjacent_graphics_slots,False
acf:1726,acf:1726/acf:0007,NCER,7,acf:1726/acf:0008,NCER,8,1,adjacent_graphics_slots,False
acf:1726,acf:1726/acf:0008,NCER,8,acf:1726/acf:0009,NCER,9,1,adjacent_graphics_slots,False
acf:1726,acf:1726/acf:0009,NCER,9,acf:1726/acf:0010,NCER,10,1,adjacent_graphics_slots,False
acf:1727,acf:1727/acf:0001,NCLR,1,acf:1727/acf:0002,NCGR,2,1,adjacent_graphics_slots,False
acf:1727,acf:1727/acf:0002,NCGR,2,acf:1727/acf:0003,NCGR,3,1,adjacent_graphics_slots,False
acf:1727,acf:1727/acf:0003,NCGR,3,acf:1727/acf:0004,NCGR,4,1,adjacent_graphics_slots,False
acf:1727,acf:1727/acf:0004,NCGR,4,acf:1727/acf:0005,NCER,5,1,adjacent_graphics_slots,False
acf:1727,acf:1727/acf:0005,NCER,5,acf:1727/acf:0006,NCER,6,1,adjacent_graphics_slots,False
acf:1727,acf:1727/acf:0006,NCER,6,acf:1727/acf:0007,NCER,7,1,adjacent_graphics_slots,False
acf:1727,acf:1727/acf:0007,NCER,7,acf:1727/acf:0008,NCER,8,1,adjacent_graphics_slots,False
acf:1727,acf:1727/acf:0008,NCER,8,acf:1727/acf:0009,NCER,9,1,adjacent_graphics_slots,False
acf:1728,acf:1728/acf:0001,NCLR,1,acf:1728/acf:0002,NCGR,2,1,adjacent_graphics_slots,False
acf:1728,acf:1728/acf:0002,NCGR,2,acf:1728/acf:0003,NCER,3,1,adjacent_graphics_slots,False
acf:1728,acf:1728/acf:0003,NCER,3,acf:1728/acf:0004,NCER,4,1,adjacent_graphics_slots,False
acf:1729,acf:1729/acf:0001,NCLR,1,acf:1729/acf:0002,NCGR,2,1,adjacent_graphics_slots,False
acf:1729,acf:1729/acf:0002,NCGR,2,acf:1729/acf:0003,NCGR,3,1,adjacent_graphics_slots,False
acf:1729,acf:1729/acf:0003,NCGR,3,acf:1729/acf:0004,NCGR,4,1,adjacent_graphics_slots,False
acf:1729,acf:1729/acf:0004,NCGR,4,acf:1729/acf:0005,NCER,5,1,adjacent_graphics_slots,False
acf:1729,acf:1729/acf:0005,NCER,5,acf:1729/acf:0006,NCER,6,1,adjacent_graphics_slots,False
acf:1729,acf:1729/acf:0006,NCER,6,acf:1729/acf:0007,NCER,7,1,adjacent_graphics_slots,False
acf:1729,acf:1729/acf:0007,NCER,7,acf:1729/acf:0008,NCER,8,1,adjacent_graphics_slots,False
acf:1729,acf:1729/acf:0008,NCER,8,acf:1729/acf:0009,NCER,9,1,adjacent_graphics_slots,False
acf:1730,acf:1730/acf:0001,NCLR,1,acf:1730/acf:0002,NCGR,2,1,adjacent_graphics_slots,False
acf:1730,acf:1730/acf:0002,NCGR,2,acf:1730/acf:0003,NCER,3,1,adjacent_graphics_slots,False
acf:1730,acf:1730/acf:0003,NCER,3,acf:1730/acf:0004,NCER,4,1,adjacent_graphics_slots,False
acf:1731,acf:1731/acf:0001,NCLR,1,acf:1731/acf:0002,NCGR,2,1,adjacent_graphics_slots,False
acf:1731,acf:1731/acf:0002,NCGR,2,acf:1731/acf:0003,NCGR,3,1,adjacent_graphics_slots,False
acf:1731,acf:1731/acf:0003,NCGR,3,acf:1731/acf:0004,NCGR,4,1,adjacent_graphics_slots,False
acf:1731,acf:1731/acf:0004,NCGR,4,acf:1731/acf:0005,NCER,5,1,adjacent_graphics_slots,False
acf:1731,acf:1731/acf:0005,NCER,5,acf:1731/acf:0006,NCER,6,1,adjacent_graphics_slots,False
acf:1731,acf:1731/acf:0006,NCER,6,acf:1731/acf:0007,NCER,7,1,adjacent_graphics_slots,False
acf:1731,acf:1731/acf:0007,NCER,7,acf:1731/acf:0008,NCER,8,1,adjacent_graphics_slots,False
acf:1731,acf:1731/acf:0008,NCER,8,acf:1731/acf:0009,NCER,9,1,adjacent_graphics_slots,False
acf:1732,acf:1732/acf:0001,NCLR,1,acf:1732/acf:0002,NCGR,2,1,adjacent_graphics_slots,False
acf:1732,acf:1732/acf:0002,NCGR,2,acf:1732/acf:0003,NCER,3,1,adjacent_graphics_slots,False
acf:1732,acf:1732/acf:0003,NCER,3,acf:1732/acf:0004,NCER,4,1,adjacent_graphics_slots,False
acf:1733,acf:1733/acf:0001,NCLR,1,acf:1733/acf:0002,NCGR,2,1,adjacent_graphics_slots,False
acf:1733,acf:1733/acf:0002,NCGR,2,acf:1733/acf:0003,NCGR,3,1,adjacent_graphics_slots,False
acf:1733,acf:1733/acf:0003,NCGR,3,acf:1733/acf:0004,NCGR,4,1,adjacent_graphics_slots,False
acf:1733,acf:1733/acf:0004,NCGR,4,acf:1733/acf:0005,NCER,5,1,adjacent_graphics_slots,False
acf:1733,acf:1733/acf:0005,NCER,5,acf:1733/acf:0006,NCER,6,1,adjacent_graphics_slots,False
acf:1733,acf:1733/acf:0006,NCER,6,acf:1733/acf:0007,NCER,7,1,adjacent_graphics_slots,False
acf:1733,acf:1733/acf:0007,NCER,7,acf:1733/acf:0008,NCER,8,1,adjacent_graphics_slots,False
acf:1733,acf:1733/acf:0008,NCER,8,acf:1733/acf:0009,NCER,9,1,adjacent_graphics_slots,False
acf:1734,acf:1734/acf:0001,NCLR,1,acf:1734/acf:0002,NCGR,2,1,adjacent_graphics_slots,False
acf:1734,acf:1734/acf:0002,NCGR,2,acf:1734/acf:0003,NCGR,3,1,adjacent_graphics_slots,False
acf:1734,acf:1734/acf:0003,NCGR,3,acf:1734/acf:0004,NCGR,4,1,adjacent_graphics_slots,False
acf:1734,acf:1734/acf:0004,NCGR,4,acf:1734/acf:0005,NCER,5,1,adjacent_graphics_slots,False
acf:1734,acf:1734/acf:0005,NCER,5,acf:1734/acf:0006,NCER,6,1,adjacent_graphics_slots,False
acf:1734,acf:1734/acf:0006,NCER,6,acf:1734/acf:0007,NCER,7,1,adjacent_graphics_slots,False
acf:1734,acf:1734/acf:0007,NCER,7,acf:1734/acf:0008,NCER,8,1,adjacent_graphics_slots,False
acf:1734,acf:1734/acf:0008,NCER,8,acf:1734/acf:0009,NCER,9,1,adjacent_graphics_slots,False
acf:1735,acf:1735/acf:0001,NCLR,1,acf:1735/acf:0002,NCGR,2,1,adjacent_graphics_slots,False
acf:1735,acf:1735/acf:0002,NCGR,2,acf:1735/acf:0003,NCGR,3,1,adjacent_graphics_slots,False
acf:1735,acf:1735/acf:0003,NCGR,3,acf:1735/acf:0004,NCGR,4,1,adjacent_graphics_slots,False
acf:1735,acf:1735/acf:0004,NCGR,4,acf:1735/acf:0005,NCER,5,1,adjacent_graphics_slots,False
acf:1735,acf:1735/acf:0005,NCER,5,acf:1735/acf:0006,NCER,6,1,adjacent_graphics_slots,False
acf:1735,acf:1735/acf:0006,NCER,6,acf:1735/acf:0007,NCER,7,1,adjacent_graphics_slots,False
acf:1735,acf:1735/acf:0007,NCER,7,acf:1735/acf:0008,NCER,8,1,adjacent_graphics_slots,False
acf:1735,acf:1735/acf:0008,NCER,8,acf:1735/acf:0009,NCER,9,1,adjacent_graphics_slots,False
acf:1736,acf:1736/acf:0001,NCLR,1,acf:1736/acf:0002,NCGR,2,1,adjacent_graphics_slots,False
acf:1736,acf:1736/acf:0002,NCGR,2,acf:1736/acf:0003,NCGR,3,1,adjacent_graphics_slots,False
acf:1736,acf:1736/acf:0003,NCGR,3,acf:1736/acf:0004,NCGR,4,1,adjacent_graphics_slots,False
acf:1736,acf:1736/acf:0004,NCGR,4,acf:1736/acf:0005,NCER,5,1,adjacent_graphics_slots,False
acf:1736,acf:1736/acf:0005,NCER,5,acf:1736/acf:0006,NCER,6,1,adjacent_graphics_slots,False
acf:1736,acf:1736/acf:0006,NCER,6,acf:1736/acf:0007,NCER,7,1,adjacent_graphics_slots,False
acf:1736,acf:1736/acf:0007,NCER,7,acf:1736/acf:0008,NCER,8,1,adjacent_graphics_slots,False
acf:1736,acf:1736/acf:0008,NCER,8,acf:1736/acf:0009,NCER,9,1,adjacent_graphics_slots,False
acf:1737,acf:1737/acf:0001,NCLR,1,acf:1737/acf:0002,NCGR,2,1,adjacent_graphics_slots,False
acf:1737,acf:1737/acf:0002,NCGR,2,acf:1737/acf:0003,NCGR,3,1,adjacent_graphics_slots,False
acf:1737,acf:1737/acf:0003,NCGR,3,acf:1737/acf:0004,NCGR,4,1,adjacent_graphics_slots,False
acf:1737,acf:1737/acf:0004,NCGR,4,acf:1737/acf:0005,NCER,5,1,adjacent_graphics_slots,False
acf:1737,acf:1737/acf:0005,NCER,5,acf:1737/acf:0006,NCER,6,1,adjacent_graphics_slots,False
acf:1737,acf:1737/acf:0006,NCER,6,acf:1737/acf:0007,NCER,7,1,adjacent_graphics_slots,False
acf:1737,acf:1737/acf:0007,NCER,7,acf:1737/acf:0008,NCER,8,1,adjacent_graphics_slots,False
acf:1737,acf:1737/acf:0008,NCER,8,acf:1737/acf:0009,NCER,9,1,adjacent_graphics_slots,False
acf:1738,acf:1738/acf:0001,NCLR,1,acf:1738/acf:0002,NCGR,2,1,adjacent_graphics_slots,False
acf:1738,acf:1738/acf:0002,NCGR,2,acf:1738/acf:0003,NCGR,3,1,adjacent_graphics_slots,False
acf:1738,acf:1738/acf:0003,NCGR,3,acf:1738/acf:0004,NCGR,4,1,adjacent_graphics_slots,False
acf:1738,acf:1738/acf:0004,NCGR,4,acf:1738/acf:0005,NCER,5,1,adjacent_graphics_slots,False
acf:1738,acf:1738/acf:0005,NCER,5,acf:1738/acf:0006,NCER,6,1,adjacent_graphics_slots,False
acf:1738,acf:1738/acf:0006,NCER,6,acf:1738/acf:0007,NCER,7,1,adjacent_graphics_slots,False
acf:1738,acf:1738/acf:0007,NCER,7,acf:1738/acf:0008,NCER,8,1,adjacent_graphics_slots,False
acf:1738,acf:1738/acf:0008,NCER,8,acf:1738/acf:0009,NCER,9,1,adjacent_graphics_slots,False
acf:1739,acf:1739/acf:0001,NCLR,1,acf:1739/acf:0002,NCGR,2,1,adjacent_graphics_slots,False
acf:1739,acf:1739/acf:0002,NCGR,2,acf:1739/acf:0003,NCGR,3,1,adjacent_graphics_slots,False
acf:1739,acf:1739/acf:0003,NCGR,3,acf:1739/acf:0004,NCGR,4,1,adjacent_graphics_slots,False
acf:1739,acf:1739/acf:0004,NCGR,4,acf:1739/acf:0005,NCER,5,1,adjacent_graphics_slots,False
acf:1739,acf:1739/acf:0005,NCER,5,acf:1739/acf:0006,NCER,6,1,adjacent_graphics_slots,False
acf:1739,acf:1739/acf:0006,NCER,6,acf:1739/acf:0007,NCER,7,1,adjacent_graphics_slots,False
acf:1739,acf:1739/acf:0007,NCER,7,acf:1739/acf:0008,NCER,8,1,adjacent_graphics_slots,False
acf:1739,acf:1739/acf:0008,NCER,8,acf:1739/acf:0009,NCER,9,1,adjacent_graphics_slots,False
acf:1740,acf:1740/acf:0001,NCLR,1,acf:1740/acf:0002,NCGR,2,1,adjacent_graphics_slots,False
acf:1740,acf:1740/acf:0002,NCGR,2,acf:1740/acf:0003,NCER,3,1,adjacent_graphics_slots,False
acf:1741,acf:1741/acf:0001,NCLR,1,acf:1741/acf:0002,NCGR,2,1,adjacent_graphics_slots,False
acf:1741,acf:1741/acf:0002,NCGR,2,acf:1741/acf:0003,NCGR,3,1,adjacent_graphics_slots,False
acf:1741,acf:1741/acf:0003,NCGR,3,acf:1741/acf:0004,NCGR,4,1,adjacent_graphics_slots,False
acf:1741,acf:1741/acf:0004,NCGR,4,acf:1741/acf:0005,NCER,5,1,adjacent_graphics_slots,False
acf:1741,acf:1741/acf:0005,NCER,5,acf:1741/acf:0006,NCER,6,1,adjacent_graphics_slots,False
acf:1741,acf:1741/acf:0006,NCER,6,acf:1741/acf:0007,NCER,7,1,adjacent_graphics_slots,False
acf:1741,acf:1741/acf:0007,NCER,7,acf:1741/acf:0008,NCER,8,1,adjacent_graphics_slots,False
acf:1741,acf:1741/acf:0008,NCER,8,acf:1741/acf:0009,NCER,9,1,adjacent_graphics_slots,False
acf:1742,acf:1742/acf:0001,NCLR,1,acf:1742/acf:0002,NCGR,2,1,adjacent_graphics_slots,False
acf:1742,acf:1742/acf:0002,NCGR,2,acf:1742/acf:0003,NCER,3,1,adjacent_graphics_slots,False
acf:1743,acf:1743/acf:0001,NCLR,1,acf:1743/acf:0002,NCGR,2,1,adjacent_graphics_slots,False
acf:1743,acf:1743/acf:0002,NCGR,2,acf:1743/acf:0003,NCGR,3,1,adjacent_graphics_slots,False
acf:1743,acf:1743/acf:0003,NCGR,3,acf:1743/acf:0004,NCGR,4,1,adjacent_graphics_slots,False
acf:1743,acf:1743/acf:0004,NCGR,4,acf:1743/acf:0005,NCGR,5,1,adjacent_graphics_slots,False
acf:1743,acf:1743/acf:0005,NCGR,5,acf:1743/acf:0006,NCER,6,1,adjacent_graphics_slots,False
acf:1743,acf:1743/acf:0006,NCER,6,acf:1743/acf:0007,NCER,7,1,adjacent_graphics_slots,False
acf:1743,acf:1743/acf:0007,NCER,7,acf:1743/acf:0008,NCER,8,1,adjacent_graphics_slots,False
acf:1743,acf:1743/acf:0008,NCER,8,acf:1743/acf:0009,NCER,9,1,adjacent_graphics_slots,False
acf:1743,acf:1743/acf:0009,NCER,9,acf:1743/acf:0010,NCER,10,1,adjacent_graphics_slots,False
acf:1743,acf:1743/acf:0010,NCER,10,acf:1743/acf:0011,NCER,11,1,adjacent_graphics_slots,False
acf:1743,acf:1743/acf:0011,NCER,11,acf:1743/acf:0012,NCER,12,1,adjacent_graphics_slots,False
acf:1744,acf:1744/acf:0001,NCLR,1,acf:1744/acf:0002,NCGR,2,1,adjacent_graphics_slots,False
acf:1744,acf:1744/acf:0002,NCGR,2,acf:1744/acf:0003,NCER,3,1,adjacent_graphics_slots,False
acf:1744,acf:1744/acf:0003,NCER,3,acf:1744/acf:0004,NCER,4,1,adjacent_graphics_slots,False
acf:1744,acf:1744/acf:0004,NCER,4,acf:1744/acf:0005,NCER,5,1,adjacent_graphics_slots,False
acf:1745,acf:1745/acf:0001,NCLR,1,acf:1745/acf:0002,NCGR,2,1,adjacent_graphics_slots,False
acf:1745,acf:1745/acf:0002,NCGR,2,acf:1745/acf:0003,NCGR,3,1,adjacent_graphics_slots,False
acf:1745,acf:1745/acf:0003,NCGR,3,acf:1745/acf:0004,NCGR,4,1,adjacent_graphics_slots,False
acf:1745,acf:1745/acf:0004,NCGR,4,acf:1745/acf:0005,NCER,5,1,adjacent_graphics_slots,False
acf:1745,acf:1745/acf:0005,NCER,5,acf:1745/acf:0006,NCER,6,1,adjacent_graphics_slots,False
acf:1745,acf:1745/acf:0006,NCER,6,acf:1745/acf:0007,NCER,7,1,adjacent_graphics_slots,False
acf:1745,acf:1745/acf:0007,NCER,7,acf:1745/acf:0008,NCER,8,1,adjacent_graphics_slots,False
acf:1745,acf:1745/acf:0008,NCER,8,acf:1745/acf:0009,NCER,9,1,adjacent_graphics_slots,False
acf:1746,acf:1746/acf:0001,NCLR,1,acf:1746/acf:0002,NCGR,2,1,adjacent_graphics_slots,False
acf:1746,acf:1746/acf:0002,NCGR,2,acf:1746/acf:0003,NCGR,3,1,adjacent_graphics_slots,False
acf:1746,acf:1746/acf:0003,NCGR,3,acf:1746/acf:0004,NCGR,4,1,adjacent_graphics_slots,False
acf:1746,acf:1746/acf:0004,NCGR,4,acf:1746/acf:0005,NCGR,5,1,adjacent_graphics_slots,False
acf:1746,acf:1746/acf:0005,NCGR,5,acf:1746/acf:0006,NCER,6,1,adjacent_graphics_slots,False
acf:1746,acf:1746/acf:0006,NCER,6,acf:1746/acf:0007,NCER,7,1,adjacent_graphics_slots,False
acf:1746,acf:1746/acf:0007,NCER,7,acf:1746/acf:0008,NCER,8,1,adjacent_graphics_slots,False
acf:1746,acf:1746/acf:0008,NCER,8,acf:1746/acf:0009,NCER,9,1,adjacent_graphics_slots,False
acf:1746,acf:1746/acf:0009,NCER,9,acf:1746/acf:0010,NCER,10,1,adjacent_graphics_slots,False
acf:1746,acf:1746/acf:0010,NCER,10,acf:1746/acf:0011,NCER,11,1,adjacent_graphics_slots,False
acf:1746,acf:1746/acf:0011,NCER,11,acf:1746/acf:0012,NCER,12,1,adjacent_graphics_slots,False
acf:1746,acf:1746/acf:0012,NCER,12,acf:1746/acf:0013,NCER,13,1,adjacent_graphics_slots,False
acf:1747,acf:1747/acf:0001,NCLR,1,acf:1747/acf:0002,NCGR,2,1,adjacent_graphics_slots,False
acf:1747,acf:1747/acf:0002,NCGR,2,acf:1747/acf:0003,NCER,3,1,adjacent_graphics_slots,False
acf:1747,acf:1747/acf:0003,NCER,3,acf:1747/acf:0004,NCER,4,1,adjacent_graphics_slots,False
acf:1747,acf:1747/acf:0004,NCER,4,acf:1747/acf:0005,NCER,5,1,adjacent_graphics_slots,False
acf:1748,acf:1748/acf:0001,NCLR,1,acf:1748/acf:0002,NCGR,2,1,adjacent_graphics_slots,False
acf:1748,acf:1748/acf:0002,NCGR,2,acf:1748/acf:0003,NCGR,3,1,adjacent_graphics_slots,False
acf:1748,acf:1748/acf:0003,NCGR,3,acf:1748/acf:0004,NCGR,4,1,adjacent_graphics_slots,False
acf:1748,acf:1748/acf:0004,NCGR,4,acf:1748/acf:0005,NCGR,5,1,adjacent_graphics_slots,False
acf:1748,acf:1748/acf:0005,NCGR,5,acf:1748/acf:0006,NCER,6,1,adjacent_graphics_slots,False
acf:1748,acf:1748/acf:0006,NCER,6,acf:1748/acf:0007,NCER,7,1,adjacent_graphics_slots,False
acf:1748,acf:1748/acf:0007,NCER,7,acf:1748/acf:0008,NCER,8,1,adjacent_graphics_slots,False
acf:1748,acf:1748/acf:0008,NCER,8,acf:1748/acf:0009,NCER,9,1,adjacent_graphics_slots,False
acf:1748,acf:1748/acf:0009,NCER,9,acf:1748/acf:0010,NCER,10,1,adjacent_graphics_slots,False
acf:1748,acf:1748/acf:0010,NCER,10,acf:1748/acf:0011,NCER,11,1,adjacent_graphics_slots,False
acf:1748,acf:1748/acf:0011,NCER,11,acf:1748/acf:0012,NCER,12,1,adjacent_graphics_slots,False
acf:1748,acf:1748/acf:0012,NCER,12,acf:1748/acf:0013,NCER,13,1,adjacent_graphics_slots,False
acf:1748,acf:1748/acf:0013,NCER,13,acf:1748/acf:0014,NCER,14,1,adjacent_graphics_slots,False
acf:1749,acf:1749/acf:0001,NCLR,1,acf:1749/acf:0002,NCGR,2,1,adjacent_graphics_slots,False
acf:1749,acf:1749/acf:0002,NCGR,2,acf:1749/acf:0003,NCGR,3,1,adjacent_graphics_slots,False
acf:1749,acf:1749/acf:0003,NCGR,3,acf:1749/acf:0004,NCGR,4,1,adjacent_graphics_slots,False
acf:1749,acf:1749/acf:0004,NCGR,4,acf:1749/acf:0005,NCGR,5,1,adjacent_graphics_slots,False
acf:1749,acf:1749/acf:0005,NCGR,5,acf:1749/acf:0006,NCER,6,1,adjacent_graphics_slots,False
acf:1749,acf:1749/acf:0006,NCER,6,acf:1749/acf:0007,NCER,7,1,adjacent_graphics_slots,False
acf:1749,acf:1749/acf:0007,NCER,7,acf:1749/acf:0008,NCER,8,1,adjacent_graphics_slots,False
acf:1749,acf:1749/acf:0008,NCER,8,acf:1749/acf:0009,NCER,9,1,adjacent_graphics_slots,False
acf:1749,acf:1749/acf:0009,NCER,9,acf:1749/acf:0010,NCER,10,1,adjacent_graphics_slots,False
acf:1749,acf:1749/acf:0010,NCER,10,acf:1749/acf:0011,NCER,11,1,adjacent_graphics_slots,False
acf:1749,acf:1749/acf:0011,NCER,11,acf:1749/acf:0012,NCER,12,1,adjacent_graphics_slots,False
acf:1749,acf:1749/acf:0012,NCER,12,acf:1749/acf:0013,NCER,13,1,adjacent_graphics_slots,False
acf:1749,acf:1749/acf:0013,NCER,13,acf:1749/acf:0014,NCER,14,1,adjacent_graphics_slots,False
acf:1750,acf:1750/acf:0001,NCLR,1,acf:1750/acf:0002,NCGR,2,1,adjacent_graphics_slots,False
acf:1750,acf:1750/acf:0002,NCGR,2,acf:1750/acf:0003,NCGR,3,1,adjacent_graphics_slots,False
acf:1750,acf:1750/acf:0003,NCGR,3,acf:1750/acf:0004,NCGR,4,1,adjacent_graphics_slots,False
acf:1750,acf:1750/acf:0004,NCGR,4,acf:1750/acf:0005,NCER,5,1,adjacent_graphics_slots,False
acf:1750,acf:1750/acf:0005,NCER,5,acf:1750/acf:0006,NCER,6,1,adjacent_graphics_slots,False
acf:1750,acf:1750/acf:0006,NCER,6,acf:1750/acf:0007,NCER,7,1,adjacent_graphics_slots,False
acf:1750,acf:1750/acf:0007,NCER,7,acf:1750/acf:0008,NCER,8,1,adjacent_graphics_slots,False
acf:1750,acf:1750/acf:0008,NCER,8,acf:1750/acf:0009,NCER,9,1,adjacent_graphics_slots,False
acf:1751,acf:1751/acf:0001,NCLR,1,acf:1751/acf:0002,NCGR,2,1,adjacent_graphics_slots,False
acf:1751,acf:1751/acf:0002,NCGR,2,acf:1751/acf:0003,NCGR,3,1,adjacent_graphics_slots,False
acf:1751,acf:1751/acf:0003,NCGR,3,acf:1751/acf:0004,NCGR,4,1,adjacent_graphics_slots,False
acf:1751,acf:1751/acf:0004,NCGR,4,acf:1751/acf:0005,NCER,5,1,adjacent_graphics_slots,False
acf:1751,acf:1751/acf:0005,NCER,5,acf:1751/acf:0006,NCER,6,1,adjacent_graphics_slots,False
acf:1751,acf:1751/acf:0006,NCER,6,acf:1751/acf:0007,NCER,7,1,adjacent_graphics_slots,False
acf:1751,acf:1751/acf:0007,NCER,7,acf:1751/acf:0008,NCER,8,1,adjacent_graphics_slots,False
acf:1752,acf:1752/acf:0001,NCLR,1,acf:1752/acf:0002,NCGR,2,1,adjacent_graphics_slots,False
acf:1752,acf:1752/acf:0002,NCGR,2,acf:1752/acf:0003,NCGR,3,1,adjacent_graphics_slots,False
acf:1752,acf:1752/acf:0003,NCGR,3,acf:1752/acf:0004,NCGR,4,1,adjacent_graphics_slots,False
acf:1752,acf:1752/acf:0004,NCGR,4,acf:1752/acf:0005,NCER,5,1,adjacent_graphics_slots,False
acf:1752,acf:1752/acf:0005,NCER,5,acf:1752/acf:0006,NCER,6,1,adjacent_graphics_slots,False
acf:1752,acf:1752/acf:0006,NCER,6,acf:1752/acf:0007,NCER,7,1,adjacent_graphics_slots,False
acf:1752,acf:1752/acf:0007,NCER,7,acf:1752/acf:0008,NCER,8,1,adjacent_graphics_slots,False
acf:1752,acf:1752/acf:0008,NCER,8,acf:1752/acf:0009,NCER,9,1,adjacent_graphics_slots,False
acf:1753,acf:1753/acf:0001,NCLR,1,acf:1753/acf:0002,NCGR,2,1,adjacent_graphics_slots,False
acf:1753,acf:1753/acf:0002,NCGR,2,acf:1753/acf:0003,NCGR,3,1,adjacent_graphics_slots,False
acf:1753,acf:1753/acf:0003,NCGR,3,acf:1753/acf:0004,NCGR,4,1,adjacent_graphics_slots,False
acf:1753,acf:1753/acf:0004,NCGR,4,acf:1753/acf:0005,NCGR,5,1,adjacent_graphics_slots,False
acf:1753,acf:1753/acf:0005,NCGR,5,acf:1753/acf:0006,NCER,6,1,adjacent_graphics_slots,False
acf:1753,acf:1753/acf:0006,NCER,6,acf:1753/acf:0007,NCER,7,1,adjacent_graphics_slots,False
acf:1753,acf:1753/acf:0007,NCER,7,acf:1753/acf:0008,NCER,8,1,adjacent_graphics_slots,False
acf:1753,acf:1753/acf:0008,NCER,8,acf:1753/acf:0009,NCER,9,1,adjacent_graphics_slots,False
acf:1753,acf:1753/acf:0009,NCER,9,acf:1753/acf:0010,NCER,10,1,adjacent_graphics_slots,False
acf:1753,acf:1753/acf:0010,NCER,10,acf:1753/acf:0011,NCER,11,1,adjacent_graphics_slots,False
acf:1754,acf:1754/acf:0001,NCLR,1,acf:1754/acf:0002,NCGR,2,1,adjacent_graphics_slots,False
acf:1754,acf:1754/acf:0002,NCGR,2,acf:1754/acf:0003,NCER,3,1,adjacent_graphics_slots,False
acf:1754,acf:1754/acf:0003,NCER,3,acf:1754/acf:0004,NCER,4,1,adjacent_graphics_slots,False
acf:1755,acf:1755/acf:0001,NCLR,1,acf:1755/acf:0002,NCGR,2,1,adjacent_graphics_slots,False
acf:1755,acf:1755/acf:0002,NCGR,2,acf:1755/acf:0003,NCGR,3,1,adjacent_graphics_slots,False
acf:1755,acf:1755/acf:0003,NCGR,3,acf:1755/acf:0004,NCGR,4,1,adjacent_graphics_slots,False
acf:1755,acf:1755/acf:0004,NCGR,4,acf:1755/acf:0005,NCGR,5,1,adjacent_graphics_slots,False
acf:1755,acf:1755/acf:0005,NCGR,5,acf:1755/acf:0006,NCER,6,1,adjacent_graphics_slots,False
acf:1755,acf:1755/acf:0006,NCER,6,acf:1755/acf:0007,NCER,7,1,adjacent_graphics_slots,False
acf:1755,acf:1755/acf:0007,NCER,7,acf:1755/acf:0008,NCER,8,1,adjacent_graphics_slots,False
acf:1755,acf:1755/acf:0008,NCER,8,acf:1755/acf:0009,NCER,9,1,adjacent_graphics_slots,False
acf:1755,acf:1755/acf:0009,NCER,9,acf:1755/acf:0010,NCER,10,1,adjacent_graphics_slots,False
acf:1755,acf:1755/acf:0010,NCER,10,acf:1755/acf:0011,NCER,11,1,adjacent_graphics_slots,False
acf:1755,acf:1755/acf:0011,NCER,11,acf:1755/acf:0012,NCER,12,1,adjacent_graphics_slots,False
acf:1756,acf:1756/acf:0001,NCLR,1,acf:1756/acf:0002,NCGR,2,1,adjacent_graphics_slots,False
acf:1756,acf:1756/acf:0002,NCGR,2,acf:1756/acf:0003,NCER,3,1,adjacent_graphics_slots,False
acf:1756,acf:1756/acf:0003,NCER,3,acf:1756/acf:0004,NCER,4,1,adjacent_graphics_slots,False
acf:1756,acf:1756/acf:0004,NCER,4,acf:1756/acf:0005,NCER,5,1,adjacent_graphics_slots,False
acf:1757,acf:1757/acf:0001,NCLR,1,acf:1757/acf:0002,NCGR,2,1,adjacent_graphics_slots,False
acf:1757,acf:1757/acf:0002,NCGR,2,acf:1757/acf:0003,NCGR,3,1,adjacent_graphics_slots,False
acf:1757,acf:1757/acf:0003,NCGR,3,acf:1757/acf:0004,NCGR,4,1,adjacent_graphics_slots,False
acf:1757,acf:1757/acf:0004,NCGR,4,acf:1757/acf:0005,NCGR,5,1,adjacent_graphics_slots,False
acf:1757,acf:1757/acf:0005,NCGR,5,acf:1757/acf:0006,NCER,6,1,adjacent_graphics_slots,False
acf:1757,acf:1757/acf:0006,NCER,6,acf:1757/acf:0007,NCER,7,1,adjacent_graphics_slots,False
acf:1757,acf:1757/acf:0007,NCER,7,acf:1757/acf:0008,NCER,8,1,adjacent_graphics_slots,False
acf:1757,acf:1757/acf:0008,NCER,8,acf:1757/acf:0009,NCER,9,1,adjacent_graphics_slots,False
acf:1757,acf:1757/acf:0009,NCER,9,acf:1757/acf:0010,NCER,10,1,adjacent_graphics_slots,False
acf:1757,acf:1757/acf:0010,NCER,10,acf:1757/acf:0011,NCER,11,1,adjacent_graphics_slots,False
acf:1757,acf:1757/acf:0011,NCER,11,acf:1757/acf:0012,NCER,12,1,adjacent_graphics_slots,False
acf:1758,acf:1758/acf:0001,NCLR,1,acf:1758/acf:0002,NCGR,2,1,adjacent_graphics_slots,False
acf:1758,acf:1758/acf:0002,NCGR,2,acf:1758/acf:0003,NCGR,3,1,adjacent_graphics_slots,False
acf:1758,acf:1758/acf:0003,NCGR,3,acf:1758/acf:0004,NCGR,4,1,adjacent_graphics_slots,False
acf:1758,acf:1758/acf:0004,NCGR,4,acf:1758/acf:0005,NCER,5,1,adjacent_graphics_slots,False
acf:1758,acf:1758/acf:0005,NCER,5,acf:1758/acf:0006,NCER,6,1,adjacent_graphics_slots,False
acf:1758,acf:1758/acf:0006,NCER,6,acf:1758/acf:0007,NCER,7,1,adjacent_graphics_slots,False
acf:1758,acf:1758/acf:0007,NCER,7,acf:1758/acf:0008,NCER,8,1,adjacent_graphics_slots,False
acf:1758,acf:1758/acf:0008,NCER,8,acf:1758/acf:0009,NCER,9,1,adjacent_graphics_slots,False
acf:1758,acf:1758/acf:0009,NCER,9,acf:1758/acf:0010,NCER,10,1,adjacent_graphics_slots,False
acf:1759,acf:1759/acf:0001,NCLR,1,acf:1759/acf:0002,NCGR,2,1,adjacent_graphics_slots,False
acf:1759,acf:1759/acf:0002,NCGR,2,acf:1759/acf:0003,NCGR,3,1,adjacent_graphics_slots,False
acf:1759,acf:1759/acf:0003,NCGR,3,acf:1759/acf:0004,NCGR,4,1,adjacent_graphics_slots,False
acf:1759,acf:1759/acf:0004,NCGR,4,acf:1759/acf:0005,NCER,5,1,adjacent_graphics_slots,False
acf:1759,acf:1759/acf:0005,NCER,5,acf:1759/acf:0006,NCER,6,1,adjacent_graphics_slots,False
acf:1759,acf:1759/acf:0006,NCER,6,acf:1759/acf:0007,NCER,7,1,adjacent_graphics_slots,False
acf:1759,acf:1759/acf:0007,NCER,7,acf:1759/acf:0008,NCER,8,1,adjacent_graphics_slots,False
acf:1759,acf:1759/acf:0008,NCER,8,acf:1759/acf:0009,NCER,9,1,adjacent_graphics_slots,False
acf:1760,acf:1760/acf:0001,NCLR,1,acf:1760/acf:0002,NCGR,2,1,adjacent_graphics_slots,False
acf:1760,acf:1760/acf:0002,NCGR,2,acf:1760/acf:0003,NCGR,3,1,adjacent_graphics_slots,False
acf:1760,acf:1760/acf:0003,NCGR,3,acf:1760/acf:0004,NCGR,4,1,adjacent_graphics_slots,False
acf:1760,acf:1760/acf:0004,NCGR,4,acf:1760/acf:0005,NCER,5,1,adjacent_graphics_slots,False
acf:1760,acf:1760/acf:0005,NCER,5,acf:1760/acf:0006,NCER,6,1,adjacent_graphics_slots,False
acf:1760,acf:1760/acf:0006,NCER,6,acf:1760/acf:0007,NCER,7,1,adjacent_graphics_slots,False
acf:1760,acf:1760/acf:0007,NCER,7,acf:1760/acf:0008,NCER,8,1,adjacent_graphics_slots,False
acf:1760,acf:1760/acf:0008,NCER,8,acf:1760/acf:0009,NCER,9,1,adjacent_graphics_slots,False
acf:1761,acf:1761/acf:0001,NCLR,1,acf:1761/acf:0002,NCGR,2,1,adjacent_graphics_slots,False
acf:1761,acf:1761/acf:0002,NCGR,2,acf:1761/acf:0003,NCGR,3,1,adjacent_graphics_slots,False
acf:1761,acf:1761/acf:0003,NCGR,3,acf:1761/acf:0004,NCGR,4,1,adjacent_graphics_slots,False
acf:1761,acf:1761/acf:0004,NCGR,4,acf:1761/acf:0005,NCER,5,1,adjacent_graphics_slots,False
acf:1761,acf:1761/acf:0005,NCER,5,acf:1761/acf:0006,NCER,6,1,adjacent_graphics_slots,False
acf:1761,acf:1761/acf:0006,NCER,6,acf:1761/acf:0007,NCER,7,1,adjacent_graphics_slots,False
acf:1761,acf:1761/acf:0007,NCER,7,acf:1761/acf:0008,NCER,8,1,adjacent_graphics_slots,False
acf:1761,acf:1761/acf:0008,NCER,8,acf:1761/acf:0009,NCER,9,1,adjacent_graphics_slots,False
acf:1762,acf:1762/acf:0001,NCLR,1,acf:1762/acf:0002,NCGR,2,1,adjacent_graphics_slots,False
acf:1762,acf:1762/acf:0002,NCGR,2,acf:1762/acf:0003,NCGR,3,1,adjacent_graphics_slots,False
acf:1762,acf:1762/acf:0003,NCGR,3,acf:1762/acf:0004,NCGR,4,1,adjacent_graphics_slots,False
acf:1762,acf:1762/acf:0004,NCGR,4,acf:1762/acf:0005,NCER,5,1,adjacent_graphics_slots,False
acf:1762,acf:1762/acf:0005,NCER,5,acf:1762/acf:0006,NCER,6,1,adjacent_graphics_slots,False
acf:1762,acf:1762/acf:0006,NCER,6,acf:1762/acf:0007,NCER,7,1,adjacent_graphics_slots,False
acf:1762,acf:1762/acf:0007,NCER,7,acf:1762/acf:0008,NCER,8,1,adjacent_graphics_slots,False
acf:1762,acf:1762/acf:0008,NCER,8,acf:1762/acf:0009,NCER,9,1,adjacent_graphics_slots,False
acf:1763,acf:1763/acf:0001,NCLR,1,acf:1763/acf:0002,NCGR,2,1,adjacent_graphics_slots,False
acf:1763,acf:1763/acf:0002,NCGR,2,acf:1763/acf:0003,NCGR,3,1,adjacent_graphics_slots,False
acf:1763,acf:1763/acf:0003,NCGR,3,acf:1763/acf:0004,NCGR,4,1,adjacent_graphics_slots,False
acf:1763,acf:1763/acf:0004,NCGR,4,acf:1763/acf:0005,NCGR,5,1,adjacent_graphics_slots,False
acf:1763,acf:1763/acf:0005,NCGR,5,acf:1763/acf:0006,NCER,6,1,adjacent_graphics_slots,False
acf:1763,acf:1763/acf:0006,NCER,6,acf:1763/acf:0007,NCER,7,1,adjacent_graphics_slots,False
acf:1763,acf:1763/acf:0007,NCER,7,acf:1763/acf:0008,NCER,8,1,adjacent_graphics_slots,False
acf:1763,acf:1763/acf:0008,NCER,8,acf:1763/acf:0009,NCER,9,1,adjacent_graphics_slots,False
acf:1763,acf:1763/acf:0009,NCER,9,acf:1763/acf:0010,NCER,10,1,adjacent_graphics_slots,False
acf:1763,acf:1763/acf:0010,NCER,10,acf:1763/acf:0011,NCER,11,1,adjacent_graphics_slots,False
acf:1763,acf:1763/acf:0011,NCER,11,acf:1763/acf:0012,NCER,12,1,adjacent_graphics_slots,False
acf:1764,acf:1764/acf:0001,NCLR,1,acf:1764/acf:0002,NCGR,2,1,adjacent_graphics_slots,False
acf:1764,acf:1764/acf:0002,NCGR,2,acf:1764/acf:0003,NCGR,3,1,adjacent_graphics_slots,False
acf:1764,acf:1764/acf:0003,NCGR,3,acf:1764/acf:0004,NCGR,4,1,adjacent_graphics_slots,False
acf:1764,acf:1764/acf:0004,NCGR,4,acf:1764/acf:0005,NCER,5,1,adjacent_graphics_slots,False
acf:1764,acf:1764/acf:0005,NCER,5,acf:1764/acf:0006,NCER,6,1,adjacent_graphics_slots,False
acf:1764,acf:1764/acf:0006,NCER,6,acf:1764/acf:0007,NCER,7,1,adjacent_graphics_slots,False
acf:1764,acf:1764/acf:0007,NCER,7,acf:1764/acf:0008,NCER,8,1,adjacent_graphics_slots,False
acf:1764,acf:1764/acf:0008,NCER,8,acf:1764/acf:0009,NCER,9,1,adjacent_graphics_slots,False
acf:1765,acf:1765/acf:0001,NCLR,1,acf:1765/acf:0002,NCGR,2,1,adjacent_graphics_slots,False
acf:1765,acf:1765/acf:0002,NCGR,2,acf:1765/acf:0003,NCGR,3,1,adjacent_graphics_slots,False
acf:1765,acf:1765/acf:0003,NCGR,3,acf:1765/acf:0004,NCGR,4,1,adjacent_graphics_slots,False
acf:1765,acf:1765/acf:0004,NCGR,4,acf:1765/acf:0005,NCER,5,1,adjacent_graphics_slots,False
acf:1765,acf:1765/acf:0005,NCER,5,acf:1765/acf:0006,NCER,6,1,adjacent_graphics_slots,False
acf:1765,acf:1765/acf:0006,NCER,6,acf:1765/acf:0007,NCER,7,1,adjacent_graphics_slots,False
acf:1765,acf:1765/acf:0007,NCER,7,acf:1765/acf:0008,NCER,8,1,adjacent_graphics_slots,False
acf:1765,acf:1765/acf:0008,NCER,8,acf:1765/acf:0009,NCER,9,1,adjacent_graphics_slots,False
acf:1766,acf:1766/acf:0001,NCLR,1,acf:1766/acf:0002,NCGR,2,1,adjacent_graphics_slots,False
acf:1766,acf:1766/acf:0002,NCGR,2,acf:1766/acf:0003,NCGR,3,1,adjacent_graphics_slots,False
acf:1766,acf:1766/acf:0003,NCGR,3,acf:1766/acf:0004,NCGR,4,1,adjacent_graphics_slots,False
acf:1766,acf:1766/acf:0004,NCGR,4,acf:1766/acf:0005,NCER,5,1,adjacent_graphics_slots,False
acf:1766,acf:1766/acf:0005,NCER,5,acf:1766/acf:0006,NCER,6,1,adjacent_graphics_slots,False
acf:1766,acf:1766/acf:0006,NCER,6,acf:1766/acf:0007,NCER,7,1,adjacent_graphics_slots,False
acf:1766,acf:1766/acf:0007,NCER,7,acf:1766/acf:0008,NCER,8,1,adjacent_graphics_slots,False
acf:1766,acf:1766/acf:0008,NCER,8,acf:1766/acf:0009,NCER,9,1,adjacent_graphics_slots,False
acf:1766,acf:1766/acf:0009,NCER,9,acf:1766/acf:0010,NCER,10,1,adjacent_graphics_slots,False
acf:1767,acf:1767/acf:0001,NCLR,1,acf:1767/acf:0002,NCGR,2,1,adjacent_graphics_slots,False
acf:1767,acf:1767/acf:0002,NCGR,2,acf:1767/acf:0003,NCGR,3,1,adjacent_graphics_slots,False
acf:1767,acf:1767/acf:0003,NCGR,3,acf:1767/acf:0004,NCGR,4,1,adjacent_graphics_slots,False
acf:1767,acf:1767/acf:0004,NCGR,4,acf:1767/acf:0005,NCGR,5,1,adjacent_graphics_slots,False
acf:1767,acf:1767/acf:0005,NCGR,5,acf:1767/acf:0006,NCER,6,1,adjacent_graphics_slots,False
acf:1767,acf:1767/acf:0006,NCER,6,acf:1767/acf:0007,NCER,7,1,adjacent_graphics_slots,False
acf:1767,acf:1767/acf:0007,NCER,7,acf:1767/acf:0008,NCER,8,1,adjacent_graphics_slots,False
acf:1767,acf:1767/acf:0008,NCER,8,acf:1767/acf:0009,NCER,9,1,adjacent_graphics_slots,False
acf:1767,acf:1767/acf:0009,NCER,9,acf:1767/acf:0010,NCER,10,1,adjacent_graphics_slots,False
acf:1767,acf:1767/acf:0010,NCER,10,acf:1767/acf:0011,NCER,11,1,adjacent_graphics_slots,False
acf:1767,acf:1767/acf:0011,NCER,11,acf:1767/acf:0012,NCER,12,1,adjacent_graphics_slots,False
acf:1767,acf:1767/acf:0012,NCER,12,acf:1767/acf:0013,NCER,13,1,adjacent_graphics_slots,False
acf:1768,acf:1768/acf:0001,NCLR,1,acf:1768/acf:0002,NCGR,2,1,adjacent_graphics_slots,False
acf:1768,acf:1768/acf:0002,NCGR,2,acf:1768/acf:0003,NCGR,3,1,adjacent_graphics_slots,False
acf:1768,acf:1768/acf:0003,NCGR,3,acf:1768/acf:0004,NCGR,4,1,adjacent_graphics_slots,False
acf:1768,acf:1768/acf:0004,NCGR,4,acf:1768/acf:0005,NCER,5,1,adjacent_graphics_slots,False
acf:1768,acf:1768/acf:0005,NCER,5,acf:1768/acf:0006,NCER,6,1,adjacent_graphics_slots,False
acf:1768,acf:1768/acf:0006,NCER,6,acf:1768/acf:0007,NCER,7,1,adjacent_graphics_slots,False
acf:1768,acf:1768/acf:0007,NCER,7,acf:1768/acf:0008,NCER,8,1,adjacent_graphics_slots,False
acf:1768,acf:1768/acf:0008,NCER,8,acf:1768/acf:0009,NCER,9,1,adjacent_graphics_slots,False
acf:1769,acf:1769/acf:0001,NCLR,1,acf:1769/acf:0002,NCGR,2,1,adjacent_graphics_slots,False
acf:1769,acf:1769/acf:0002,NCGR,2,acf:1769/acf:0003,NCGR,3,1,adjacent_graphics_slots,False
acf:1769,acf:1769/acf:0003,NCGR,3,acf:1769/acf:0004,NCGR,4,1,adjacent_graphics_slots,False
acf:1769,acf:1769/acf:0004,NCGR,4,acf:1769/acf:0005,NCER,5,1,adjacent_graphics_slots,False
acf:1769,acf:1769/acf:0005,NCER,5,acf:1769/acf:0006,NCER,6,1,adjacent_graphics_slots,False
acf:1769,acf:1769/acf:0006,NCER,6,acf:1769/acf:0007,NCER,7,1,adjacent_graphics_slots,False
acf:1769,acf:1769/acf:0007,NCER,7,acf:1769/acf:0008,NCER,8,1,adjacent_graphics_slots,False
acf:1769,acf:1769/acf:0008,NCER,8,acf:1769/acf:0009,NCER,9,1,adjacent_graphics_slots,False
acf:1770,acf:1770/acf:0001,NCLR,1,acf:1770/acf:0002,NCGR,2,1,adjacent_graphics_slots,False
acf:1770,acf:1770/acf:0002,NCGR,2,acf:1770/acf:0003,NCGR,3,1,adjacent_graphics_slots,False
acf:1770,acf:1770/acf:0003,NCGR,3,acf:1770/acf:0004,NCGR,4,1,adjacent_graphics_slots,False
acf:1770,acf:1770/acf:0004,NCGR,4,acf:1770/acf:0005,NCER,5,1,adjacent_graphics_slots,False
acf:1770,acf:1770/acf:0005,NCER,5,acf:1770/acf:0006,NCER,6,1,adjacent_graphics_slots,False
acf:1770,acf:1770/acf:0006,NCER,6,acf:1770/acf:0007,NCER,7,1,adjacent_graphics_slots,False
acf:1770,acf:1770/acf:0007,NCER,7,acf:1770/acf:0008,NCER,8,1,adjacent_graphics_slots,False
acf:1770,acf:1770/acf:0008,NCER,8,acf:1770/acf:0009,NCER,9,1,adjacent_graphics_slots,False
acf:1770,acf:1770/acf:0009,NCER,9,acf:1770/acf:0010,NCER,10,1,adjacent_graphics_slots,False
acf:1771,acf:1771/acf:0001,NCLR,1,acf:1771/acf:0002,NCGR,2,1,adjacent_graphics_slots,False
acf:1771,acf:1771/acf:0002,NCGR,2,acf:1771/acf:0003,NCGR,3,1,adjacent_graphics_slots,False
acf:1771,acf:1771/acf:0003,NCGR,3,acf:1771/acf:0004,NCGR,4,1,adjacent_graphics_slots,False
acf:1771,acf:1771/acf:0004,NCGR,4,acf:1771/acf:0005,NCER,5,1,adjacent_graphics_slots,False
acf:1771,acf:1771/acf:0005,NCER,5,acf:1771/acf:0006,NCER,6,1,adjacent_graphics_slots,False
acf:1771,acf:1771/acf:0006,NCER,6,acf:1771/acf:0007,NCER,7,1,adjacent_graphics_slots,False
acf:1771,acf:1771/acf:0007,NCER,7,acf:1771/acf:0008,NCER,8,1,adjacent_graphics_slots,False
acf:1771,acf:1771/acf:0008,NCER,8,acf:1771/acf:0009,NCER,9,1,adjacent_graphics_slots,False
acf:1771,acf:1771/acf:0009,NCER,9,acf:1771/acf:0010,NCER,10,1,adjacent_graphics_slots,False
acf:1772,acf:1772/acf:0001,NCLR,1,acf:1772/acf:0002,NCGR,2,1,adjacent_graphics_slots,False
acf:1772,acf:1772/acf:0002,NCGR,2,acf:1772/acf:0003,NCGR,3,1,adjacent_graphics_slots,False
acf:1772,acf:1772/acf:0003,NCGR,3,acf:1772/acf:0004,NCGR,4,1,adjacent_graphics_slots,False
acf:1772,acf:1772/acf:0004,NCGR,4,acf:1772/acf:0005,NCER,5,1,adjacent_graphics_slots,False
acf:1772,acf:1772/acf:0005,NCER,5,acf:1772/acf:0006,NCER,6,1,adjacent_graphics_slots,False
acf:1772,acf:1772/acf:0006,NCER,6,acf:1772/acf:0007,NCER,7,1,adjacent_graphics_slots,False
acf:1772,acf:1772/acf:0007,NCER,7,acf:1772/acf:0008,NCER,8,1,adjacent_graphics_slots,False
acf:1772,acf:1772/acf:0008,NCER,8,acf:1772/acf:0009,NCER,9,1,adjacent_graphics_slots,False
acf:1773,acf:1773/acf:0001,NCLR,1,acf:1773/acf:0002,NCGR,2,1,adjacent_graphics_slots,False
acf:1773,acf:1773/acf:0002,NCGR,2,acf:1773/acf:0003,NCGR,3,1,adjacent_graphics_slots,False
acf:1773,acf:1773/acf:0003,NCGR,3,acf:1773/acf:0004,NCGR,4,1,adjacent_graphics_slots,False
acf:1773,acf:1773/acf:0004,NCGR,4,acf:1773/acf:0005,NCER,5,1,adjacent_graphics_slots,False
acf:1773,acf:1773/acf:0005,NCER,5,acf:1773/acf:0006,NCER,6,1,adjacent_graphics_slots,False
acf:1773,acf:1773/acf:0006,NCER,6,acf:1773/acf:0007,NCER,7,1,adjacent_graphics_slots,False
acf:1773,acf:1773/acf:0007,NCER,7,acf:1773/acf:0008,NCER,8,1,adjacent_graphics_slots,False
acf:1773,acf:1773/acf:0008,NCER,8,acf:1773/acf:0009,NCER,9,1,adjacent_graphics_slots,False
acf:1774,acf:1774/acf:0001,NCLR,1,acf:1774/acf:0002,NCGR,2,1,adjacent_graphics_slots,False
acf:1774,acf:1774/acf:0002,NCGR,2,acf:1774/acf:0003,NCGR,3,1,adjacent_graphics_slots,False
acf:1774,acf:1774/acf:0003,NCGR,3,acf:1774/acf:0004,NCGR,4,1,adjacent_graphics_slots,False
acf:1774,acf:1774/acf:0004,NCGR,4,acf:1774/acf:0005,NCER,5,1,adjacent_graphics_slots,False
acf:1774,acf:1774/acf:0005,NCER,5,acf:1774/acf:0006,NCER,6,1,adjacent_graphics_slots,False
acf:1774,acf:1774/acf:0006,NCER,6,acf:1774/acf:0007,NCER,7,1,adjacent_graphics_slots,False
acf:1774,acf:1774/acf:0007,NCER,7,acf:1774/acf:0008,NCER,8,1,adjacent_graphics_slots,False
acf:1774,acf:1774/acf:0008,NCER,8,acf:1774/acf:0009,NCER,9,1,adjacent_graphics_slots,False
acf:1775,acf:1775/acf:0001,NCLR,1,acf:1775/acf:0002,NCGR,2,1,adjacent_graphics_slots,False
acf:1775,acf:1775/acf:0002,NCGR,2,acf:1775/acf:0003,NCGR,3,1,adjacent_graphics_slots,False
acf:1775,acf:1775/acf:0003,NCGR,3,acf:1775/acf:0004,NCGR,4,1,adjacent_graphics_slots,False
acf:1775,acf:1775/acf:0004,NCGR,4,acf:1775/acf:0005,NCER,5,1,adjacent_graphics_slots,False
acf:1775,acf:1775/acf:0005,NCER,5,acf:1775/acf:0006,NCER,6,1,adjacent_graphics_slots,False
acf:1775,acf:1775/acf:0006,NCER,6,acf:1775/acf:0007,NCER,7,1,adjacent_graphics_slots,False
acf:1775,acf:1775/acf:0007,NCER,7,acf:1775/acf:0008,NCER,8,1,adjacent_graphics_slots,False
acf:1775,acf:1775/acf:0008,NCER,8,acf:1775/acf:0009,NCER,9,1,adjacent_graphics_slots,False
acf:1776,acf:1776/acf:0001,NCLR,1,acf:1776/acf:0002,NCGR,2,1,adjacent_graphics_slots,False
acf:1776,acf:1776/acf:0002,NCGR,2,acf:1776/acf:0003,NCGR,3,1,adjacent_graphics_slots,False
acf:1776,acf:1776/acf:0003,NCGR,3,acf:1776/acf:0004,NCGR,4,1,adjacent_graphics_slots,False
acf:1776,acf:1776/acf:0004,NCGR,4,acf:1776/acf:0005,NCER,5,1,adjacent_graphics_slots,False
acf:1776,acf:1776/acf:0005,NCER,5,acf:1776/acf:0006,NCER,6,1,adjacent_graphics_slots,False
acf:1776,acf:1776/acf:0006,NCER,6,acf:1776/acf:0007,NCER,7,1,adjacent_graphics_slots,False
acf:1776,acf:1776/acf:0007,NCER,7,acf:1776/acf:0008,NCER,8,1,adjacent_graphics_slots,False
acf:1776,acf:1776/acf:0008,NCER,8,acf:1776/acf:0009,NCER,9,1,adjacent_graphics_slots,False
acf:1777,acf:1777/acf:0001,NCLR,1,acf:1777/acf:0002,NCGR,2,1,adjacent_graphics_slots,False
acf:1777,acf:1777/acf:0002,NCGR,2,acf:1777/acf:0003,NCGR,3,1,adjacent_graphics_slots,False
acf:1777,acf:1777/acf:0003,NCGR,3,acf:1777/acf:0004,NCGR,4,1,adjacent_graphics_slots,False
acf:1777,acf:1777/acf:0004,NCGR,4,acf:1777/acf:0005,NCER,5,1,adjacent_graphics_slots,False
acf:1777,acf:1777/acf:0005,NCER,5,acf:1777/acf:0006,NCER,6,1,adjacent_graphics_slots,False
acf:1777,acf:1777/acf:0006,NCER,6,acf:1777/acf:0007,NCER,7,1,adjacent_graphics_slots,False
acf:1777,acf:1777/acf:0007,NCER,7,acf:1777/acf:0008,NCER,8,1,adjacent_graphics_slots,False
acf:1777,acf:1777/acf:0008,NCER,8,acf:1777/acf:0009,NCER,9,1,adjacent_graphics_slots,False
acf:1778,acf:1778/acf:0001,NCLR,1,acf:1778/acf:0002,NCGR,2,1,adjacent_graphics_slots,False
acf:1778,acf:1778/acf:0002,NCGR,2,acf:1778/acf:0003,NCGR,3,1,adjacent_graphics_slots,False
acf:1778,acf:1778/acf:0003,NCGR,3,acf:1778/acf:0004,NCGR,4,1,adjacent_graphics_slots,False
acf:1778,acf:1778/acf:0004,NCGR,4,acf:1778/acf:0005,NCER,5,1,adjacent_graphics_slots,False
acf:1778,acf:1778/acf:0005,NCER,5,acf:1778/acf:0006,NCER,6,1,adjacent_graphics_slots,False
acf:1778,acf:1778/acf:0006,NCER,6,acf:1778/acf:0007,NCER,7,1,adjacent_graphics_slots,False
acf:1778,acf:1778/acf:0007,NCER,7,acf:1778/acf:0008,NCER,8,1,adjacent_graphics_slots,False
acf:1779,acf:1779/acf:0001,NCLR,1,acf:1779/acf:0002,NCGR,2,1,adjacent_graphics_slots,False
acf:1779,acf:1779/acf:0002,NCGR,2,acf:1779/acf:0003,NCGR,3,1,adjacent_graphics_slots,False
acf:1779,acf:1779/acf:0003,NCGR,3,acf:1779/acf:0004,NCGR,4,1,adjacent_graphics_slots,False
acf:1779,acf:1779/acf:0004,NCGR,4,acf:1779/acf:0005,NCER,5,1,adjacent_graphics_slots,False
acf:1779,acf:1779/acf:0005,NCER,5,acf:1779/acf:0006,NCER,6,1,adjacent_graphics_slots,False
acf:1779,acf:1779/acf:0006,NCER,6,acf:1779/acf:0007,NCER,7,1,adjacent_graphics_slots,False
acf:1779,acf:1779/acf:0007,NCER,7,acf:1779/acf:0008,NCER,8,1,adjacent_graphics_slots,False
acf:1779,acf:1779/acf:0008,NCER,8,acf:1779/acf:0009,NCER,9,1,adjacent_graphics_slots,False
acf:1780,acf:1780/acf:0001,NCLR,1,acf:1780/acf:0002,NCGR,2,1,adjacent_graphics_slots,False
acf:1780,acf:1780/acf:0002,NCGR,2,acf:1780/acf:0003,NCGR,3,1,adjacent_graphics_slots,False
acf:1780,acf:1780/acf:0003,NCGR,3,acf:1780/acf:0004,NCGR,4,1,adjacent_graphics_slots,False
acf:1780,acf:1780/acf:0004,NCGR,4,acf:1780/acf:0005,NCER,5,1,adjacent_graphics_slots,False
acf:1780,acf:1780/acf:0005,NCER,5,acf:1780/acf:0006,NCER,6,1,adjacent_graphics_slots,False
acf:1780,acf:1780/acf:0006,NCER,6,acf:1780/acf:0007,NCER,7,1,adjacent_graphics_slots,False
acf:1780,acf:1780/acf:0007,NCER,7,acf:1780/acf:0008,NCER,8,1,adjacent_graphics_slots,False
acf:1780,acf:1780/acf:0008,NCER,8,acf:1780/acf:0009,NCER,9,1,adjacent_graphics_slots,False
acf:1781,acf:1781/acf:0001,NCLR,1,acf:1781/acf:0002,NCGR,2,1,adjacent_graphics_slots,False
acf:1781,acf:1781/acf:0002,NCGR,2,acf:1781/acf:0003,NCGR,3,1,adjacent_graphics_slots,False
acf:1781,acf:1781/acf:0003,NCGR,3,acf:1781/acf:0004,NCGR,4,1,adjacent_graphics_slots,False
acf:1781,acf:1781/acf:0004,NCGR,4,acf:1781/acf:0005,NCER,5,1,adjacent_graphics_slots,False
acf:1781,acf:1781/acf:0005,NCER,5,acf:1781/acf:0006,NCER,6,1,adjacent_graphics_slots,False
acf:1781,acf:1781/acf:0006,NCER,6,acf:1781/acf:0007,NCER,7,1,adjacent_graphics_slots,False
acf:1781,acf:1781/acf:0007,NCER,7,acf:1781/acf:0008,NCER,8,1,adjacent_graphics_slots,False
acf:1781,acf:1781/acf:0008,NCER,8,acf:1781/acf:0009,NCER,9,1,adjacent_graphics_slots,False
acf:1782,acf:1782/acf:0001,NCLR,1,acf:1782/acf:0002,NCGR,2,1,adjacent_graphics_slots,False
acf:1782,acf:1782/acf:0002,NCGR,2,acf:1782/acf:0003,NCGR,3,1,adjacent_graphics_slots,False
acf:1782,acf:1782/acf:0003,NCGR,3,acf:1782/acf:0004,NCGR,4,1,adjacent_graphics_slots,False
acf:1782,acf:1782/acf:0004,NCGR,4,acf:1782/acf:0005,NCER,5,1,adjacent_graphics_slots,False
acf:1782,acf:1782/acf:0005,NCER,5,acf:1782/acf:0006,NCER,6,1,adjacent_graphics_slots,False
acf:1782,acf:1782/acf:0006,NCER,6,acf:1782/acf:0007,NCER,7,1,adjacent_graphics_slots,False
acf:1782,acf:1782/acf:0007,NCER,7,acf:1782/acf:0008,NCER,8,1,adjacent_graphics_slots,False
acf:1782,acf:1782/acf:0008,NCER,8,acf:1782/acf:0009,NCER,9,1,adjacent_graphics_slots,False
acf:1783,acf:1783/acf:0001,NCLR,1,acf:1783/acf:0002,NCGR,2,1,adjacent_graphics_slots,False
acf:1783,acf:1783/acf:0002,NCGR,2,acf:1783/acf:0003,NCGR,3,1,adjacent_graphics_slots,False
acf:1783,acf:1783/acf:0003,NCGR,3,acf:1783/acf:0004,NCGR,4,1,adjacent_graphics_slots,False
acf:1783,acf:1783/acf:0004,NCGR,4,acf:1783/acf:0005,NCER,5,1,adjacent_graphics_slots,False
acf:1783,acf:1783/acf:0005,NCER,5,acf:1783/acf:0006,NCER,6,1,adjacent_graphics_slots,False
acf:1783,acf:1783/acf:0006,NCER,6,acf:1783/acf:0007,NCER,7,1,adjacent_graphics_slots,False
acf:1783,acf:1783/acf:0007,NCER,7,acf:1783/acf:0008,NCER,8,1,adjacent_graphics_slots,False
acf:1783,acf:1783/acf:0008,NCER,8,acf:1783/acf:0009,NCER,9,1,adjacent_graphics_slots,False
acf:1784,acf:1784/acf:0001,NCLR,1,acf:1784/acf:0002,NCGR,2,1,adjacent_graphics_slots,False
acf:1784,acf:1784/acf:0002,NCGR,2,acf:1784/acf:0003,NCGR,3,1,adjacent_graphics_slots,False
acf:1784,acf:1784/acf:0003,NCGR,3,acf:1784/acf:0004,NCGR,4,1,adjacent_graphics_slots,False
acf:1784,acf:1784/acf:0004,NCGR,4,acf:1784/acf:0005,NCER,5,1,adjacent_graphics_slots,False
acf:1784,acf:1784/acf:0005,NCER,5,acf:1784/acf:0006,NCER,6,1,adjacent_graphics_slots,False
acf:1784,acf:1784/acf:0006,NCER,6,acf:1784/acf:0007,NCER,7,1,adjacent_graphics_slots,False
acf:1784,acf:1784/acf:0007,NCER,7,acf:1784/acf:0008,NCER,8,1,adjacent_graphics_slots,False
acf:1784,acf:1784/acf:0008,NCER,8,acf:1784/acf:0009,NCER,9,1,adjacent_graphics_slots,False
acf:1785,acf:1785/acf:0001,NCLR,1,acf:1785/acf:0002,NCGR,2,1,adjacent_graphics_slots,False
acf:1785,acf:1785/acf:0002,NCGR,2,acf:1785/acf:0003,NCGR,3,1,adjacent_graphics_slots,False
acf:1785,acf:1785/acf:0003,NCGR,3,acf:1785/acf:0004,NCGR,4,1,adjacent_graphics_slots,False
acf:1785,acf:1785/acf:0004,NCGR,4,acf:1785/acf:0005,NCER,5,1,adjacent_graphics_slots,False
acf:1785,acf:1785/acf:0005,NCER,5,acf:1785/acf:0006,NCER,6,1,adjacent_graphics_slots,False
acf:1785,acf:1785/acf:0006,NCER,6,acf:1785/acf:0007,NCER,7,1,adjacent_graphics_slots,False
acf:1785,acf:1785/acf:0007,NCER,7,acf:1785/acf:0008,NCER,8,1,adjacent_graphics_slots,False
acf:1785,acf:1785/acf:0008,NCER,8,acf:1785/acf:0009,NCER,9,1,adjacent_graphics_slots,False
acf:1786,acf:1786/acf:0001,NCLR,1,acf:1786/acf:0002,NCGR,2,1,adjacent_graphics_slots,False
acf:1786,acf:1786/acf:0002,NCGR,2,acf:1786/acf:0003,NCGR,3,1,adjacent_graphics_slots,False
acf:1786,acf:1786/acf:0003,NCGR,3,acf:1786/acf:0004,NCGR,4,1,adjacent_graphics_slots,False
acf:1786,acf:1786/acf:0004,NCGR,4,acf:1786/acf:0005,NCER,5,1,adjacent_graphics_slots,False
acf:1786,acf:1786/acf:0005,NCER,5,acf:1786/acf:0006,NCER,6,1,adjacent_graphics_slots,False
acf:1786,acf:1786/acf:0006,NCER,6,acf:1786/acf:0007,NCER,7,1,adjacent_graphics_slots,False
acf:1786,acf:1786/acf:0007,NCER,7,acf:1786/acf:0008,NCER,8,1,adjacent_graphics_slots,False
acf:1787,acf:1787/acf:0001,NCLR,1,acf:1787/acf:0002,NCGR,2,1,adjacent_graphics_slots,False
acf:1787,acf:1787/acf:0002,NCGR,2,acf:1787/acf:0003,NCER,3,1,adjacent_graphics_slots,False
acf:1788,acf:1788/acf:0001,NCLR,1,acf:1788/acf:0002,NCGR,2,1,adjacent_graphics_slots,False
acf:1788,acf:1788/acf:0002,NCGR,2,acf:1788/acf:0003,NCGR,3,1,adjacent_graphics_slots,False
acf:1788,acf:1788/acf:0003,NCGR,3,acf:1788/acf:0004,NCGR,4,1,adjacent_graphics_slots,False
acf:1788,acf:1788/acf:0004,NCGR,4,acf:1788/acf:0005,NCER,5,1,adjacent_graphics_slots,False
acf:1788,acf:1788/acf:0005,NCER,5,acf:1788/acf:0006,NCER,6,1,adjacent_graphics_slots,False
acf:1788,acf:1788/acf:0006,NCER,6,acf:1788/acf:0007,NCER,7,1,adjacent_graphics_slots,False
acf:1788,acf:1788/acf:0007,NCER,7,acf:1788/acf:0008,NCER,8,1,adjacent_graphics_slots,False
acf:1788,acf:1788/acf:0008,NCER,8,acf:1788/acf:0009,NCER,9,1,adjacent_graphics_slots,False
acf:1789,acf:1789/acf:0001,NCLR,1,acf:1789/acf:0002,NCGR,2,1,adjacent_graphics_slots,False
acf:1789,acf:1789/acf:0002,NCGR,2,acf:1789/acf:0003,NCGR,3,1,adjacent_graphics_slots,False
acf:1789,acf:1789/acf:0003,NCGR,3,acf:1789/acf:0004,NCGR,4,1,adjacent_graphics_slots,False
acf:1789,acf:1789/acf:0004,NCGR,4,acf:1789/acf:0005,NCER,5,1,adjacent_graphics_slots,False
acf:1789,acf:1789/acf:0005,NCER,5,acf:1789/acf:0006,NCER,6,1,adjacent_graphics_slots,False
acf:1789,acf:1789/acf:0006,NCER,6,acf:1789/acf:0007,NCER,7,1,adjacent_graphics_slots,False
acf:1789,acf:1789/acf:0007,NCER,7,acf:1789/acf:0008,NCER,8,1,adjacent_graphics_slots,False
acf:1790,acf:1790/acf:0001,NCLR,1,acf:1790/acf:0002,NCGR,2,1,adjacent_graphics_slots,False
acf:1790,acf:1790/acf:0002,NCGR,2,acf:1790/acf:0003,NCER,3,1,adjacent_graphics_slots,False
acf:1790,acf:1790/acf:0003,NCER,3,acf:1790/acf:0004,NCER,4,1,adjacent_graphics_slots,False
acf:1791,acf:1791/acf:0001,NCLR,1,acf:1791/acf:0002,NCGR,2,1,adjacent_graphics_slots,False
acf:1791,acf:1791/acf:0002,NCGR,2,acf:1791/acf:0003,NCGR,3,1,adjacent_graphics_slots,False
acf:1791,acf:1791/acf:0003,NCGR,3,acf:1791/acf:0004,NCGR,4,1,adjacent_graphics_slots,False
acf:1791,acf:1791/acf:0004,NCGR,4,acf:1791/acf:0005,NCER,5,1,adjacent_graphics_slots,False
acf:1791,acf:1791/acf:0005,NCER,5,acf:1791/acf:0006,NCER,6,1,adjacent_graphics_slots,False
acf:1791,acf:1791/acf:0006,NCER,6,acf:1791/acf:0007,NCER,7,1,adjacent_graphics_slots,False
acf:1791,acf:1791/acf:0007,NCER,7,acf:1791/acf:0008,NCER,8,1,adjacent_graphics_slots,False
acf:1791,acf:1791/acf:0008,NCER,8,acf:1791/acf:0009,NCER,9,1,adjacent_graphics_slots,False
acf:1792,acf:1792/acf:0001,NCLR,1,acf:1792/acf:0002,NCGR,2,1,adjacent_graphics_slots,False
acf:1792,acf:1792/acf:0002,NCGR,2,acf:1792/acf:0003,NCGR,3,1,adjacent_graphics_slots,False
acf:1792,acf:1792/acf:0003,NCGR,3,acf:1792/acf:0004,NCGR,4,1,adjacent_graphics_slots,False
acf:1792,acf:1792/acf:0004,NCGR,4,acf:1792/acf:0005,NCER,5,1,adjacent_graphics_slots,False
acf:1792,acf:1792/acf:0005,NCER,5,acf:1792/acf:0006,NCER,6,1,adjacent_graphics_slots,False
acf:1792,acf:1792/acf:0006,NCER,6,acf:1792/acf:0007,NCER,7,1,adjacent_graphics_slots,False
acf:1792,acf:1792/acf:0007,NCER,7,acf:1792/acf:0008,NCER,8,1,adjacent_graphics_slots,False
acf:1793,acf:1793/acf:0001,NCLR,1,acf:1793/acf:0002,NCGR,2,1,adjacent_graphics_slots,False
acf:1793,acf:1793/acf:0002,NCGR,2,acf:1793/acf:0003,NCER,3,1,adjacent_graphics_slots,False
acf:1794,acf:1794/acf:0001,NCLR,1,acf:1794/acf:0002,NCGR,2,1,adjacent_graphics_slots,False
acf:1794,acf:1794/acf:0002,NCGR,2,acf:1794/acf:0003,NCGR,3,1,adjacent_graphics_slots,False
acf:1794,acf:1794/acf:0003,NCGR,3,acf:1794/acf:0004,NCGR,4,1,adjacent_graphics_slots,False
acf:1794,acf:1794/acf:0004,NCGR,4,acf:1794/acf:0005,NCGR,5,1,adjacent_graphics_slots,False
acf:1794,acf:1794/acf:0005,NCGR,5,acf:1794/acf:0006,NCGR,6,1,adjacent_graphics_slots,False
acf:1794,acf:1794/acf:0006,NCGR,6,acf:1794/acf:0007,NCGR,7,1,adjacent_graphics_slots,False
acf:1794,acf:1794/acf:0007,NCGR,7,acf:1794/acf:0008,NCGR,8,1,adjacent_graphics_slots,False
acf:1794,acf:1794/acf:0008,NCGR,8,acf:1794/acf:0009,NCER,9,1,adjacent_graphics_slots,False
acf:1794,acf:1794/acf:0009,NCER,9,acf:1794/acf:0010,NCER,10,1,adjacent_graphics_slots,False
acf:1794,acf:1794/acf:0010,NCER,10,acf:1794/acf:0011,NCER,11,1,adjacent_graphics_slots,False
acf:1794,acf:1794/acf:0011,NCER,11,acf:1794/acf:0012,NCER,12,1,adjacent_graphics_slots,False
acf:1794,acf:1794/acf:0012,NCER,12,acf:1794/acf:0013,NCER,13,1,adjacent_graphics_slots,False
acf:1794,acf:1794/acf:0013,NCER,13,acf:1794/acf:0014,NCER,14,1,adjacent_graphics_slots,False
acf:1794,acf:1794/acf:0014,NCER,14,acf:1794/acf:0015,NCER,15,1,adjacent_graphics_slots,False
acf:1794,acf:1794/acf:0015,NCER,15,acf:1794/acf:0016,NCER,16,1,adjacent_graphics_slots,False
acf:1794,acf:1794/acf:0016,NCER,16,acf:1794/acf:0017,NCER,17,1,adjacent_graphics_slots,False
acf:1794,acf:1794/acf:0017,NCER,17,acf:1794/acf:0018,NCER,18,1,adjacent_graphics_slots,False
acf:1794,acf:1794/acf:0018,NCER,18,acf:1794/acf:0019,NCER,19,1,adjacent_graphics_slots,False
acf:1794,acf:1794/acf:0019,NCER,19,acf:1794/acf:0020,NCER,20,1,adjacent_graphics_slots,False
acf:1794,acf:1794/acf:0020,NCER,20,acf:1794/acf:0021,NCER,21,1,adjacent_graphics_slots,False
acf:1794,acf:1794/acf:0021,NCER,21,acf:1794/acf:0022,NCER,22,1,adjacent_graphics_slots,False
acf:1795,acf:1795/acf:0001,NCLR,1,acf:1795/acf:0002,NCGR,2,1,adjacent_graphics_slots,False
acf:1795,acf:1795/acf:0002,NCGR,2,acf:1795/acf:0003,NCER,3,1,adjacent_graphics_slots,False
acf:1796,acf:1796/acf:0001,NCLR,1,acf:1796/acf:0002,NCGR,2,1,adjacent_graphics_slots,False
acf:1796,acf:1796/acf:0002,NCGR,2,acf:1796/acf:0003,NCGR,3,1,adjacent_graphics_slots,False
acf:1796,acf:1796/acf:0003,NCGR,3,acf:1796/acf:0004,NCGR,4,1,adjacent_graphics_slots,False
acf:1796,acf:1796/acf:0004,NCGR,4,acf:1796/acf:0005,NCER,5,1,adjacent_graphics_slots,False
acf:1796,acf:1796/acf:0005,NCER,5,acf:1796/acf:0006,NCER,6,1,adjacent_graphics_slots,False
acf:1796,acf:1796/acf:0006,NCER,6,acf:1796/acf:0007,NCER,7,1,adjacent_graphics_slots,False
acf:1796,acf:1796/acf:0007,NCER,7,acf:1796/acf:0008,NCER,8,1,adjacent_graphics_slots,False
acf:1796,acf:1796/acf:0008,NCER,8,acf:1796/acf:0009,NCER,9,1,adjacent_graphics_slots,False
acf:1797,acf:1797/acf:0001,NCLR,1,acf:1797/acf:0002,NCGR,2,1,adjacent_graphics_slots,False
acf:1797,acf:1797/acf:0002,NCGR,2,acf:1797/acf:0003,NCGR,3,1,adjacent_graphics_slots,False
acf:1797,acf:1797/acf:0003,NCGR,3,acf:1797/acf:0004,NCGR,4,1,adjacent_graphics_slots,False
acf:1797,acf:1797/acf:0004,NCGR,4,acf:1797/acf:0005,NCER,5,1,adjacent_graphics_slots,False
acf:1797,acf:1797/acf:0005,NCER,5,acf:1797/acf:0006,NCER,6,1,adjacent_graphics_slots,False
acf:1797,acf:1797/acf:0006,NCER,6,acf:1797/acf:0007,NCER,7,1,adjacent_graphics_slots,False
acf:1797,acf:1797/acf:0007,NCER,7,acf:1797/acf:0008,NCER,8,1,adjacent_graphics_slots,False
acf:1797,acf:1797/acf:0008,NCER,8,acf:1797/acf:0009,NCER,9,1,adjacent_graphics_slots,False
acf:1798,acf:1798/acf:0001,NCLR,1,acf:1798/acf:0002,NCGR,2,1,adjacent_graphics_slots,False
acf:1798,acf:1798/acf:0002,NCGR,2,acf:1798/acf:0003,NCGR,3,1,adjacent_graphics_slots,False
acf:1798,acf:1798/acf:0003,NCGR,3,acf:1798/acf:0004,NCGR,4,1,adjacent_graphics_slots,False
acf:1798,acf:1798/acf:0004,NCGR,4,acf:1798/acf:0005,NCER,5,1,adjacent_graphics_slots,False
acf:1798,acf:1798/acf:0005,NCER,5,acf:1798/acf:0006,NCER,6,1,adjacent_graphics_slots,False
acf:1798,acf:1798/acf:0006,NCER,6,acf:1798/acf:0007,NCER,7,1,adjacent_graphics_slots,False
acf:1798,acf:1798/acf:0007,NCER,7,acf:1798/acf:0008,NCER,8,1,adjacent_graphics_slots,False
acf:1798,acf:1798/acf:0008,NCER,8,acf:1798/acf:0009,NCER,9,1,adjacent_graphics_slots,False
acf:1799,acf:1799/acf:0001,NCLR,1,acf:1799/acf:0002,NCGR,2,1,adjacent_graphics_slots,False
acf:1799,acf:1799/acf:0002,NCGR,2,acf:1799/acf:0003,NCGR,3,1,adjacent_graphics_slots,False
acf:1799,acf:1799/acf:0003,NCGR,3,acf:1799/acf:0004,NCGR,4,1,adjacent_graphics_slots,False
acf:1799,acf:1799/acf:0004,NCGR,4,acf:1799/acf:0005,NCER,5,1,adjacent_graphics_slots,False
acf:1799,acf:1799/acf:0005,NCER,5,acf:1799/acf:0006,NCER,6,1,adjacent_graphics_slots,False
acf:1799,acf:1799/acf:0006,NCER,6,acf:1799/acf:0007,NCER,7,1,adjacent_graphics_slots,False
acf:1799,acf:1799/acf:0007,NCER,7,acf:1799/acf:0008,NCER,8,1,adjacent_graphics_slots,False
acf:1799,acf:1799/acf:0008,NCER,8,acf:1799/acf:0009,NCER,9,1,adjacent_graphics_slots,False
acf:1800,acf:1800/acf:0001,NCLR,1,acf:1800/acf:0002,NCGR,2,1,adjacent_graphics_slots,False
acf:1800,acf:1800/acf:0002,NCGR,2,acf:1800/acf:0003,NCGR,3,1,adjacent_graphics_slots,False
acf:1800,acf:1800/acf:0003,NCGR,3,acf:1800/acf:0004,NCGR,4,1,adjacent_graphics_slots,False
acf:1800,acf:1800/acf:0004,NCGR,4,acf:1800/acf:0005,NCER,5,1,adjacent_graphics_slots,False
acf:1800,acf:1800/acf:0005,NCER,5,acf:1800/acf:0006,NCER,6,1,adjacent_graphics_slots,False
acf:1800,acf:1800/acf:0006,NCER,6,acf:1800/acf:0007,NCER,7,1,adjacent_graphics_slots,False
acf:1800,acf:1800/acf:0007,NCER,7,acf:1800/acf:0008,NCER,8,1,adjacent_graphics_slots,False
acf:1800,acf:1800/acf:0008,NCER,8,acf:1800/acf:0009,NCER,9,1,adjacent_graphics_slots,False
acf:1801,acf:1801/acf:0001,NCLR,1,acf:1801/acf:0002,NCGR,2,1,adjacent_graphics_slots,False
acf:1801,acf:1801/acf:0002,NCGR,2,acf:1801/acf:0003,NCGR,3,1,adjacent_graphics_slots,False
acf:1801,acf:1801/acf:0003,NCGR,3,acf:1801/acf:0004,NCGR,4,1,adjacent_graphics_slots,False
acf:1801,acf:1801/acf:0004,NCGR,4,acf:1801/acf:0005,NCER,5,1,adjacent_graphics_slots,False
acf:1801,acf:1801/acf:0005,NCER,5,acf:1801/acf:0006,NCER,6,1,adjacent_graphics_slots,False
acf:1801,acf:1801/acf:0006,NCER,6,acf:1801/acf:0007,NCER,7,1,adjacent_graphics_slots,False
acf:1801,acf:1801/acf:0007,NCER,7,acf:1801/acf:0008,NCER,8,1,adjacent_graphics_slots,False
acf:1801,acf:1801/acf:0008,NCER,8,acf:1801/acf:0009,NCER,9,1,adjacent_graphics_slots,False
acf:1802,acf:1802/acf:0001,NCLR,1,acf:1802/acf:0002,NCGR,2,1,adjacent_graphics_slots,False
acf:1802,acf:1802/acf:0002,NCGR,2,acf:1802/acf:0003,NCGR,3,1,adjacent_graphics_slots,False
acf:1802,acf:1802/acf:0003,NCGR,3,acf:1802/acf:0004,NCGR,4,1,adjacent_graphics_slots,False
acf:1802,acf:1802/acf:0004,NCGR,4,acf:1802/acf:0005,NCER,5,1,adjacent_graphics_slots,False
acf:1802,acf:1802/acf:0005,NCER,5,acf:1802/acf:0006,NCER,6,1,adjacent_graphics_slots,False
acf:1802,acf:1802/acf:0006,NCER,6,acf:1802/acf:0007,NCER,7,1,adjacent_graphics_slots,False
acf:1802,acf:1802/acf:0007,NCER,7,acf:1802/acf:0008,NCER,8,1,adjacent_graphics_slots,False
acf:1802,acf:1802/acf:0008,NCER,8,acf:1802/acf:0009,NCER,9,1,adjacent_graphics_slots,False
acf:1803,acf:1803/acf:0001,NCLR,1,acf:1803/acf:0002,NCGR,2,1,adjacent_graphics_slots,False
acf:1803,acf:1803/acf:0002,NCGR,2,acf:1803/acf:0003,NCGR,3,1,adjacent_graphics_slots,False
acf:1803,acf:1803/acf:0003,NCGR,3,acf:1803/acf:0004,NCGR,4,1,adjacent_graphics_slots,False
acf:1803,acf:1803/acf:0004,NCGR,4,acf:1803/acf:0005,NCER,5,1,adjacent_graphics_slots,False
acf:1803,acf:1803/acf:0005,NCER,5,acf:1803/acf:0006,NCER,6,1,adjacent_graphics_slots,False
acf:1803,acf:1803/acf:0006,NCER,6,acf:1803/acf:0007,NCER,7,1,adjacent_graphics_slots,False
acf:1803,acf:1803/acf:0007,NCER,7,acf:1803/acf:0008,NCER,8,1,adjacent_graphics_slots,False
acf:1803,acf:1803/acf:0008,NCER,8,acf:1803/acf:0009,NCER,9,1,adjacent_graphics_slots,False
acf:1804,acf:1804/acf:0001,NCLR,1,acf:1804/acf:0002,NCGR,2,1,adjacent_graphics_slots,False
acf:1804,acf:1804/acf:0002,NCGR,2,acf:1804/acf:0003,NCGR,3,1,adjacent_graphics_slots,False
acf:1804,acf:1804/acf:0003,NCGR,3,acf:1804/acf:0004,NCGR,4,1,adjacent_graphics_slots,False
acf:1804,acf:1804/acf:0004,NCGR,4,acf:1804/acf:0005,NCER,5,1,adjacent_graphics_slots,False
acf:1804,acf:1804/acf:0005,NCER,5,acf:1804/acf:0006,NCER,6,1,adjacent_graphics_slots,False
acf:1804,acf:1804/acf:0006,NCER,6,acf:1804/acf:0007,NCER,7,1,adjacent_graphics_slots,False
acf:1804,acf:1804/acf:0007,NCER,7,acf:1804/acf:0008,NCER,8,1,adjacent_graphics_slots,False
acf:1804,acf:1804/acf:0008,NCER,8,acf:1804/acf:0009,NCER,9,1,adjacent_graphics_slots,False
acf:1805,acf:1805/acf:0001,NCLR,1,acf:1805/acf:0002,NCGR,2,1,adjacent_graphics_slots,False
acf:1805,acf:1805/acf:0002,NCGR,2,acf:1805/acf:0003,NCGR,3,1,adjacent_graphics_slots,False
acf:1805,acf:1805/acf:0003,NCGR,3,acf:1805/acf:0004,NCGR,4,1,adjacent_graphics_slots,False
acf:1805,acf:1805/acf:0004,NCGR,4,acf:1805/acf:0005,NCGR,5,1,adjacent_graphics_slots,False
acf:1805,acf:1805/acf:0005,NCGR,5,acf:1805/acf:0006,NCER,6,1,adjacent_graphics_slots,False
acf:1805,acf:1805/acf:0006,NCER,6,acf:1805/acf:0007,NCER,7,1,adjacent_graphics_slots,False
acf:1805,acf:1805/acf:0007,NCER,7,acf:1805/acf:0008,NCER,8,1,adjacent_graphics_slots,False
acf:1805,acf:1805/acf:0008,NCER,8,acf:1805/acf:0009,NCER,9,1,adjacent_graphics_slots,False
acf:1805,acf:1805/acf:0009,NCER,9,acf:1805/acf:0010,NCER,10,1,adjacent_graphics_slots,False
acf:1805,acf:1805/acf:0010,NCER,10,acf:1805/acf:0011,NCER,11,1,adjacent_graphics_slots,False
acf:1805,acf:1805/acf:0011,NCER,11,acf:1805/acf:0012,NCER,12,1,adjacent_graphics_slots,False
acf:1806,acf:1806/acf:0001,NCLR,1,acf:1806/acf:0002,NCGR,2,1,adjacent_graphics_slots,False
acf:1806,acf:1806/acf:0002,NCGR,2,acf:1806/acf:0003,NCGR,3,1,adjacent_graphics_slots,False
acf:1806,acf:1806/acf:0003,NCGR,3,acf:1806/acf:0004,NCGR,4,1,adjacent_graphics_slots,False
acf:1806,acf:1806/acf:0004,NCGR,4,acf:1806/acf:0005,NCER,5,1,adjacent_graphics_slots,False
acf:1806,acf:1806/acf:0005,NCER,5,acf:1806/acf:0006,NCER,6,1,adjacent_graphics_slots,False
acf:1806,acf:1806/acf:0006,NCER,6,acf:1806/acf:0007,NCER,7,1,adjacent_graphics_slots,False
acf:1806,acf:1806/acf:0007,NCER,7,acf:1806/acf:0008,NCER,8,1,adjacent_graphics_slots,False
acf:1806,acf:1806/acf:0008,NCER,8,acf:1806/acf:0009,NCER,9,1,adjacent_graphics_slots,False
acf:1807,acf:1807/acf:0001,NCLR,1,acf:1807/acf:0002,NCGR,2,1,adjacent_graphics_slots,False
acf:1807,acf:1807/acf:0002,NCGR,2,acf:1807/acf:0003,NCGR,3,1,adjacent_graphics_slots,False
acf:1807,acf:1807/acf:0003,NCGR,3,acf:1807/acf:0004,NCGR,4,1,adjacent_graphics_slots,False
acf:1807,acf:1807/acf:0004,NCGR,4,acf:1807/acf:0005,NCER,5,1,adjacent_graphics_slots,False
acf:1807,acf:1807/acf:0005,NCER,5,acf:1807/acf:0006,NCER,6,1,adjacent_graphics_slots,False
acf:1807,acf:1807/acf:0006,NCER,6,acf:1807/acf:0007,NCER,7,1,adjacent_graphics_slots,False
acf:1807,acf:1807/acf:0007,NCER,7,acf:1807/acf:0008,NCER,8,1,adjacent_graphics_slots,False
acf:1807,acf:1807/acf:0008,NCER,8,acf:1807/acf:0009,NCER,9,1,adjacent_graphics_slots,False
acf:1808,acf:1808/acf:0001,NCLR,1,acf:1808/acf:0002,NCGR,2,1,adjacent_graphics_slots,False
acf:1808,acf:1808/acf:0002,NCGR,2,acf:1808/acf:0003,NCGR,3,1,adjacent_graphics_slots,False
acf:1808,acf:1808/acf:0003,NCGR,3,acf:1808/acf:0004,NCGR,4,1,adjacent_graphics_slots,False
acf:1808,acf:1808/acf:0004,NCGR,4,acf:1808/acf:0005,NCER,5,1,adjacent_graphics_slots,False
acf:1808,acf:1808/acf:0005,NCER,5,acf:1808/acf:0006,NCER,6,1,adjacent_graphics_slots,False
acf:1808,acf:1808/acf:0006,NCER,6,acf:1808/acf:0007,NCER,7,1,adjacent_graphics_slots,False
acf:1808,acf:1808/acf:0007,NCER,7,acf:1808/acf:0008,NCER,8,1,adjacent_graphics_slots,False
acf:1808,acf:1808/acf:0008,NCER,8,acf:1808/acf:0009,NCER,9,1,adjacent_graphics_slots,False
acf:1809,acf:1809/acf:0001,NCLR,1,acf:1809/acf:0002,NCGR,2,1,adjacent_graphics_slots,False
acf:1809,acf:1809/acf:0002,NCGR,2,acf:1809/acf:0003,NCGR,3,1,adjacent_graphics_slots,False
acf:1809,acf:1809/acf:0003,NCGR,3,acf:1809/acf:0004,NCGR,4,1,adjacent_graphics_slots,False
acf:1809,acf:1809/acf:0004,NCGR,4,acf:1809/acf:0005,NCER,5,1,adjacent_graphics_slots,False
acf:1809,acf:1809/acf:0005,NCER,5,acf:1809/acf:0006,NCER,6,1,adjacent_graphics_slots,False
acf:1809,acf:1809/acf:0006,NCER,6,acf:1809/acf:0007,NCER,7,1,adjacent_graphics_slots,False
acf:1809,acf:1809/acf:0007,NCER,7,acf:1809/acf:0008,NCER,8,1,adjacent_graphics_slots,False
acf:1809,acf:1809/acf:0008,NCER,8,acf:1809/acf:0009,NCER,9,1,adjacent_graphics_slots,False
acf:1810,acf:1810/acf:0001,NCLR,1,acf:1810/acf:0002,NCGR,2,1,adjacent_graphics_slots,False
acf:1810,acf:1810/acf:0002,NCGR,2,acf:1810/acf:0003,NCGR,3,1,adjacent_graphics_slots,False
acf:1810,acf:1810/acf:0003,NCGR,3,acf:1810/acf:0004,NCGR,4,1,adjacent_graphics_slots,False
acf:1810,acf:1810/acf:0004,NCGR,4,acf:1810/acf:0005,NCER,5,1,adjacent_graphics_slots,False
acf:1810,acf:1810/acf:0005,NCER,5,acf:1810/acf:0006,NCER,6,1,adjacent_graphics_slots,False
acf:1810,acf:1810/acf:0006,NCER,6,acf:1810/acf:0007,NCER,7,1,adjacent_graphics_slots,False
acf:1810,acf:1810/acf:0007,NCER,7,acf:1810/acf:0008,NCER,8,1,adjacent_graphics_slots,False
acf:1810,acf:1810/acf:0008,NCER,8,acf:1810/acf:0009,NCER,9,1,adjacent_graphics_slots,False
acf:1811,acf:1811/acf:0001,NCLR,1,acf:1811/acf:0002,NCGR,2,1,adjacent_graphics_slots,False
acf:1811,acf:1811/acf:0002,NCGR,2,acf:1811/acf:0003,NCGR,3,1,adjacent_graphics_slots,False
acf:1811,acf:1811/acf:0003,NCGR,3,acf:1811/acf:0004,NCGR,4,1,adjacent_graphics_slots,False
acf:1811,acf:1811/acf:0004,NCGR,4,acf:1811/acf:0005,NCER,5,1,adjacent_graphics_slots,False
acf:1811,acf:1811/acf:0005,NCER,5,acf:1811/acf:0006,NCER,6,1,adjacent_graphics_slots,False
acf:1811,acf:1811/acf:0006,NCER,6,acf:1811/acf:0007,NCER,7,1,adjacent_graphics_slots,False
acf:1811,acf:1811/acf:0007,NCER,7,acf:1811/acf:0008,NCER,8,1,adjacent_graphics_slots,False
acf:1811,acf:1811/acf:0008,NCER,8,acf:1811/acf:0009,NCER,9,1,adjacent_graphics_slots,False
acf:1812,acf:1812/acf:0001,NCLR,1,acf:1812/acf:0002,NCGR,2,1,adjacent_graphics_slots,False
acf:1812,acf:1812/acf:0002,NCGR,2,acf:1812/acf:0003,NCGR,3,1,adjacent_graphics_slots,False
acf:1812,acf:1812/acf:0003,NCGR,3,acf:1812/acf:0004,NCGR,4,1,adjacent_graphics_slots,False
acf:1812,acf:1812/acf:0004,NCGR,4,acf:1812/acf:0005,NCER,5,1,adjacent_graphics_slots,False
acf:1812,acf:1812/acf:0005,NCER,5,acf:1812/acf:0006,NCER,6,1,adjacent_graphics_slots,False
acf:1812,acf:1812/acf:0006,NCER,6,acf:1812/acf:0007,NCER,7,1,adjacent_graphics_slots,False
acf:1812,acf:1812/acf:0007,NCER,7,acf:1812/acf:0008,NCER,8,1,adjacent_graphics_slots,False
acf:1812,acf:1812/acf:0008,NCER,8,acf:1812/acf:0009,NCER,9,1,adjacent_graphics_slots,False
acf:1813,acf:1813/acf:0001,NCLR,1,acf:1813/acf:0002,NCGR,2,1,adjacent_graphics_slots,False
acf:1813,acf:1813/acf:0002,NCGR,2,acf:1813/acf:0003,NCGR,3,1,adjacent_graphics_slots,False
acf:1813,acf:1813/acf:0003,NCGR,3,acf:1813/acf:0004,NCGR,4,1,adjacent_graphics_slots,False
acf:1813,acf:1813/acf:0004,NCGR,4,acf:1813/acf:0005,NCER,5,1,adjacent_graphics_slots,False
acf:1813,acf:1813/acf:0005,NCER,5,acf:1813/acf:0006,NCER,6,1,adjacent_graphics_slots,False
acf:1813,acf:1813/acf:0006,NCER,6,acf:1813/acf:0007,NCER,7,1,adjacent_graphics_slots,False
acf:1813,acf:1813/acf:0007,NCER,7,acf:1813/acf:0008,NCER,8,1,adjacent_graphics_slots,False
acf:1813,acf:1813/acf:0008,NCER,8,acf:1813/acf:0009,NCER,9,1,adjacent_graphics_slots,False
acf:1814,acf:1814/acf:0001,NCLR,1,acf:1814/acf:0002,NCGR,2,1,adjacent_graphics_slots,False
acf:1814,acf:1814/acf:0002,NCGR,2,acf:1814/acf:0003,NCGR,3,1,adjacent_graphics_slots,False
acf:1814,acf:1814/acf:0003,NCGR,3,acf:1814/acf:0004,NCGR,4,1,adjacent_graphics_slots,False
acf:1814,acf:1814/acf:0004,NCGR,4,acf:1814/acf:0005,NCER,5,1,adjacent_graphics_slots,False
acf:1814,acf:1814/acf:0005,NCER,5,acf:1814/acf:0006,NCER,6,1,adjacent_graphics_slots,False
acf:1814,acf:1814/acf:0006,NCER,6,acf:1814/acf:0007,NCER,7,1,adjacent_graphics_slots,False
acf:1814,acf:1814/acf:0007,NCER,7,acf:1814/acf:0008,NCER,8,1,adjacent_graphics_slots,False
acf:1814,acf:1814/acf:0008,NCER,8,acf:1814/acf:0009,NCER,9,1,adjacent_graphics_slots,False
acf:1815,acf:1815/acf:0001,NCLR,1,acf:1815/acf:0002,NCGR,2,1,adjacent_graphics_slots,False
acf:1815,acf:1815/acf:0002,NCGR,2,acf:1815/acf:0003,NCGR,3,1,adjacent_graphics_slots,False
acf:1815,acf:1815/acf:0003,NCGR,3,acf:1815/acf:0004,NCGR,4,1,adjacent_graphics_slots,False
acf:1815,acf:1815/acf:0004,NCGR,4,acf:1815/acf:0005,NCER,5,1,adjacent_graphics_slots,False
acf:1815,acf:1815/acf:0005,NCER,5,acf:1815/acf:0006,NCER,6,1,adjacent_graphics_slots,False
acf:1815,acf:1815/acf:0006,NCER,6,acf:1815/acf:0007,NCER,7,1,adjacent_graphics_slots,False
acf:1815,acf:1815/acf:0007,NCER,7,acf:1815/acf:0008,NCER,8,1,adjacent_graphics_slots,False
acf:1815,acf:1815/acf:0008,NCER,8,acf:1815/acf:0009,NCER,9,1,adjacent_graphics_slots,False
acf:1816,acf:1816/acf:0001,NCLR,1,acf:1816/acf:0002,NCGR,2,1,adjacent_graphics_slots,False
acf:1816,acf:1816/acf:0002,NCGR,2,acf:1816/acf:0003,NCGR,3,1,adjacent_graphics_slots,False
acf:1816,acf:1816/acf:0003,NCGR,3,acf:1816/acf:0004,NCGR,4,1,adjacent_graphics_slots,False
acf:1816,acf:1816/acf:0004,NCGR,4,acf:1816/acf:0005,NCER,5,1,adjacent_graphics_slots,False
acf:1816,acf:1816/acf:0005,NCER,5,acf:1816/acf:0006,NCER,6,1,adjacent_graphics_slots,False
acf:1816,acf:1816/acf:0006,NCER,6,acf:1816/acf:0007,NCER,7,1,adjacent_graphics_slots,False
acf:1816,acf:1816/acf:0007,NCER,7,acf:1816/acf:0008,NCER,8,1,adjacent_graphics_slots,False
acf:1816,acf:1816/acf:0008,NCER,8,acf:1816/acf:0009,NCER,9,1,adjacent_graphics_slots,False
acf:1817,acf:1817/acf:0001,NCLR,1,acf:1817/acf:0002,NCGR,2,1,adjacent_graphics_slots,False
acf:1817,acf:1817/acf:0002,NCGR,2,acf:1817/acf:0003,NCGR,3,1,adjacent_graphics_slots,False
acf:1817,acf:1817/acf:0003,NCGR,3,acf:1817/acf:0004,NCGR,4,1,adjacent_graphics_slots,False
acf:1817,acf:1817/acf:0004,NCGR,4,acf:1817/acf:0005,NCGR,5,1,adjacent_graphics_slots,False
acf:1817,acf:1817/acf:0005,NCGR,5,acf:1817/acf:0006,NCGR,6,1,adjacent_graphics_slots,False
acf:1817,acf:1817/acf:0006,NCGR,6,acf:1817/acf:0007,NCGR,7,1,adjacent_graphics_slots,False
acf:1817,acf:1817/acf:0007,NCGR,7,acf:1817/acf:0008,NCGR,8,1,adjacent_graphics_slots,False
acf:1817,acf:1817/acf:0008,NCGR,8,acf:1817/acf:0009,NCGR,9,1,adjacent_graphics_slots,False
acf:1817,acf:1817/acf:0009,NCGR,9,acf:1817/acf:0010,NCER,10,1,adjacent_graphics_slots,False
acf:1817,acf:1817/acf:0010,NCER,10,acf:1817/acf:0011,NCER,11,1,adjacent_graphics_slots,False
acf:1817,acf:1817/acf:0011,NCER,11,acf:1817/acf:0012,NCER,12,1,adjacent_graphics_slots,False
acf:1817,acf:1817/acf:0012,NCER,12,acf:1817/acf:0013,NCER,13,1,adjacent_graphics_slots,False
acf:1817,acf:1817/acf:0013,NCER,13,acf:1817/acf:0014,NCER,14,1,adjacent_graphics_slots,False
acf:1817,acf:1817/acf:0014,NCER,14,acf:1817/acf:0015,NCER,15,1,adjacent_graphics_slots,False
acf:1817,acf:1817/acf:0015,NCER,15,acf:1817/acf:0016,NCER,16,1,adjacent_graphics_slots,False
acf:1817,acf:1817/acf:0016,NCER,16,acf:1817/acf:0017,NCER,17,1,adjacent_graphics_slots,False
acf:1817,acf:1817/acf:0017,NCER,17,acf:1817/acf:0018,NCER,18,1,adjacent_graphics_slots,False
acf:1817,acf:1817/acf:0018,NCER,18,acf:1817/acf:0019,NCER,19,1,adjacent_graphics_slots,False
acf:1817,acf:1817/acf:0019,NCER,19,acf:1817/acf:0020,NCER,20,1,adjacent_graphics_slots,False
acf:1818,acf:1818/acf:0001,NCLR,1,acf:1818/acf:0002,NCGR,2,1,adjacent_graphics_slots,False
acf:1818,acf:1818/acf:0002,NCGR,2,acf:1818/acf:0003,NCGR,3,1,adjacent_graphics_slots,False
acf:1818,acf:1818/acf:0003,NCGR,3,acf:1818/acf:0004,NCGR,4,1,adjacent_graphics_slots,False
acf:1818,acf:1818/acf:0004,NCGR,4,acf:1818/acf:0005,NCGR,5,1,adjacent_graphics_slots,False
acf:1818,acf:1818/acf:0005,NCGR,5,acf:1818/acf:0006,NCER,6,1,adjacent_graphics_slots,False
acf:1818,acf:1818/acf:0006,NCER,6,acf:1818/acf:0007,NCER,7,1,adjacent_graphics_slots,False
acf:1818,acf:1818/acf:0007,NCER,7,acf:1818/acf:0008,NCER,8,1,adjacent_graphics_slots,False
acf:1818,acf:1818/acf:0008,NCER,8,acf:1818/acf:0009,NCER,9,1,adjacent_graphics_slots,False
acf:1818,acf:1818/acf:0009,NCER,9,acf:1818/acf:0010,NCER,10,1,adjacent_graphics_slots,False
acf:1818,acf:1818/acf:0010,NCER,10,acf:1818/acf:0011,NCER,11,1,adjacent_graphics_slots,False
acf:1819,acf:1819/acf:0001,NCLR,1,acf:1819/acf:0002,NCGR,2,1,adjacent_graphics_slots,False
acf:1819,acf:1819/acf:0002,NCGR,2,acf:1819/acf:0003,NCGR,3,1,adjacent_graphics_slots,False
acf:1819,acf:1819/acf:0003,NCGR,3,acf:1819/acf:0004,NCGR,4,1,adjacent_graphics_slots,False
acf:1819,acf:1819/acf:0004,NCGR,4,acf:1819/acf:0005,NCER,5,1,adjacent_graphics_slots,False
acf:1819,acf:1819/acf:0005,NCER,5,acf:1819/acf:0006,NCER,6,1,adjacent_graphics_slots,False
acf:1819,acf:1819/acf:0006,NCER,6,acf:1819/acf:0007,NCER,7,1,adjacent_graphics_slots,False
acf:1819,acf:1819/acf:0007,NCER,7,acf:1819/acf:0008,NCER,8,1,adjacent_graphics_slots,False
acf:1819,acf:1819/acf:0008,NCER,8,acf:1819/acf:0009,NCER,9,1,adjacent_graphics_slots,False
acf:1820,acf:1820/acf:0001,NCLR,1,acf:1820/acf:0002,NCGR,2,1,adjacent_graphics_slots,False
acf:1820,acf:1820/acf:0002,NCGR,2,acf:1820/acf:0003,NCGR,3,1,adjacent_graphics_slots,False
acf:1820,acf:1820/acf:0003,NCGR,3,acf:1820/acf:0004,NCGR,4,1,adjacent_graphics_slots,False
acf:1820,acf:1820/acf:0004,NCGR,4,acf:1820/acf:0005,NCER,5,1,adjacent_graphics_slots,False
acf:1820,acf:1820/acf:0005,NCER,5,acf:1820/acf:0006,NCER,6,1,adjacent_graphics_slots,False
acf:1820,acf:1820/acf:0006,NCER,6,acf:1820/acf:0007,NCER,7,1,adjacent_graphics_slots,False
acf:1820,acf:1820/acf:0007,NCER,7,acf:1820/acf:0008,NCER,8,1,adjacent_graphics_slots,False
acf:1820,acf:1820/acf:0008,NCER,8,acf:1820/acf:0009,NCER,9,1,adjacent_graphics_slots,False
acf:1821,acf:1821/acf:0001,NCLR,1,acf:1821/acf:0002,NCGR,2,1,adjacent_graphics_slots,False
acf:1821,acf:1821/acf:0002,NCGR,2,acf:1821/acf:0003,NCGR,3,1,adjacent_graphics_slots,False
acf:1821,acf:1821/acf:0003,NCGR,3,acf:1821/acf:0004,NCGR,4,1,adjacent_graphics_slots,False
acf:1821,acf:1821/acf:0004,NCGR,4,acf:1821/acf:0005,NCER,5,1,adjacent_graphics_slots,False
acf:1821,acf:1821/acf:0005,NCER,5,acf:1821/acf:0006,NCER,6,1,adjacent_graphics_slots,False
acf:1821,acf:1821/acf:0006,NCER,6,acf:1821/acf:0007,NCER,7,1,adjacent_graphics_slots,False
acf:1821,acf:1821/acf:0007,NCER,7,acf:1821/acf:0008,NCER,8,1,adjacent_graphics_slots,False
acf:1821,acf:1821/acf:0008,NCER,8,acf:1821/acf:0009,NCER,9,1,adjacent_graphics_slots,False
acf:1821,acf:1821/acf:0009,NCER,9,acf:1821/acf:0010,NCER,10,1,adjacent_graphics_slots,False
acf:1822,acf:1822/acf:0001,NCLR,1,acf:1822/acf:0002,NCGR,2,1,adjacent_graphics_slots,False
acf:1822,acf:1822/acf:0002,NCGR,2,acf:1822/acf:0003,NCGR,3,1,adjacent_graphics_slots,False
acf:1822,acf:1822/acf:0003,NCGR,3,acf:1822/acf:0004,NCGR,4,1,adjacent_graphics_slots,False
acf:1822,acf:1822/acf:0004,NCGR,4,acf:1822/acf:0005,NCER,5,1,adjacent_graphics_slots,False
acf:1822,acf:1822/acf:0005,NCER,5,acf:1822/acf:0006,NCER,6,1,adjacent_graphics_slots,False
acf:1822,acf:1822/acf:0006,NCER,6,acf:1822/acf:0007,NCER,7,1,adjacent_graphics_slots,False
acf:1822,acf:1822/acf:0007,NCER,7,acf:1822/acf:0008,NCER,8,1,adjacent_graphics_slots,False
acf:1822,acf:1822/acf:0008,NCER,8,acf:1822/acf:0009,NCER,9,1,adjacent_graphics_slots,False
acf:1823,acf:1823/acf:0001,NCLR,1,acf:1823/acf:0002,NCGR,2,1,adjacent_graphics_slots,False
acf:1823,acf:1823/acf:0002,NCGR,2,acf:1823/acf:0003,NCGR,3,1,adjacent_graphics_slots,False
acf:1823,acf:1823/acf:0003,NCGR,3,acf:1823/acf:0004,NCGR,4,1,adjacent_graphics_slots,False
acf:1823,acf:1823/acf:0004,NCGR,4,acf:1823/acf:0005,NCGR,5,1,adjacent_graphics_slots,False
acf:1823,acf:1823/acf:0005,NCGR,5,acf:1823/acf:0006,NCER,6,1,adjacent_graphics_slots,False
acf:1823,acf:1823/acf:0006,NCER,6,acf:1823/acf:0007,NCER,7,1,adjacent_graphics_slots,False
acf:1823,acf:1823/acf:0007,NCER,7,acf:1823/acf:0008,NCER,8,1,adjacent_graphics_slots,False
acf:1823,acf:1823/acf:0008,NCER,8,acf:1823/acf:0009,NCER,9,1,adjacent_graphics_slots,False
acf:1823,acf:1823/acf:0009,NCER,9,acf:1823/acf:0010,NCER,10,1,adjacent_graphics_slots,False
acf:1823,acf:1823/acf:0010,NCER,10,acf:1823/acf:0011,NCER,11,1,adjacent_graphics_slots,False
acf:1823,acf:1823/acf:0011,NCER,11,acf:1823/acf:0012,NCER,12,1,adjacent_graphics_slots,False
acf:1824,acf:1824/acf:0001,NCLR,1,acf:1824/acf:0002,NCGR,2,1,adjacent_graphics_slots,False
acf:1824,acf:1824/acf:0002,NCGR,2,acf:1824/acf:0003,NCGR,3,1,adjacent_graphics_slots,False
acf:1824,acf:1824/acf:0003,NCGR,3,acf:1824/acf:0004,NCGR,4,1,adjacent_graphics_slots,False
acf:1824,acf:1824/acf:0004,NCGR,4,acf:1824/acf:0005,NCER,5,1,adjacent_graphics_slots,False
acf:1824,acf:1824/acf:0005,NCER,5,acf:1824/acf:0006,NCER,6,1,adjacent_graphics_slots,False
acf:1824,acf:1824/acf:0006,NCER,6,acf:1824/acf:0007,NCER,7,1,adjacent_graphics_slots,False
acf:1824,acf:1824/acf:0007,NCER,7,acf:1824/acf:0008,NCER,8,1,adjacent_graphics_slots,False
acf:1824,acf:1824/acf:0008,NCER,8,acf:1824/acf:0009,NCER,9,1,adjacent_graphics_slots,False
acf:1825,acf:1825/acf:0001,NCLR,1,acf:1825/acf:0002,NCGR,2,1,adjacent_graphics_slots,False
acf:1825,acf:1825/acf:0002,NCGR,2,acf:1825/acf:0003,NCGR,3,1,adjacent_graphics_slots,False
acf:1825,acf:1825/acf:0003,NCGR,3,acf:1825/acf:0004,NCGR,4,1,adjacent_graphics_slots,False
acf:1825,acf:1825/acf:0004,NCGR,4,acf:1825/acf:0005,NCER,5,1,adjacent_graphics_slots,False
acf:1825,acf:1825/acf:0005,NCER,5,acf:1825/acf:0006,NCER,6,1,adjacent_graphics_slots,False
acf:1825,acf:1825/acf:0006,NCER,6,acf:1825/acf:0007,NCER,7,1,adjacent_graphics_slots,False
acf:1825,acf:1825/acf:0007,NCER,7,acf:1825/acf:0008,NCER,8,1,adjacent_graphics_slots,False
acf:1825,acf:1825/acf:0008,NCER,8,acf:1825/acf:0009,NCER,9,1,adjacent_graphics_slots,False
acf:1825,acf:1825/acf:0009,NCER,9,acf:1825/acf:0010,NCER,10,1,adjacent_graphics_slots,False
acf:1826,acf:1826/acf:0001,NCLR,1,acf:1826/acf:0002,NCGR,2,1,adjacent_graphics_slots,False
acf:1826,acf:1826/acf:0002,NCGR,2,acf:1826/acf:0003,NCGR,3,1,adjacent_graphics_slots,False
acf:1826,acf:1826/acf:0003,NCGR,3,acf:1826/acf:0004,NCGR,4,1,adjacent_graphics_slots,False
acf:1826,acf:1826/acf:0004,NCGR,4,acf:1826/acf:0005,NCER,5,1,adjacent_graphics_slots,False
acf:1826,acf:1826/acf:0005,NCER,5,acf:1826/acf:0006,NCER,6,1,adjacent_graphics_slots,False
acf:1826,acf:1826/acf:0006,NCER,6,acf:1826/acf:0007,NCER,7,1,adjacent_graphics_slots,False
acf:1826,acf:1826/acf:0007,NCER,7,acf:1826/acf:0008,NCER,8,1,adjacent_graphics_slots,False
acf:1826,acf:1826/acf:0008,NCER,8,acf:1826/acf:0009,NCER,9,1,adjacent_graphics_slots,False
acf:1827,acf:1827/acf:0001,NCLR,1,acf:1827/acf:0002,NCGR,2,1,adjacent_graphics_slots,False
acf:1827,acf:1827/acf:0002,NCGR,2,acf:1827/acf:0003,NCGR,3,1,adjacent_graphics_slots,False
acf:1827,acf:1827/acf:0003,NCGR,3,acf:1827/acf:0004,NCGR,4,1,adjacent_graphics_slots,False
acf:1827,acf:1827/acf:0004,NCGR,4,acf:1827/acf:0005,NCER,5,1,adjacent_graphics_slots,False
acf:1827,acf:1827/acf:0005,NCER,5,acf:1827/acf:0006,NCER,6,1,adjacent_graphics_slots,False
acf:1827,acf:1827/acf:0006,NCER,6,acf:1827/acf:0007,NCER,7,1,adjacent_graphics_slots,False
acf:1827,acf:1827/acf:0007,NCER,7,acf:1827/acf:0008,NCER,8,1,adjacent_graphics_slots,False
acf:1827,acf:1827/acf:0008,NCER,8,acf:1827/acf:0009,NCER,9,1,adjacent_graphics_slots,False
acf:1828,acf:1828/acf:0001,NCLR,1,acf:1828/acf:0002,NCGR,2,1,adjacent_graphics_slots,False
acf:1828,acf:1828/acf:0002,NCGR,2,acf:1828/acf:0003,NCGR,3,1,adjacent_graphics_slots,False
acf:1828,acf:1828/acf:0003,NCGR,3,acf:1828/acf:0004,NCGR,4,1,adjacent_graphics_slots,False
acf:1828,acf:1828/acf:0004,NCGR,4,acf:1828/acf:0005,NCGR,5,1,adjacent_graphics_slots,False
acf:1828,acf:1828/acf:0005,NCGR,5,acf:1828/acf:0006,NCER,6,1,adjacent_graphics_slots,False
acf:1828,acf:1828/acf:0006,NCER,6,acf:1828/acf:0007,NCER,7,1,adjacent_graphics_slots,False
acf:1828,acf:1828/acf:0007,NCER,7,acf:1828/acf:0008,NCER,8,1,adjacent_graphics_slots,False
acf:1828,acf:1828/acf:0008,NCER,8,acf:1828/acf:0009,NCER,9,1,adjacent_graphics_slots,False
acf:1828,acf:1828/acf:0009,NCER,9,acf:1828/acf:0010,NCER,10,1,adjacent_graphics_slots,False
acf:1828,acf:1828/acf:0010,NCER,10,acf:1828/acf:0011,NCER,11,1,adjacent_graphics_slots,False
acf:1829,acf:1829/acf:0001,NCLR,1,acf:1829/acf:0002,NCGR,2,1,adjacent_graphics_slots,False
acf:1829,acf:1829/acf:0002,NCGR,2,acf:1829/acf:0003,NCGR,3,1,adjacent_graphics_slots,False
acf:1829,acf:1829/acf:0003,NCGR,3,acf:1829/acf:0004,NCGR,4,1,adjacent_graphics_slots,False
acf:1829,acf:1829/acf:0004,NCGR,4,acf:1829/acf:0005,NCER,5,1,adjacent_graphics_slots,False
acf:1829,acf:1829/acf:0005,NCER,5,acf:1829/acf:0006,NCER,6,1,adjacent_graphics_slots,False
acf:1829,acf:1829/acf:0006,NCER,6,acf:1829/acf:0007,NCER,7,1,adjacent_graphics_slots,False
acf:1829,acf:1829/acf:0007,NCER,7,acf:1829/acf:0008,NCER,8,1,adjacent_graphics_slots,False
acf:1829,acf:1829/acf:0008,NCER,8,acf:1829/acf:0009,NCER,9,1,adjacent_graphics_slots,False
acf:1830,acf:1830/acf:0001,NCLR,1,acf:1830/acf:0002,NCGR,2,1,adjacent_graphics_slots,False
acf:1830,acf:1830/acf:0002,NCGR,2,acf:1830/acf:0003,NCGR,3,1,adjacent_graphics_slots,False
acf:1830,acf:1830/acf:0003,NCGR,3,acf:1830/acf:0004,NCGR,4,1,adjacent_graphics_slots,False
acf:1830,acf:1830/acf:0004,NCGR,4,acf:1830/acf:0005,NCER,5,1,adjacent_graphics_slots,False
acf:1830,acf:1830/acf:0005,NCER,5,acf:1830/acf:0006,NCER,6,1,adjacent_graphics_slots,False
acf:1830,acf:1830/acf:0006,NCER,6,acf:1830/acf:0007,NCER,7,1,adjacent_graphics_slots,False
acf:1830,acf:1830/acf:0007,NCER,7,acf:1830/acf:0008,NCER,8,1,adjacent_graphics_slots,False
acf:1830,acf:1830/acf:0008,NCER,8,acf:1830/acf:0009,NCER,9,1,adjacent_graphics_slots,False
acf:1831,acf:1831/acf:0001,NCLR,1,acf:1831/acf:0002,NCGR,2,1,adjacent_graphics_slots,False
acf:1831,acf:1831/acf:0002,NCGR,2,acf:1831/acf:0003,NCGR,3,1,adjacent_graphics_slots,False
acf:1831,acf:1831/acf:0003,NCGR,3,acf:1831/acf:0004,NCGR,4,1,adjacent_graphics_slots,False
acf:1831,acf:1831/acf:0004,NCGR,4,acf:1831/acf:0005,NCGR,5,1,adjacent_graphics_slots,False
acf:1831,acf:1831/acf:0005,NCGR,5,acf:1831/acf:0006,NCER,6,1,adjacent_graphics_slots,False
acf:1831,acf:1831/acf:0006,NCER,6,acf:1831/acf:0007,NCER,7,1,adjacent_graphics_slots,False
acf:1831,acf:1831/acf:0007,NCER,7,acf:1831/acf:0008,NCER,8,1,adjacent_graphics_slots,False
acf:1831,acf:1831/acf:0008,NCER,8,acf:1831/acf:0009,NCER,9,1,adjacent_graphics_slots,False
acf:1831,acf:1831/acf:0009,NCER,9,acf:1831/acf:0010,NCER,10,1,adjacent_graphics_slots,False
acf:1831,acf:1831/acf:0010,NCER,10,acf:1831/acf:0011,NCER,11,1,adjacent_graphics_slots,False
acf:1831,acf:1831/acf:0011,NCER,11,acf:1831/acf:0012,NCER,12,1,adjacent_graphics_slots,False
acf:1832,acf:1832/acf:0001,NCLR,1,acf:1832/acf:0002,NCGR,2,1,adjacent_graphics_slots,False
acf:1832,acf:1832/acf:0002,NCGR,2,acf:1832/acf:0003,NCER,3,1,adjacent_graphics_slots,False
acf:1832,acf:1832/acf:0003,NCER,3,acf:1832/acf:0004,NCER,4,1,adjacent_graphics_slots,False
acf:1832,acf:1832/acf:0004,NCER,4,acf:1832/acf:0005,NCER,5,1,adjacent_graphics_slots,False
acf:1833,acf:1833/acf:0001,NCLR,1,acf:1833/acf:0002,NCGR,2,1,adjacent_graphics_slots,False
acf:1833,acf:1833/acf:0002,NCGR,2,acf:1833/acf:0003,NCGR,3,1,adjacent_graphics_slots,False
acf:1833,acf:1833/acf:0003,NCGR,3,acf:1833/acf:0004,NCGR,4,1,adjacent_graphics_slots,False
acf:1833,acf:1833/acf:0004,NCGR,4,acf:1833/acf:0005,NCER,5,1,adjacent_graphics_slots,False
acf:1833,acf:1833/acf:0005,NCER,5,acf:1833/acf:0006,NCER,6,1,adjacent_graphics_slots,False
acf:1833,acf:1833/acf:0006,NCER,6,acf:1833/acf:0007,NCER,7,1,adjacent_graphics_slots,False
acf:1833,acf:1833/acf:0007,NCER,7,acf:1833/acf:0008,NCER,8,1,adjacent_graphics_slots,False
acf:1833,acf:1833/acf:0008,NCER,8,acf:1833/acf:0009,NCER,9,1,adjacent_graphics_slots,False
acf:1834,acf:1834/acf:0001,NCLR,1,acf:1834/acf:0002,NCGR,2,1,adjacent_graphics_slots,False
acf:1834,acf:1834/acf:0002,NCGR,2,acf:1834/acf:0003,NCGR,3,1,adjacent_graphics_slots,False
acf:1834,acf:1834/acf:0003,NCGR,3,acf:1834/acf:0004,NCGR,4,1,adjacent_graphics_slots,False
acf:1834,acf:1834/acf:0004,NCGR,4,acf:1834/acf:0005,NCER,5,1,adjacent_graphics_slots,False
acf:1834,acf:1834/acf:0005,NCER,5,acf:1834/acf:0006,NCER,6,1,adjacent_graphics_slots,False
acf:1834,acf:1834/acf:0006,NCER,6,acf:1834/acf:0007,NCER,7,1,adjacent_graphics_slots,False
acf:1834,acf:1834/acf:0007,NCER,7,acf:1834/acf:0008,NCER,8,1,adjacent_graphics_slots,False
acf:1834,acf:1834/acf:0008,NCER,8,acf:1834/acf:0009,NCER,9,1,adjacent_graphics_slots,False
acf:1835,acf:1835/acf:0001,NCLR,1,acf:1835/acf:0002,NCGR,2,1,adjacent_graphics_slots,False
acf:1835,acf:1835/acf:0002,NCGR,2,acf:1835/acf:0003,NCGR,3,1,adjacent_graphics_slots,False
acf:1835,acf:1835/acf:0003,NCGR,3,acf:1835/acf:0004,NCGR,4,1,adjacent_graphics_slots,False
acf:1835,acf:1835/acf:0004,NCGR,4,acf:1835/acf:0005,NCER,5,1,adjacent_graphics_slots,False
acf:1835,acf:1835/acf:0005,NCER,5,acf:1835/acf:0006,NCER,6,1,adjacent_graphics_slots,False
acf:1835,acf:1835/acf:0006,NCER,6,acf:1835/acf:0007,NCER,7,1,adjacent_graphics_slots,False
acf:1835,acf:1835/acf:0007,NCER,7,acf:1835/acf:0008,NCER,8,1,adjacent_graphics_slots,False
acf:1835,acf:1835/acf:0008,NCER,8,acf:1835/acf:0009,NCER,9,1,adjacent_graphics_slots,False
acf:1835,acf:1835/acf:0009,NCER,9,acf:1835/acf:0010,NCER,10,1,adjacent_graphics_slots,False
acf:1836,acf:1836/acf:0001,NCLR,1,acf:1836/acf:0002,NCGR,2,1,adjacent_graphics_slots,False
acf:1836,acf:1836/acf:0002,NCGR,2,acf:1836/acf:0003,NCGR,3,1,adjacent_graphics_slots,False
acf:1836,acf:1836/acf:0003,NCGR,3,acf:1836/acf:0004,NCGR,4,1,adjacent_graphics_slots,False
acf:1836,acf:1836/acf:0004,NCGR,4,acf:1836/acf:0005,NCER,5,1,adjacent_graphics_slots,False
acf:1836,acf:1836/acf:0005,NCER,5,acf:1836/acf:0006,NCER,6,1,adjacent_graphics_slots,False
acf:1836,acf:1836/acf:0006,NCER,6,acf:1836/acf:0007,NCER,7,1,adjacent_graphics_slots,False
acf:1836,acf:1836/acf:0007,NCER,7,acf:1836/acf:0008,NCER,8,1,adjacent_graphics_slots,False
acf:1836,acf:1836/acf:0008,NCER,8,acf:1836/acf:0009,NCER,9,1,adjacent_graphics_slots,False
acf:1836,acf:1836/acf:0009,NCER,9,acf:1836/acf:0010,NCER,10,1,adjacent_graphics_slots,False
acf:1837,acf:1837/acf:0001,NCLR,1,acf:1837/acf:0002,NCGR,2,1,adjacent_graphics_slots,False
acf:1837,acf:1837/acf:0002,NCGR,2,acf:1837/acf:0003,NCGR,3,1,adjacent_graphics_slots,False
acf:1837,acf:1837/acf:0003,NCGR,3,acf:1837/acf:0004,NCGR,4,1,adjacent_graphics_slots,False
acf:1837,acf:1837/acf:0004,NCGR,4,acf:1837/acf:0005,NCER,5,1,adjacent_graphics_slots,False
acf:1837,acf:1837/acf:0005,NCER,5,acf:1837/acf:0006,NCER,6,1,adjacent_graphics_slots,False
acf:1837,acf:1837/acf:0006,NCER,6,acf:1837/acf:0007,NCER,7,1,adjacent_graphics_slots,False
acf:1837,acf:1837/acf:0007,NCER,7,acf:1837/acf:0008,NCER,8,1,adjacent_graphics_slots,False
acf:1837,acf:1837/acf:0008,NCER,8,acf:1837/acf:0009,NCER,9,1,adjacent_graphics_slots,False
acf:1837,acf:1837/acf:0009,NCER,9,acf:1837/acf:0010,NCER,10,1,adjacent_graphics_slots,False
acf:1838,acf:1838/acf:0001,NCLR,1,acf:1838/acf:0002,NCGR,2,1,adjacent_graphics_slots,False
acf:1838,acf:1838/acf:0002,NCGR,2,acf:1838/acf:0003,NCGR,3,1,adjacent_graphics_slots,False
acf:1838,acf:1838/acf:0003,NCGR,3,acf:1838/acf:0004,NCGR,4,1,adjacent_graphics_slots,False
acf:1838,acf:1838/acf:0004,NCGR,4,acf:1838/acf:0005,NCER,5,1,adjacent_graphics_slots,False
acf:1838,acf:1838/acf:0005,NCER,5,acf:1838/acf:0006,NCER,6,1,adjacent_graphics_slots,False
acf:1838,acf:1838/acf:0006,NCER,6,acf:1838/acf:0007,NCER,7,1,adjacent_graphics_slots,False
acf:1838,acf:1838/acf:0007,NCER,7,acf:1838/acf:0008,NCER,8,1,adjacent_graphics_slots,False
acf:1838,acf:1838/acf:0008,NCER,8,acf:1838/acf:0009,NCER,9,1,adjacent_graphics_slots,False
acf:1839,acf:1839/acf:0001,NCLR,1,acf:1839/acf:0002,NCGR,2,1,adjacent_graphics_slots,False
acf:1839,acf:1839/acf:0002,NCGR,2,acf:1839/acf:0003,NCGR,3,1,adjacent_graphics_slots,False
acf:1839,acf:1839/acf:0003,NCGR,3,acf:1839/acf:0004,NCGR,4,1,adjacent_graphics_slots,False
acf:1839,acf:1839/acf:0004,NCGR,4,acf:1839/acf:0005,NCGR,5,1,adjacent_graphics_slots,False
acf:1839,acf:1839/acf:0005,NCGR,5,acf:1839/acf:0006,NCER,6,1,adjacent_graphics_slots,False
acf:1839,acf:1839/acf:0006,NCER,6,acf:1839/acf:0007,NCER,7,1,adjacent_graphics_slots,False
acf:1839,acf:1839/acf:0007,NCER,7,acf:1839/acf:0008,NCER,8,1,adjacent_graphics_slots,False
acf:1839,acf:1839/acf:0008,NCER,8,acf:1839/acf:0009,NCER,9,1,adjacent_graphics_slots,False
acf:1839,acf:1839/acf:0009,NCER,9,acf:1839/acf:0010,NCER,10,1,adjacent_graphics_slots,False
acf:1839,acf:1839/acf:0010,NCER,10,acf:1839/acf:0011,NCER,11,1,adjacent_graphics_slots,False
acf:1839,acf:1839/acf:0011,NCER,11,acf:1839/acf:0012,NCER,12,1,adjacent_graphics_slots,False
acf:1840,acf:1840/acf:0001,NCLR,1,acf:1840/acf:0002,NCGR,2,1,adjacent_graphics_slots,False
acf:1840,acf:1840/acf:0002,NCGR,2,acf:1840/acf:0003,NCER,3,1,adjacent_graphics_slots,False
acf:1840,acf:1840/acf:0003,NCER,3,acf:1840/acf:0004,NCER,4,1,adjacent_graphics_slots,False
acf:1841,acf:1841/acf:0001,NCLR,1,acf:1841/acf:0002,NCGR,2,1,adjacent_graphics_slots,False
acf:1841,acf:1841/acf:0002,NCGR,2,acf:1841/acf:0003,NCGR,3,1,adjacent_graphics_slots,False
acf:1841,acf:1841/acf:0003,NCGR,3,acf:1841/acf:0004,NCGR,4,1,adjacent_graphics_slots,False
acf:1841,acf:1841/acf:0004,NCGR,4,acf:1841/acf:0005,NCER,5,1,adjacent_graphics_slots,False
acf:1841,acf:1841/acf:0005,NCER,5,acf:1841/acf:0006,NCER,6,1,adjacent_graphics_slots,False
acf:1841,acf:1841/acf:0006,NCER,6,acf:1841/acf:0007,NCER,7,1,adjacent_graphics_slots,False
acf:1841,acf:1841/acf:0007,NCER,7,acf:1841/acf:0008,NCER,8,1,adjacent_graphics_slots,False
acf:1841,acf:1841/acf:0008,NCER,8,acf:1841/acf:0009,NCER,9,1,adjacent_graphics_slots,False
acf:1842,acf:1842/acf:0001,NCLR,1,acf:1842/acf:0002,NCGR,2,1,adjacent_graphics_slots,False
acf:1842,acf:1842/acf:0002,NCGR,2,acf:1842/acf:0003,NCGR,3,1,adjacent_graphics_slots,False
acf:1842,acf:1842/acf:0003,NCGR,3,acf:1842/acf:0004,NCGR,4,1,adjacent_graphics_slots,False
acf:1842,acf:1842/acf:0004,NCGR,4,acf:1842/acf:0005,NCER,5,1,adjacent_graphics_slots,False
acf:1842,acf:1842/acf:0005,NCER,5,acf:1842/acf:0006,NCER,6,1,adjacent_graphics_slots,False
acf:1842,acf:1842/acf:0006,NCER,6,acf:1842/acf:0007,NCER,7,1,adjacent_graphics_slots,False
acf:1842,acf:1842/acf:0007,NCER,7,acf:1842/acf:0008,NCER,8,1,adjacent_graphics_slots,False
acf:1842,acf:1842/acf:0008,NCER,8,acf:1842/acf:0009,NCER,9,1,adjacent_graphics_slots,False
acf:1843,acf:1843/acf:0001,NCLR,1,acf:1843/acf:0002,NCGR,2,1,adjacent_graphics_slots,False
acf:1843,acf:1843/acf:0002,NCGR,2,acf:1843/acf:0003,NCGR,3,1,adjacent_graphics_slots,False
acf:1843,acf:1843/acf:0003,NCGR,3,acf:1843/acf:0004,NCGR,4,1,adjacent_graphics_slots,False
acf:1843,acf:1843/acf:0004,NCGR,4,acf:1843/acf:0005,NCER,5,1,adjacent_graphics_slots,False
acf:1843,acf:1843/acf:0005,NCER,5,acf:1843/acf:0006,NCER,6,1,adjacent_graphics_slots,False
acf:1843,acf:1843/acf:0006,NCER,6,acf:1843/acf:0007,NCER,7,1,adjacent_graphics_slots,False
acf:1843,acf:1843/acf:0007,NCER,7,acf:1843/acf:0008,NCER,8,1,adjacent_graphics_slots,False
acf:1843,acf:1843/acf:0008,NCER,8,acf:1843/acf:0009,NCER,9,1,adjacent_graphics_slots,False
acf:1844,acf:1844/acf:0001,NCLR,1,acf:1844/acf:0002,NCGR,2,1,adjacent_graphics_slots,False
acf:1844,acf:1844/acf:0002,NCGR,2,acf:1844/acf:0003,NCGR,3,1,adjacent_graphics_slots,False
acf:1844,acf:1844/acf:0003,NCGR,3,acf:1844/acf:0004,NCGR,4,1,adjacent_graphics_slots,False
acf:1844,acf:1844/acf:0004,NCGR,4,acf:1844/acf:0005,NCER,5,1,adjacent_graphics_slots,False
acf:1844,acf:1844/acf:0005,NCER,5,acf:1844/acf:0006,NCER,6,1,adjacent_graphics_slots,False
acf:1844,acf:1844/acf:0006,NCER,6,acf:1844/acf:0007,NCER,7,1,adjacent_graphics_slots,False
acf:1844,acf:1844/acf:0007,NCER,7,acf:1844/acf:0008,NCER,8,1,adjacent_graphics_slots,False
acf:1844,acf:1844/acf:0008,NCER,8,acf:1844/acf:0009,NCER,9,1,adjacent_graphics_slots,False
acf:1844,acf:1844/acf:0009,NCER,9,acf:1844/acf:0010,NCER,10,1,adjacent_graphics_slots,False
acf:1845,acf:1845/acf:0001,NCLR,1,acf:1845/acf:0002,NCGR,2,1,adjacent_graphics_slots,False
acf:1845,acf:1845/acf:0002,NCGR,2,acf:1845/acf:0003,NCGR,3,1,adjacent_graphics_slots,False
acf:1845,acf:1845/acf:0003,NCGR,3,acf:1845/acf:0004,NCGR,4,1,adjacent_graphics_slots,False
acf:1845,acf:1845/acf:0004,NCGR,4,acf:1845/acf:0005,NCER,5,1,adjacent_graphics_slots,False
acf:1845,acf:1845/acf:0005,NCER,5,acf:1845/acf:0006,NCER,6,1,adjacent_graphics_slots,False
acf:1845,acf:1845/acf:0006,NCER,6,acf:1845/acf:0007,NCER,7,1,adjacent_graphics_slots,False
acf:1845,acf:1845/acf:0007,NCER,7,acf:1845/acf:0008,NCER,8,1,adjacent_graphics_slots,False
acf:1845,acf:1845/acf:0008,NCER,8,acf:1845/acf:0009,NCER,9,1,adjacent_graphics_slots,False
acf:1846,acf:1846/acf:0001,NCLR,1,acf:1846/acf:0002,NCGR,2,1,adjacent_graphics_slots,False
acf:1846,acf:1846/acf:0002,NCGR,2,acf:1846/acf:0003,NCGR,3,1,adjacent_graphics_slots,False
acf:1846,acf:1846/acf:0003,NCGR,3,acf:1846/acf:0004,NCGR,4,1,adjacent_graphics_slots,False
acf:1846,acf:1846/acf:0004,NCGR,4,acf:1846/acf:0005,NCGR,5,1,adjacent_graphics_slots,False
acf:1846,acf:1846/acf:0005,NCGR,5,acf:1846/acf:0006,NCER,6,1,adjacent_graphics_slots,False
acf:1846,acf:1846/acf:0006,NCER,6,acf:1846/acf:0007,NCER,7,1,adjacent_graphics_slots,False
acf:1846,acf:1846/acf:0007,NCER,7,acf:1846/acf:0008,NCER,8,1,adjacent_graphics_slots,False
acf:1846,acf:1846/acf:0008,NCER,8,acf:1846/acf:0009,NCER,9,1,adjacent_graphics_slots,False
acf:1846,acf:1846/acf:0009,NCER,9,acf:1846/acf:0010,NCER,10,1,adjacent_graphics_slots,False
acf:1846,acf:1846/acf:0010,NCER,10,acf:1846/acf:0011,NCER,11,1,adjacent_graphics_slots,False
acf:1846,acf:1846/acf:0011,NCER,11,acf:1846/acf:0012,NCER,12,1,adjacent_graphics_slots,False
acf:1846,acf:1846/acf:0012,NCER,12,acf:1846/acf:0013,NCER,13,1,adjacent_graphics_slots,False
acf:1847,acf:1847/acf:0001,NCLR,1,acf:1847/acf:0002,NCGR,2,1,adjacent_graphics_slots,False
acf:1847,acf:1847/acf:0002,NCGR,2,acf:1847/acf:0003,NCGR,3,1,adjacent_graphics_slots,False
acf:1847,acf:1847/acf:0003,NCGR,3,acf:1847/acf:0004,NCGR,4,1,adjacent_graphics_slots,False
acf:1847,acf:1847/acf:0004,NCGR,4,acf:1847/acf:0005,NCER,5,1,adjacent_graphics_slots,False
acf:1847,acf:1847/acf:0005,NCER,5,acf:1847/acf:0006,NCER,6,1,adjacent_graphics_slots,False
acf:1847,acf:1847/acf:0006,NCER,6,acf:1847/acf:0007,NCER,7,1,adjacent_graphics_slots,False
acf:1847,acf:1847/acf:0007,NCER,7,acf:1847/acf:0008,NCER,8,1,adjacent_graphics_slots,False
acf:1847,acf:1847/acf:0008,NCER,8,acf:1847/acf:0009,NCER,9,1,adjacent_graphics_slots,False
acf:1848,acf:1848/acf:0001,NCLR,1,acf:1848/acf:0002,NCGR,2,1,adjacent_graphics_slots,False
acf:1848,acf:1848/acf:0002,NCGR,2,acf:1848/acf:0003,NCGR,3,1,adjacent_graphics_slots,False
acf:1848,acf:1848/acf:0003,NCGR,3,acf:1848/acf:0004,NCGR,4,1,adjacent_graphics_slots,False
acf:1848,acf:1848/acf:0004,NCGR,4,acf:1848/acf:0005,NCGR,5,1,adjacent_graphics_slots,False
acf:1848,acf:1848/acf:0005,NCGR,5,acf:1848/acf:0006,NCER,6,1,adjacent_graphics_slots,False
acf:1848,acf:1848/acf:0006,NCER,6,acf:1848/acf:0007,NCER,7,1,adjacent_graphics_slots,False
acf:1848,acf:1848/acf:0007,NCER,7,acf:1848/acf:0008,NCER,8,1,adjacent_graphics_slots,False
acf:1848,acf:1848/acf:0008,NCER,8,acf:1848/acf:0009,NCER,9,1,adjacent_graphics_slots,False
acf:1848,acf:1848/acf:0009,NCER,9,acf:1848/acf:0010,NCER,10,1,adjacent_graphics_slots,False
acf:1848,acf:1848/acf:0010,NCER,10,acf:1848/acf:0011,NCER,11,1,adjacent_graphics_slots,False
acf:1848,acf:1848/acf:0011,NCER,11,acf:1848/acf:0012,NCER,12,1,adjacent_graphics_slots,False
acf:1849,acf:1849/acf:0001,NCLR,1,acf:1849/acf:0002,NCGR,2,1,adjacent_graphics_slots,False
acf:1849,acf:1849/acf:0002,NCGR,2,acf:1849/acf:0003,NCGR,3,1,adjacent_graphics_slots,False
acf:1849,acf:1849/acf:0003,NCGR,3,acf:1849/acf:0004,NCGR,4,1,adjacent_graphics_slots,False
acf:1849,acf:1849/acf:0004,NCGR,4,acf:1849/acf:0005,NCER,5,1,adjacent_graphics_slots,False
acf:1849,acf:1849/acf:0005,NCER,5,acf:1849/acf:0006,NCER,6,1,adjacent_graphics_slots,False
acf:1849,acf:1849/acf:0006,NCER,6,acf:1849/acf:0007,NCER,7,1,adjacent_graphics_slots,False
acf:1849,acf:1849/acf:0007,NCER,7,acf:1849/acf:0008,NCER,8,1,adjacent_graphics_slots,False
acf:1849,acf:1849/acf:0008,NCER,8,acf:1849/acf:0009,NCER,9,1,adjacent_graphics_slots,False
acf:1850,acf:1850/acf:0001,NCLR,1,acf:1850/acf:0002,NCGR,2,1,adjacent_graphics_slots,False
acf:1850,acf:1850/acf:0002,NCGR,2,acf:1850/acf:0003,NCGR,3,1,adjacent_graphics_slots,False
acf:1850,acf:1850/acf:0003,NCGR,3,acf:1850/acf:0004,NCGR,4,1,adjacent_graphics_slots,False
acf:1850,acf:1850/acf:0004,NCGR,4,acf:1850/acf:0005,NCER,5,1,adjacent_graphics_slots,False
acf:1850,acf:1850/acf:0005,NCER,5,acf:1850/acf:0006,NCER,6,1,adjacent_graphics_slots,False
acf:1850,acf:1850/acf:0006,NCER,6,acf:1850/acf:0007,NCER,7,1,adjacent_graphics_slots,False
acf:1850,acf:1850/acf:0007,NCER,7,acf:1850/acf:0008,NCER,8,1,adjacent_graphics_slots,False
acf:1850,acf:1850/acf:0008,NCER,8,acf:1850/acf:0009,NCER,9,1,adjacent_graphics_slots,False
acf:1850,acf:1850/acf:0009,NCER,9,acf:1850/acf:0010,NCER,10,1,adjacent_graphics_slots,False
acf:1851,acf:1851/acf:0001,NCLR,1,acf:1851/acf:0002,NCGR,2,1,adjacent_graphics_slots,False
acf:1851,acf:1851/acf:0002,NCGR,2,acf:1851/acf:0003,NCGR,3,1,adjacent_graphics_slots,False
acf:1851,acf:1851/acf:0003,NCGR,3,acf:1851/acf:0004,NCGR,4,1,adjacent_graphics_slots,False
acf:1851,acf:1851/acf:0004,NCGR,4,acf:1851/acf:0005,NCGR,5,1,adjacent_graphics_slots,False
acf:1851,acf:1851/acf:0005,NCGR,5,acf:1851/acf:0006,NCER,6,1,adjacent_graphics_slots,False
acf:1851,acf:1851/acf:0006,NCER,6,acf:1851/acf:0007,NCER,7,1,adjacent_graphics_slots,False
acf:1851,acf:1851/acf:0007,NCER,7,acf:1851/acf:0008,NCER,8,1,adjacent_graphics_slots,False
acf:1851,acf:1851/acf:0008,NCER,8,acf:1851/acf:0009,NCER,9,1,adjacent_graphics_slots,False
acf:1851,acf:1851/acf:0009,NCER,9,acf:1851/acf:0010,NCER,10,1,adjacent_graphics_slots,False
acf:1851,acf:1851/acf:0010,NCER,10,acf:1851/acf:0011,NCER,11,1,adjacent_graphics_slots,False
acf:1851,acf:1851/acf:0011,NCER,11,acf:1851/acf:0012,NCER,12,1,adjacent_graphics_slots,False
acf:1851,acf:1851/acf:0012,NCER,12,acf:1851/acf:0013,NCER,13,1,adjacent_graphics_slots,False
acf:1852,acf:1852/acf:0001,NCLR,1,acf:1852/acf:0002,NCGR,2,1,adjacent_graphics_slots,False
acf:1852,acf:1852/acf:0002,NCGR,2,acf:1852/acf:0003,NCGR,3,1,adjacent_graphics_slots,False
acf:1852,acf:1852/acf:0003,NCGR,3,acf:1852/acf:0004,NCGR,4,1,adjacent_graphics_slots,False
acf:1852,acf:1852/acf:0004,NCGR,4,acf:1852/acf:0005,NCGR,5,1,adjacent_graphics_slots,False
acf:1852,acf:1852/acf:0005,NCGR,5,acf:1852/acf:0006,NCER,6,1,adjacent_graphics_slots,False
acf:1852,acf:1852/acf:0006,NCER,6,acf:1852/acf:0007,NCER,7,1,adjacent_graphics_slots,False
acf:1852,acf:1852/acf:0007,NCER,7,acf:1852/acf:0008,NCER,8,1,adjacent_graphics_slots,False
acf:1852,acf:1852/acf:0008,NCER,8,acf:1852/acf:0009,NCER,9,1,adjacent_graphics_slots,False
acf:1852,acf:1852/acf:0009,NCER,9,acf:1852/acf:0010,NCER,10,1,adjacent_graphics_slots,False
acf:1852,acf:1852/acf:0010,NCER,10,acf:1852/acf:0011,NCER,11,1,adjacent_graphics_slots,False
acf:1852,acf:1852/acf:0011,NCER,11,acf:1852/acf:0012,NCER,12,1,adjacent_graphics_slots,False
acf:1852,acf:1852/acf:0012,NCER,12,acf:1852/acf:0013,NCER,13,1,adjacent_graphics_slots,False
acf:1852,acf:1852/acf:0013,NCER,13,acf:1852/acf:0014,NCER,14,1,adjacent_graphics_slots,False
acf:1853,acf:1853/acf:0001,NCLR,1,acf:1853/acf:0002,NCGR,2,1,adjacent_graphics_slots,False
acf:1853,acf:1853/acf:0002,NCGR,2,acf:1853/acf:0003,NCGR,3,1,adjacent_graphics_slots,False
acf:1853,acf:1853/acf:0003,NCGR,3,acf:1853/acf:0004,NCGR,4,1,adjacent_graphics_slots,False
acf:1853,acf:1853/acf:0004,NCGR,4,acf:1853/acf:0005,NCER,5,1,adjacent_graphics_slots,False
acf:1853,acf:1853/acf:0005,NCER,5,acf:1853/acf:0006,NCER,6,1,adjacent_graphics_slots,False
acf:1853,acf:1853/acf:0006,NCER,6,acf:1853/acf:0007,NCER,7,1,adjacent_graphics_slots,False
acf:1853,acf:1853/acf:0007,NCER,7,acf:1853/acf:0008,NCER,8,1,adjacent_graphics_slots,False
acf:1853,acf:1853/acf:0008,NCER,8,acf:1853/acf:0009,NCER,9,1,adjacent_graphics_slots,False
acf:1854,acf:1854/acf:0001,NCLR,1,acf:1854/acf:0002,NCGR,2,1,adjacent_graphics_slots,False
acf:1854,acf:1854/acf:0002,NCGR,2,acf:1854/acf:0003,NCGR,3,1,adjacent_graphics_slots,False
acf:1854,acf:1854/acf:0003,NCGR,3,acf:1854/acf:0004,NCGR,4,1,adjacent_graphics_slots,False
acf:1854,acf:1854/acf:0004,NCGR,4,acf:1854/acf:0005,NCGR,5,1,adjacent_graphics_slots,False
acf:1854,acf:1854/acf:0005,NCGR,5,acf:1854/acf:0006,NCER,6,1,adjacent_graphics_slots,False
acf:1854,acf:1854/acf:0006,NCER,6,acf:1854/acf:0007,NCER,7,1,adjacent_graphics_slots,False
acf:1854,acf:1854/acf:0007,NCER,7,acf:1854/acf:0008,NCER,8,1,adjacent_graphics_slots,False
acf:1854,acf:1854/acf:0008,NCER,8,acf:1854/acf:0009,NCER,9,1,adjacent_graphics_slots,False
acf:1854,acf:1854/acf:0009,NCER,9,acf:1854/acf:0010,NCER,10,1,adjacent_graphics_slots,False
acf:1854,acf:1854/acf:0010,NCER,10,acf:1854/acf:0011,NCER,11,1,adjacent_graphics_slots,False
acf:1854,acf:1854/acf:0011,NCER,11,acf:1854/acf:0012,NCER,12,1,adjacent_graphics_slots,False
acf:1855,acf:1855/acf:0001,NCLR,1,acf:1855/acf:0002,NCGR,2,1,adjacent_graphics_slots,False
acf:1855,acf:1855/acf:0002,NCGR,2,acf:1855/acf:0003,NCGR,3,1,adjacent_graphics_slots,False
acf:1855,acf:1855/acf:0003,NCGR,3,acf:1855/acf:0004,NCGR,4,1,adjacent_graphics_slots,False
acf:1855,acf:1855/acf:0004,NCGR,4,acf:1855/acf:0005,NCGR,5,1,adjacent_graphics_slots,False
acf:1855,acf:1855/acf:0005,NCGR,5,acf:1855/acf:0006,NCER,6,1,adjacent_graphics_slots,False
acf:1855,acf:1855/acf:0006,NCER,6,acf:1855/acf:0007,NCER,7,1,adjacent_graphics_slots,False
acf:1855,acf:1855/acf:0007,NCER,7,acf:1855/acf:0008,NCER,8,1,adjacent_graphics_slots,False
acf:1855,acf:1855/acf:0008,NCER,8,acf:1855/acf:0009,NCER,9,1,adjacent_graphics_slots,False
acf:1855,acf:1855/acf:0009,NCER,9,acf:1855/acf:0010,NCER,10,1,adjacent_graphics_slots,False
acf:1855,acf:1855/acf:0010,NCER,10,acf:1855/acf:0011,NCER,11,1,adjacent_graphics_slots,False
acf:1855,acf:1855/acf:0011,NCER,11,acf:1855/acf:0012,NCER,12,1,adjacent_graphics_slots,False
acf:1856,acf:1856/acf:0001,NCLR,1,acf:1856/acf:0002,NCGR,2,1,adjacent_graphics_slots,False
acf:1856,acf:1856/acf:0002,NCGR,2,acf:1856/acf:0003,NCGR,3,1,adjacent_graphics_slots,False
acf:1856,acf:1856/acf:0003,NCGR,3,acf:1856/acf:0004,NCGR,4,1,adjacent_graphics_slots,False
acf:1856,acf:1856/acf:0004,NCGR,4,acf:1856/acf:0005,NCER,5,1,adjacent_graphics_slots,False
acf:1856,acf:1856/acf:0005,NCER,5,acf:1856/acf:0006,NCER,6,1,adjacent_graphics_slots,False
acf:1856,acf:1856/acf:0006,NCER,6,acf:1856/acf:0007,NCER,7,1,adjacent_graphics_slots,False
acf:1856,acf:1856/acf:0007,NCER,7,acf:1856/acf:0008,NCER,8,1,adjacent_graphics_slots,False
acf:1856,acf:1856/acf:0008,NCER,8,acf:1856/acf:0009,NCER,9,1,adjacent_graphics_slots,False
acf:1857,acf:1857/acf:0001,NCLR,1,acf:1857/acf:0002,NCGR,2,1,adjacent_graphics_slots,False
acf:1857,acf:1857/acf:0002,NCGR,2,acf:1857/acf:0003,NCGR,3,1,adjacent_graphics_slots,False
acf:1857,acf:1857/acf:0003,NCGR,3,acf:1857/acf:0004,NCGR,4,1,adjacent_graphics_slots,False
acf:1857,acf:1857/acf:0004,NCGR,4,acf:1857/acf:0005,NCGR,5,1,adjacent_graphics_slots,False
acf:1857,acf:1857/acf:0005,NCGR,5,acf:1857/acf:0006,NCER,6,1,adjacent_graphics_slots,False
acf:1857,acf:1857/acf:0006,NCER,6,acf:1857/acf:0007,NCER,7,1,adjacent_graphics_slots,False
acf:1857,acf:1857/acf:0007,NCER,7,acf:1857/acf:0008,NCER,8,1,adjacent_graphics_slots,False
acf:1857,acf:1857/acf:0008,NCER,8,acf:1857/acf:0009,NCER,9,1,adjacent_graphics_slots,False
acf:1857,acf:1857/acf:0009,NCER,9,acf:1857/acf:0010,NCER,10,1,adjacent_graphics_slots,False
acf:1857,acf:1857/acf:0010,NCER,10,acf:1857/acf:0011,NCER,11,1,adjacent_graphics_slots,False
acf:1857,acf:1857/acf:0011,NCER,11,acf:1857/acf:0012,NCER,12,1,adjacent_graphics_slots,False
acf:1857,acf:1857/acf:0012,NCER,12,acf:1857/acf:0013,NCER,13,1,adjacent_graphics_slots,False
acf:1858,acf:1858/acf:0001,NCLR,1,acf:1858/acf:0002,NCGR,2,1,adjacent_graphics_slots,False
acf:1858,acf:1858/acf:0002,NCGR,2,acf:1858/acf:0003,NCGR,3,1,adjacent_graphics_slots,False
acf:1858,acf:1858/acf:0003,NCGR,3,acf:1858/acf:0004,NCGR,4,1,adjacent_graphics_slots,False
acf:1858,acf:1858/acf:0004,NCGR,4,acf:1858/acf:0005,NCGR,5,1,adjacent_graphics_slots,False
acf:1858,acf:1858/acf:0005,NCGR,5,acf:1858/acf:0006,NCER,6,1,adjacent_graphics_slots,False
acf:1858,acf:1858/acf:0006,NCER,6,acf:1858/acf:0007,NCER,7,1,adjacent_graphics_slots,False
acf:1858,acf:1858/acf:0007,NCER,7,acf:1858/acf:0008,NCER,8,1,adjacent_graphics_slots,False
acf:1858,acf:1858/acf:0008,NCER,8,acf:1858/acf:0009,NCER,9,1,adjacent_graphics_slots,False
acf:1858,acf:1858/acf:0009,NCER,9,acf:1858/acf:0010,NCER,10,1,adjacent_graphics_slots,False
acf:1858,acf:1858/acf:0010,NCER,10,acf:1858/acf:0011,NCER,11,1,adjacent_graphics_slots,False
acf:1859,acf:1859/acf:0001,NCLR,1,acf:1859/acf:0002,NCGR,2,1,adjacent_graphics_slots,False
acf:1859,acf:1859/acf:0002,NCGR,2,acf:1859/acf:0003,NCGR,3,1,adjacent_graphics_slots,False
acf:1859,acf:1859/acf:0003,NCGR,3,acf:1859/acf:0004,NCGR,4,1,adjacent_graphics_slots,False
acf:1859,acf:1859/acf:0004,NCGR,4,acf:1859/acf:0005,NCGR,5,1,adjacent_graphics_slots,False
acf:1859,acf:1859/acf:0005,NCGR,5,acf:1859/acf:0006,NCER,6,1,adjacent_graphics_slots,False
acf:1859,acf:1859/acf:0006,NCER,6,acf:1859/acf:0007,NCER,7,1,adjacent_graphics_slots,False
acf:1859,acf:1859/acf:0007,NCER,7,acf:1859/acf:0008,NCER,8,1,adjacent_graphics_slots,False
acf:1859,acf:1859/acf:0008,NCER,8,acf:1859/acf:0009,NCER,9,1,adjacent_graphics_slots,False
acf:1859,acf:1859/acf:0009,NCER,9,acf:1859/acf:0010,NCER,10,1,adjacent_graphics_slots,False
acf:1859,acf:1859/acf:0010,NCER,10,acf:1859/acf:0011,NCER,11,1,adjacent_graphics_slots,False
acf:1859,acf:1859/acf:0011,NCER,11,acf:1859/acf:0012,NCER,12,1,adjacent_graphics_slots,False
acf:1860,acf:1860/acf:0001,NCLR,1,acf:1860/acf:0002,NCGR,2,1,adjacent_graphics_slots,False
acf:1860,acf:1860/acf:0002,NCGR,2,acf:1860/acf:0003,NCGR,3,1,adjacent_graphics_slots,False
acf:1860,acf:1860/acf:0003,NCGR,3,acf:1860/acf:0004,NCGR,4,1,adjacent_graphics_slots,False
acf:1860,acf:1860/acf:0004,NCGR,4,acf:1860/acf:0005,NCER,5,1,adjacent_graphics_slots,False
acf:1860,acf:1860/acf:0005,NCER,5,acf:1860/acf:0006,NCER,6,1,adjacent_graphics_slots,False
acf:1860,acf:1860/acf:0006,NCER,6,acf:1860/acf:0007,NCER,7,1,adjacent_graphics_slots,False
acf:1860,acf:1860/acf:0007,NCER,7,acf:1860/acf:0008,NCER,8,1,adjacent_graphics_slots,False
acf:1860,acf:1860/acf:0008,NCER,8,acf:1860/acf:0009,NCER,9,1,adjacent_graphics_slots,False
acf:1860,acf:1860/acf:0009,NCER,9,acf:1860/acf:0010,NCER,10,1,adjacent_graphics_slots,False
acf:1861,acf:1861/acf:0001,NCLR,1,acf:1861/acf:0002,NCGR,2,1,adjacent_graphics_slots,False
acf:1861,acf:1861/acf:0002,NCGR,2,acf:1861/acf:0003,NCGR,3,1,adjacent_graphics_slots,False
acf:1861,acf:1861/acf:0003,NCGR,3,acf:1861/acf:0004,NCGR,4,1,adjacent_graphics_slots,False
acf:1861,acf:1861/acf:0004,NCGR,4,acf:1861/acf:0005,NCER,5,1,adjacent_graphics_slots,False
acf:1861,acf:1861/acf:0005,NCER,5,acf:1861/acf:0006,NCER,6,1,adjacent_graphics_slots,False
acf:1861,acf:1861/acf:0006,NCER,6,acf:1861/acf:0007,NCER,7,1,adjacent_graphics_slots,False
acf:1861,acf:1861/acf:0007,NCER,7,acf:1861/acf:0008,NCER,8,1,adjacent_graphics_slots,False
acf:1861,acf:1861/acf:0008,NCER,8,acf:1861/acf:0009,NCER,9,1,adjacent_graphics_slots,False
acf:1862,acf:1862/acf:0001,NCLR,1,acf:1862/acf:0002,NCGR,2,1,adjacent_graphics_slots,False
acf:1862,acf:1862/acf:0002,NCGR,2,acf:1862/acf:0003,NCGR,3,1,adjacent_graphics_slots,False
acf:1862,acf:1862/acf:0003,NCGR,3,acf:1862/acf:0004,NCGR,4,1,adjacent_graphics_slots,False
acf:1862,acf:1862/acf:0004,NCGR,4,acf:1862/acf:0005,NCER,5,1,adjacent_graphics_slots,False
acf:1862,acf:1862/acf:0005,NCER,5,acf:1862/acf:0006,NCER,6,1,adjacent_graphics_slots,False
acf:1862,acf:1862/acf:0006,NCER,6,acf:1862/acf:0007,NCER,7,1,adjacent_graphics_slots,False
acf:1862,acf:1862/acf:0007,NCER,7,acf:1862/acf:0008,NCER,8,1,adjacent_graphics_slots,False
acf:1862,acf:1862/acf:0008,NCER,8,acf:1862/acf:0009,NCER,9,1,adjacent_graphics_slots,False
acf:1863,acf:1863/acf:0001,NCLR,1,acf:1863/acf:0002,NCGR,2,1,adjacent_graphics_slots,False
acf:1863,acf:1863/acf:0002,NCGR,2,acf:1863/acf:0003,NCGR,3,1,adjacent_graphics_slots,False
acf:1863,acf:1863/acf:0003,NCGR,3,acf:1863/acf:0004,NCGR,4,1,adjacent_graphics_slots,False
acf:1863,acf:1863/acf:0004,NCGR,4,acf:1863/acf:0005,NCER,5,1,adjacent_graphics_slots,False
acf:1863,acf:1863/acf:0005,NCER,5,acf:1863/acf:0006,NCER,6,1,adjacent_graphics_slots,False
acf:1863,acf:1863/acf:0006,NCER,6,acf:1863/acf:0007,NCER,7,1,adjacent_graphics_slots,False
acf:1863,acf:1863/acf:0007,NCER,7,acf:1863/acf:0008,NCER,8,1,adjacent_graphics_slots,False
acf:1863,acf:1863/acf:0008,NCER,8,acf:1863/acf:0009,NCER,9,1,adjacent_graphics_slots,False
acf:1864,acf:1864/acf:0001,NCLR,1,acf:1864/acf:0002,NCGR,2,1,adjacent_graphics_slots,False
acf:1864,acf:1864/acf:0002,NCGR,2,acf:1864/acf:0003,NCGR,3,1,adjacent_graphics_slots,False
acf:1864,acf:1864/acf:0003,NCGR,3,acf:1864/acf:0004,NCGR,4,1,adjacent_graphics_slots,False
acf:1864,acf:1864/acf:0004,NCGR,4,acf:1864/acf:0005,NCGR,5,1,adjacent_graphics_slots,False
acf:1864,acf:1864/acf:0005,NCGR,5,acf:1864/acf:0006,NCER,6,1,adjacent_graphics_slots,False
acf:1864,acf:1864/acf:0006,NCER,6,acf:1864/acf:0007,NCER,7,1,adjacent_graphics_slots,False
acf:1864,acf:1864/acf:0007,NCER,7,acf:1864/acf:0008,NCER,8,1,adjacent_graphics_slots,False
acf:1864,acf:1864/acf:0008,NCER,8,acf:1864/acf:0009,NCER,9,1,adjacent_graphics_slots,False
acf:1864,acf:1864/acf:0009,NCER,9,acf:1864/acf:0010,NCER,10,1,adjacent_graphics_slots,False
acf:1864,acf:1864/acf:0010,NCER,10,acf:1864/acf:0011,NCER,11,1,adjacent_graphics_slots,False
acf:1864,acf:1864/acf:0011,NCER,11,acf:1864/acf:0012,NCER,12,1,adjacent_graphics_slots,False
acf:1865,acf:1865/acf:0001,NCLR,1,acf:1865/acf:0002,NCGR,2,1,adjacent_graphics_slots,False
acf:1865,acf:1865/acf:0002,NCGR,2,acf:1865/acf:0003,NCGR,3,1,adjacent_graphics_slots,False
acf:1865,acf:1865/acf:0003,NCGR,3,acf:1865/acf:0004,NCGR,4,1,adjacent_graphics_slots,False
acf:1865,acf:1865/acf:0004,NCGR,4,acf:1865/acf:0005,NCGR,5,1,adjacent_graphics_slots,False
acf:1865,acf:1865/acf:0005,NCGR,5,acf:1865/acf:0006,NCER,6,1,adjacent_graphics_slots,False
acf:1865,acf:1865/acf:0006,NCER,6,acf:1865/acf:0007,NCER,7,1,adjacent_graphics_slots,False
acf:1865,acf:1865/acf:0007,NCER,7,acf:1865/acf:0008,NCER,8,1,adjacent_graphics_slots,False
acf:1865,acf:1865/acf:0008,NCER,8,acf:1865/acf:0009,NCER,9,1,adjacent_graphics_slots,False
acf:1865,acf:1865/acf:0009,NCER,9,acf:1865/acf:0010,NCER,10,1,adjacent_graphics_slots,False
acf:1865,acf:1865/acf:0010,NCER,10,acf:1865/acf:0011,NCER,11,1,adjacent_graphics_slots,False
acf:1865,acf:1865/acf:0011,NCER,11,acf:1865/acf:0012,NCER,12,1,adjacent_graphics_slots,False
acf:1866,acf:1866/acf:0001,NCLR,1,acf:1866/acf:0002,NCGR,2,1,adjacent_graphics_slots,False
acf:1866,acf:1866/acf:0002,NCGR,2,acf:1866/acf:0003,NCGR,3,1,adjacent_graphics_slots,False
acf:1866,acf:1866/acf:0003,NCGR,3,acf:1866/acf:0004,NCGR,4,1,adjacent_graphics_slots,False
acf:1866,acf:1866/acf:0004,NCGR,4,acf:1866/acf:0005,NCGR,5,1,adjacent_graphics_slots,False
acf:1866,acf:1866/acf:0005,NCGR,5,acf:1866/acf:0006,NCER,6,1,adjacent_graphics_slots,False
acf:1866,acf:1866/acf:0006,NCER,6,acf:1866/acf:0007,NCER,7,1,adjacent_graphics_slots,False
acf:1866,acf:1866/acf:0007,NCER,7,acf:1866/acf:0008,NCER,8,1,adjacent_graphics_slots,False
acf:1866,acf:1866/acf:0008,NCER,8,acf:1866/acf:0009,NCER,9,1,adjacent_graphics_slots,False
acf:1866,acf:1866/acf:0009,NCER,9,acf:1866/acf:0010,NCER,10,1,adjacent_graphics_slots,False
acf:1866,acf:1866/acf:0010,NCER,10,acf:1866/acf:0011,NCER,11,1,adjacent_graphics_slots,False
acf:1866,acf:1866/acf:0011,NCER,11,acf:1866/acf:0012,NCER,12,1,adjacent_graphics_slots,False
acf:1867,acf:1867/acf:0001,NCLR,1,acf:1867/acf:0002,NCGR,2,1,adjacent_graphics_slots,False
acf:1867,acf:1867/acf:0002,NCGR,2,acf:1867/acf:0003,NCER,3,1,adjacent_graphics_slots,False
acf:1867,acf:1867/acf:0003,NCER,3,acf:1867/acf:0004,NCER,4,1,adjacent_graphics_slots,False
acf:1868,acf:1868/acf:0001,NCLR,1,acf:1868/acf:0002,NCGR,2,1,adjacent_graphics_slots,False
acf:1868,acf:1868/acf:0002,NCGR,2,acf:1868/acf:0003,NCGR,3,1,adjacent_graphics_slots,False
acf:1868,acf:1868/acf:0003,NCGR,3,acf:1868/acf:0004,NCGR,4,1,adjacent_graphics_slots,False
acf:1868,acf:1868/acf:0004,NCGR,4,acf:1868/acf:0005,NCER,5,1,adjacent_graphics_slots,False
acf:1868,acf:1868/acf:0005,NCER,5,acf:1868/acf:0006,NCER,6,1,adjacent_graphics_slots,False
acf:1868,acf:1868/acf:0006,NCER,6,acf:1868/acf:0007,NCER,7,1,adjacent_graphics_slots,False
acf:1868,acf:1868/acf:0007,NCER,7,acf:1868/acf:0008,NCER,8,1,adjacent_graphics_slots,False
acf:1868,acf:1868/acf:0008,NCER,8,acf:1868/acf:0009,NCER,9,1,adjacent_graphics_slots,False
acf:1869,acf:1869/acf:0001,NCLR,1,acf:1869/acf:0002,NCGR,2,1,adjacent_graphics_slots,False
acf:1869,acf:1869/acf:0002,NCGR,2,acf:1869/acf:0003,NCGR,3,1,adjacent_graphics_slots,False
acf:1869,acf:1869/acf:0003,NCGR,3,acf:1869/acf:0004,NCGR,4,1,adjacent_graphics_slots,False
acf:1869,acf:1869/acf:0004,NCGR,4,acf:1869/acf:0005,NCER,5,1,adjacent_graphics_slots,False
acf:1869,acf:1869/acf:0005,NCER,5,acf:1869/acf:0006,NCER,6,1,adjacent_graphics_slots,False
acf:1869,acf:1869/acf:0006,NCER,6,acf:1869/acf:0007,NCER,7,1,adjacent_graphics_slots,False
acf:1869,acf:1869/acf:0007,NCER,7,acf:1869/acf:0008,NCER,8,1,adjacent_graphics_slots,False
acf:1869,acf:1869/acf:0008,NCER,8,acf:1869/acf:0009,NCER,9,1,adjacent_graphics_slots,False
acf:1870,acf:1870/acf:0001,NCLR,1,acf:1870/acf:0002,NCGR,2,1,adjacent_graphics_slots,False
acf:1870,acf:1870/acf:0002,NCGR,2,acf:1870/acf:0003,NCGR,3,1,adjacent_graphics_slots,False
acf:1870,acf:1870/acf:0003,NCGR,3,acf:1870/acf:0004,NCGR,4,1,adjacent_graphics_slots,False
acf:1870,acf:1870/acf:0004,NCGR,4,acf:1870/acf:0005,NCER,5,1,adjacent_graphics_slots,False
acf:1870,acf:1870/acf:0005,NCER,5,acf:1870/acf:0006,NCER,6,1,adjacent_graphics_slots,False
acf:1870,acf:1870/acf:0006,NCER,6,acf:1870/acf:0007,NCER,7,1,adjacent_graphics_slots,False
acf:1870,acf:1870/acf:0007,NCER,7,acf:1870/acf:0008,NCER,8,1,adjacent_graphics_slots,False
acf:1870,acf:1870/acf:0008,NCER,8,acf:1870/acf:0009,NCER,9,1,adjacent_graphics_slots,False
acf:1870,acf:1870/acf:0009,NCER,9,acf:1870/acf:0010,NCER,10,1,adjacent_graphics_slots,False
acf:1871,acf:1871/acf:0001,NCLR,1,acf:1871/acf:0002,NCGR,2,1,adjacent_graphics_slots,False
acf:1871,acf:1871/acf:0002,NCGR,2,acf:1871/acf:0003,NCGR,3,1,adjacent_graphics_slots,False
acf:1871,acf:1871/acf:0003,NCGR,3,acf:1871/acf:0004,NCGR,4,1,adjacent_graphics_slots,False
acf:1871,acf:1871/acf:0004,NCGR,4,acf:1871/acf:0005,NCER,5,1,adjacent_graphics_slots,False
acf:1871,acf:1871/acf:0005,NCER,5,acf:1871/acf:0006,NCER,6,1,adjacent_graphics_slots,False
acf:1871,acf:1871/acf:0006,NCER,6,acf:1871/acf:0007,NCER,7,1,adjacent_graphics_slots,False
acf:1871,acf:1871/acf:0007,NCER,7,acf:1871/acf:0008,NCER,8,1,adjacent_graphics_slots,False
acf:1871,acf:1871/acf:0008,NCER,8,acf:1871/acf:0009,NCER,9,1,adjacent_graphics_slots,False
acf:1872,acf:1872/acf:0001,NCLR,1,acf:1872/acf:0002,NCGR,2,1,adjacent_graphics_slots,False
acf:1872,acf:1872/acf:0002,NCGR,2,acf:1872/acf:0003,NCGR,3,1,adjacent_graphics_slots,False
acf:1872,acf:1872/acf:0003,NCGR,3,acf:1872/acf:0004,NCGR,4,1,adjacent_graphics_slots,False
acf:1872,acf:1872/acf:0004,NCGR,4,acf:1872/acf:0005,NCER,5,1,adjacent_graphics_slots,False
acf:1872,acf:1872/acf:0005,NCER,5,acf:1872/acf:0006,NCER,6,1,adjacent_graphics_slots,False
acf:1872,acf:1872/acf:0006,NCER,6,acf:1872/acf:0007,NCER,7,1,adjacent_graphics_slots,False
acf:1872,acf:1872/acf:0007,NCER,7,acf:1872/acf:0008,NCER,8,1,adjacent_graphics_slots,False
acf:1872,acf:1872/acf:0008,NCER,8,acf:1872/acf:0009,NCER,9,1,adjacent_graphics_slots,False
acf:1873,acf:1873/acf:0001,NCLR,1,acf:1873/acf:0002,NCGR,2,1,adjacent_graphics_slots,False
acf:1873,acf:1873/acf:0002,NCGR,2,acf:1873/acf:0003,NCER,3,1,adjacent_graphics_slots,False
acf:1874,acf:1874/acf:0001,NCLR,1,acf:1874/acf:0002,NCGR,2,1,adjacent_graphics_slots,False
acf:1874,acf:1874/acf:0002,NCGR,2,acf:1874/acf:0003,NCGR,3,1,adjacent_graphics_slots,False
acf:1874,acf:1874/acf:0003,NCGR,3,acf:1874/acf:0004,NCGR,4,1,adjacent_graphics_slots,False
acf:1874,acf:1874/acf:0004,NCGR,4,acf:1874/acf:0005,NCGR,5,1,adjacent_graphics_slots,False
acf:1874,acf:1874/acf:0005,NCGR,5,acf:1874/acf:0006,NCER,6,1,adjacent_graphics_slots,False
acf:1874,acf:1874/acf:0006,NCER,6,acf:1874/acf:0007,NCER,7,1,adjacent_graphics_slots,False
acf:1874,acf:1874/acf:0007,NCER,7,acf:1874/acf:0008,NCER,8,1,adjacent_graphics_slots,False
acf:1874,acf:1874/acf:0008,NCER,8,acf:1874/acf:0009,NCER,9,1,adjacent_graphics_slots,False
acf:1874,acf:1874/acf:0009,NCER,9,acf:1874/acf:0010,NCER,10,1,adjacent_graphics_slots,False
acf:1874,acf:1874/acf:0010,NCER,10,acf:1874/acf:0011,NCER,11,1,adjacent_graphics_slots,False
acf:1874,acf:1874/acf:0011,NCER,11,acf:1874/acf:0012,NCER,12,1,adjacent_graphics_slots,False
acf:1875,acf:1875/acf:0001,NCLR,1,acf:1875/acf:0002,NCGR,2,1,adjacent_graphics_slots,False
acf:1875,acf:1875/acf:0002,NCGR,2,acf:1875/acf:0003,NCGR,3,1,adjacent_graphics_slots,False
acf:1875,acf:1875/acf:0003,NCGR,3,acf:1875/acf:0004,NCGR,4,1,adjacent_graphics_slots,False
acf:1875,acf:1875/acf:0004,NCGR,4,acf:1875/acf:0005,NCER,5,1,adjacent_graphics_slots,False
acf:1875,acf:1875/acf:0005,NCER,5,acf:1875/acf:0006,NCER,6,1,adjacent_graphics_slots,False
acf:1875,acf:1875/acf:0006,NCER,6,acf:1875/acf:0007,NCER,7,1,adjacent_graphics_slots,False
acf:1875,acf:1875/acf:0007,NCER,7,acf:1875/acf:0008,NCER,8,1,adjacent_graphics_slots,False
acf:1875,acf:1875/acf:0008,NCER,8,acf:1875/acf:0009,NCER,9,1,adjacent_graphics_slots,False
acf:1876,acf:1876/acf:0001,NCLR,1,acf:1876/acf:0002,NCGR,2,1,adjacent_graphics_slots,False
acf:1876,acf:1876/acf:0002,NCGR,2,acf:1876/acf:0003,NCGR,3,1,adjacent_graphics_slots,False
acf:1876,acf:1876/acf:0003,NCGR,3,acf:1876/acf:0004,NCGR,4,1,adjacent_graphics_slots,False
acf:1876,acf:1876/acf:0004,NCGR,4,acf:1876/acf:0005,NCER,5,1,adjacent_graphics_slots,False
acf:1876,acf:1876/acf:0005,NCER,5,acf:1876/acf:0006,NCER,6,1,adjacent_graphics_slots,False
acf:1876,acf:1876/acf:0006,NCER,6,acf:1876/acf:0007,NCER,7,1,adjacent_graphics_slots,False
acf:1876,acf:1876/acf:0007,NCER,7,acf:1876/acf:0008,NCER,8,1,adjacent_graphics_slots,False
acf:1876,acf:1876/acf:0008,NCER,8,acf:1876/acf:0009,NCER,9,1,adjacent_graphics_slots,False
acf:1877,acf:1877/acf:0001,NCLR,1,acf:1877/acf:0002,NCGR,2,1,adjacent_graphics_slots,False
acf:1877,acf:1877/acf:0002,NCGR,2,acf:1877/acf:0003,NCGR,3,1,adjacent_graphics_slots,False
acf:1877,acf:1877/acf:0003,NCGR,3,acf:1877/acf:0004,NCGR,4,1,adjacent_graphics_slots,False
acf:1877,acf:1877/acf:0004,NCGR,4,acf:1877/acf:0005,NCER,5,1,adjacent_graphics_slots,False
acf:1877,acf:1877/acf:0005,NCER,5,acf:1877/acf:0006,NCER,6,1,adjacent_graphics_slots,False
acf:1877,acf:1877/acf:0006,NCER,6,acf:1877/acf:0007,NCER,7,1,adjacent_graphics_slots,False
acf:1877,acf:1877/acf:0007,NCER,7,acf:1877/acf:0008,NCER,8,1,adjacent_graphics_slots,False
acf:1877,acf:1877/acf:0008,NCER,8,acf:1877/acf:0009,NCER,9,1,adjacent_graphics_slots,False
acf:1878,acf:1878/acf:0001,NCLR,1,acf:1878/acf:0002,NCGR,2,1,adjacent_graphics_slots,False
acf:1878,acf:1878/acf:0002,NCGR,2,acf:1878/acf:0003,NCGR,3,1,adjacent_graphics_slots,False
acf:1878,acf:1878/acf:0003,NCGR,3,acf:1878/acf:0004,NCGR,4,1,adjacent_graphics_slots,False
acf:1878,acf:1878/acf:0004,NCGR,4,acf:1878/acf:0005,NCER,5,1,adjacent_graphics_slots,False
acf:1878,acf:1878/acf:0005,NCER,5,acf:1878/acf:0006,NCER,6,1,adjacent_graphics_slots,False
acf:1878,acf:1878/acf:0006,NCER,6,acf:1878/acf:0007,NCER,7,1,adjacent_graphics_slots,False
acf:1878,acf:1878/acf:0007,NCER,7,acf:1878/acf:0008,NCER,8,1,adjacent_graphics_slots,False
acf:1878,acf:1878/acf:0008,NCER,8,acf:1878/acf:0009,NCER,9,1,adjacent_graphics_slots,False
acf:1879,acf:1879/acf:0001,NCLR,1,acf:1879/acf:0002,NCGR,2,1,adjacent_graphics_slots,False
acf:1879,acf:1879/acf:0002,NCGR,2,acf:1879/acf:0003,NCGR,3,1,adjacent_graphics_slots,False
acf:1879,acf:1879/acf:0003,NCGR,3,acf:1879/acf:0004,NCGR,4,1,adjacent_graphics_slots,False
acf:1879,acf:1879/acf:0004,NCGR,4,acf:1879/acf:0005,NCER,5,1,adjacent_graphics_slots,False
acf:1879,acf:1879/acf:0005,NCER,5,acf:1879/acf:0006,NCER,6,1,adjacent_graphics_slots,False
acf:1879,acf:1879/acf:0006,NCER,6,acf:1879/acf:0007,NCER,7,1,adjacent_graphics_slots,False
acf:1879,acf:1879/acf:0007,NCER,7,acf:1879/acf:0008,NCER,8,1,adjacent_graphics_slots,False
acf:1879,acf:1879/acf:0008,NCER,8,acf:1879/acf:0009,NCER,9,1,adjacent_graphics_slots,False
acf:1880,acf:1880/acf:0001,NCLR,1,acf:1880/acf:0002,NCGR,2,1,adjacent_graphics_slots,False
acf:1880,acf:1880/acf:0002,NCGR,2,acf:1880/acf:0003,NCGR,3,1,adjacent_graphics_slots,False
acf:1880,acf:1880/acf:0003,NCGR,3,acf:1880/acf:0004,NCGR,4,1,adjacent_graphics_slots,False
acf:1880,acf:1880/acf:0004,NCGR,4,acf:1880/acf:0005,NCGR,5,1,adjacent_graphics_slots,False
acf:1880,acf:1880/acf:0005,NCGR,5,acf:1880/acf:0006,NCER,6,1,adjacent_graphics_slots,False
acf:1880,acf:1880/acf:0006,NCER,6,acf:1880/acf:0007,NCER,7,1,adjacent_graphics_slots,False
acf:1880,acf:1880/acf:0007,NCER,7,acf:1880/acf:0008,NCER,8,1,adjacent_graphics_slots,False
acf:1880,acf:1880/acf:0008,NCER,8,acf:1880/acf:0009,NCER,9,1,adjacent_graphics_slots,False
acf:1880,acf:1880/acf:0009,NCER,9,acf:1880/acf:0010,NCER,10,1,adjacent_graphics_slots,False
acf:1880,acf:1880/acf:0010,NCER,10,acf:1880/acf:0011,NCER,11,1,adjacent_graphics_slots,False
acf:1880,acf:1880/acf:0011,NCER,11,acf:1880/acf:0012,NCER,12,1,adjacent_graphics_slots,False
acf:1881,acf:1881/acf:0001,NCLR,1,acf:1881/acf:0002,NCGR,2,1,adjacent_graphics_slots,False
acf:1881,acf:1881/acf:0002,NCGR,2,acf:1881/acf:0003,NCGR,3,1,adjacent_graphics_slots,False
acf:1881,acf:1881/acf:0003,NCGR,3,acf:1881/acf:0004,NCGR,4,1,adjacent_graphics_slots,False
acf:1881,acf:1881/acf:0004,NCGR,4,acf:1881/acf:0005,NCER,5,1,adjacent_graphics_slots,False
acf:1881,acf:1881/acf:0005,NCER,5,acf:1881/acf:0006,NCER,6,1,adjacent_graphics_slots,False
acf:1881,acf:1881/acf:0006,NCER,6,acf:1881/acf:0007,NCER,7,1,adjacent_graphics_slots,False
acf:1881,acf:1881/acf:0007,NCER,7,acf:1881/acf:0008,NCER,8,1,adjacent_graphics_slots,False
acf:1881,acf:1881/acf:0008,NCER,8,acf:1881/acf:0009,NCER,9,1,adjacent_graphics_slots,False
acf:1882,acf:1882/acf:0001,NCLR,1,acf:1882/acf:0002,NCGR,2,1,adjacent_graphics_slots,False
acf:1882,acf:1882/acf:0002,NCGR,2,acf:1882/acf:0003,NCGR,3,1,adjacent_graphics_slots,False
acf:1882,acf:1882/acf:0003,NCGR,3,acf:1882/acf:0004,NCGR,4,1,adjacent_graphics_slots,False
acf:1882,acf:1882/acf:0004,NCGR,4,acf:1882/acf:0005,NCER,5,1,adjacent_graphics_slots,False
acf:1882,acf:1882/acf:0005,NCER,5,acf:1882/acf:0006,NCER,6,1,adjacent_graphics_slots,False
acf:1882,acf:1882/acf:0006,NCER,6,acf:1882/acf:0007,NCER,7,1,adjacent_graphics_slots,False
acf:1882,acf:1882/acf:0007,NCER,7,acf:1882/acf:0008,NCER,8,1,adjacent_graphics_slots,False
acf:1882,acf:1882/acf:0008,NCER,8,acf:1882/acf:0009,NCER,9,1,adjacent_graphics_slots,False
acf:1883,acf:1883/acf:0001,NCLR,1,acf:1883/acf:0002,NCGR,2,1,adjacent_graphics_slots,False
acf:1883,acf:1883/acf:0002,NCGR,2,acf:1883/acf:0003,NCGR,3,1,adjacent_graphics_slots,False
acf:1883,acf:1883/acf:0003,NCGR,3,acf:1883/acf:0004,NCGR,4,1,adjacent_graphics_slots,False
acf:1883,acf:1883/acf:0004,NCGR,4,acf:1883/acf:0005,NCER,5,1,adjacent_graphics_slots,False
acf:1883,acf:1883/acf:0005,NCER,5,acf:1883/acf:0006,NCER,6,1,adjacent_graphics_slots,False
acf:1883,acf:1883/acf:0006,NCER,6,acf:1883/acf:0007,NCER,7,1,adjacent_graphics_slots,False
acf:1883,acf:1883/acf:0007,NCER,7,acf:1883/acf:0008,NCER,8,1,adjacent_graphics_slots,False
acf:1883,acf:1883/acf:0008,NCER,8,acf:1883/acf:0009,NCER,9,1,adjacent_graphics_slots,False
acf:1884,acf:1884/acf:0001,NCLR,1,acf:1884/acf:0002,NCGR,2,1,adjacent_graphics_slots,False
acf:1884,acf:1884/acf:0002,NCGR,2,acf:1884/acf:0003,NCGR,3,1,adjacent_graphics_slots,False
acf:1884,acf:1884/acf:0003,NCGR,3,acf:1884/acf:0004,NCGR,4,1,adjacent_graphics_slots,False
acf:1884,acf:1884/acf:0004,NCGR,4,acf:1884/acf:0005,NCER,5,1,adjacent_graphics_slots,False
acf:1884,acf:1884/acf:0005,NCER,5,acf:1884/acf:0006,NCER,6,1,adjacent_graphics_slots,False
acf:1884,acf:1884/acf:0006,NCER,6,acf:1884/acf:0007,NCER,7,1,adjacent_graphics_slots,False
acf:1884,acf:1884/acf:0007,NCER,7,acf:1884/acf:0008,NCER,8,1,adjacent_graphics_slots,False
acf:1884,acf:1884/acf:0008,NCER,8,acf:1884/acf:0009,NCER,9,1,adjacent_graphics_slots,False
acf:1884,acf:1884/acf:0009,NCER,9,acf:1884/acf:0010,NCER,10,1,adjacent_graphics_slots,False
acf:1885,acf:1885/acf:0001,NCLR,1,acf:1885/acf:0002,NCGR,2,1,adjacent_graphics_slots,False
acf:1885,acf:1885/acf:0002,NCGR,2,acf:1885/acf:0003,NCGR,3,1,adjacent_graphics_slots,False
acf:1885,acf:1885/acf:0003,NCGR,3,acf:1885/acf:0004,NCGR,4,1,adjacent_graphics_slots,False
acf:1885,acf:1885/acf:0004,NCGR,4,acf:1885/acf:0005,NCER,5,1,adjacent_graphics_slots,False
acf:1885,acf:1885/acf:0005,NCER,5,acf:1885/acf:0006,NCER,6,1,adjacent_graphics_slots,False
acf:1885,acf:1885/acf:0006,NCER,6,acf:1885/acf:0007,NCER,7,1,adjacent_graphics_slots,False
acf:1885,acf:1885/acf:0007,NCER,7,acf:1885/acf:0008,NCER,8,1,adjacent_graphics_slots,False
acf:1885,acf:1885/acf:0008,NCER,8,acf:1885/acf:0009,NCER,9,1,adjacent_graphics_slots,False
acf:1886,acf:1886/acf:0001,NCLR,1,acf:1886/acf:0002,NCGR,2,1,adjacent_graphics_slots,False
acf:1886,acf:1886/acf:0002,NCGR,2,acf:1886/acf:0003,NCGR,3,1,adjacent_graphics_slots,False
acf:1886,acf:1886/acf:0003,NCGR,3,acf:1886/acf:0004,NCGR,4,1,adjacent_graphics_slots,False
acf:1886,acf:1886/acf:0004,NCGR,4,acf:1886/acf:0005,NCER,5,1,adjacent_graphics_slots,False
acf:1886,acf:1886/acf:0005,NCER,5,acf:1886/acf:0006,NCER,6,1,adjacent_graphics_slots,False
acf:1886,acf:1886/acf:0006,NCER,6,acf:1886/acf:0007,NCER,7,1,adjacent_graphics_slots,False
acf:1886,acf:1886/acf:0007,NCER,7,acf:1886/acf:0008,NCER,8,1,adjacent_graphics_slots,False
acf:1886,acf:1886/acf:0008,NCER,8,acf:1886/acf:0009,NCER,9,1,adjacent_graphics_slots,False
acf:1887,acf:1887/acf:0001,NCLR,1,acf:1887/acf:0002,NCGR,2,1,adjacent_graphics_slots,False
acf:1887,acf:1887/acf:0002,NCGR,2,acf:1887/acf:0003,NCGR,3,1,adjacent_graphics_slots,False
acf:1887,acf:1887/acf:0003,NCGR,3,acf:1887/acf:0004,NCGR,4,1,adjacent_graphics_slots,False
acf:1887,acf:1887/acf:0004,NCGR,4,acf:1887/acf:0005,NCER,5,1,adjacent_graphics_slots,False
acf:1887,acf:1887/acf:0005,NCER,5,acf:1887/acf:0006,NCER,6,1,adjacent_graphics_slots,False
acf:1887,acf:1887/acf:0006,NCER,6,acf:1887/acf:0007,NCER,7,1,adjacent_graphics_slots,False
acf:1887,acf:1887/acf:0007,NCER,7,acf:1887/acf:0008,NCER,8,1,adjacent_graphics_slots,False
acf:1887,acf:1887/acf:0008,NCER,8,acf:1887/acf:0009,NCER,9,1,adjacent_graphics_slots,False
acf:1888,acf:1888/acf:0001,NCLR,1,acf:1888/acf:0002,NCGR,2,1,adjacent_graphics_slots,False
acf:1888,acf:1888/acf:0002,NCGR,2,acf:1888/acf:0003,NCGR,3,1,adjacent_graphics_slots,False
acf:1888,acf:1888/acf:0003,NCGR,3,acf:1888/acf:0004,NCGR,4,1,adjacent_graphics_slots,False
acf:1888,acf:1888/acf:0004,NCGR,4,acf:1888/acf:0005,NCER,5,1,adjacent_graphics_slots,False
acf:1888,acf:1888/acf:0005,NCER,5,acf:1888/acf:0006,NCER,6,1,adjacent_graphics_slots,False
acf:1888,acf:1888/acf:0006,NCER,6,acf:1888/acf:0007,NCER,7,1,adjacent_graphics_slots,False
acf:1888,acf:1888/acf:0007,NCER,7,acf:1888/acf:0008,NCER,8,1,adjacent_graphics_slots,False
acf:1888,acf:1888/acf:0008,NCER,8,acf:1888/acf:0009,NCER,9,1,adjacent_graphics_slots,False
acf:1889,acf:1889/acf:0001,NCLR,1,acf:1889/acf:0002,NCGR,2,1,adjacent_graphics_slots,False
acf:1889,acf:1889/acf:0002,NCGR,2,acf:1889/acf:0003,NCGR,3,1,adjacent_graphics_slots,False
acf:1889,acf:1889/acf:0003,NCGR,3,acf:1889/acf:0004,NCGR,4,1,adjacent_graphics_slots,False
acf:1889,acf:1889/acf:0004,NCGR,4,acf:1889/acf:0005,NCER,5,1,adjacent_graphics_slots,False
acf:1889,acf:1889/acf:0005,NCER,5,acf:1889/acf:0006,NCER,6,1,adjacent_graphics_slots,False
acf:1889,acf:1889/acf:0006,NCER,6,acf:1889/acf:0007,NCER,7,1,adjacent_graphics_slots,False
acf:1889,acf:1889/acf:0007,NCER,7,acf:1889/acf:0008,NCER,8,1,adjacent_graphics_slots,False
acf:1889,acf:1889/acf:0008,NCER,8,acf:1889/acf:0009,NCER,9,1,adjacent_graphics_slots,False
acf:1890,acf:1890/acf:0001,NCLR,1,acf:1890/acf:0002,NCGR,2,1,adjacent_graphics_slots,False
acf:1890,acf:1890/acf:0002,NCGR,2,acf:1890/acf:0003,NCER,3,1,adjacent_graphics_slots,False
acf:1890,acf:1890/acf:0003,NCER,3,acf:1890/acf:0004,NCER,4,1,adjacent_graphics_slots,False
acf:1891,acf:1891/acf:0001,NCLR,1,acf:1891/acf:0002,NCGR,2,1,adjacent_graphics_slots,False
acf:1891,acf:1891/acf:0002,NCGR,2,acf:1891/acf:0003,NCER,3,1,adjacent_graphics_slots,False
acf:1891,acf:1891/acf:0003,NCER,3,acf:1891/acf:0004,NCER,4,1,adjacent_graphics_slots,False
acf:1892,acf:1892/acf:0001,NCLR,1,acf:1892/acf:0002,NCGR,2,1,adjacent_graphics_slots,False
acf:1892,acf:1892/acf:0002,NCGR,2,acf:1892/acf:0003,NCER,3,1,adjacent_graphics_slots,False
acf:1892,acf:1892/acf:0003,NCER,3,acf:1892/acf:0004,NCER,4,1,adjacent_graphics_slots,False
acf:1893,acf:1893/acf:0001,NCLR,1,acf:1893/acf:0002,NCGR,2,1,adjacent_graphics_slots,False
acf:1893,acf:1893/acf:0002,NCGR,2,acf:1893/acf:0003,NCER,3,1,adjacent_graphics_slots,False
acf:1893,acf:1893/acf:0003,NCER,3,acf:1893/acf:0004,NCER,4,1,adjacent_graphics_slots,False
acf:1894,acf:1894/acf:0001,NCLR,1,acf:1894/acf:0002,NCGR,2,1,adjacent_graphics_slots,False
acf:1894,acf:1894/acf:0002,NCGR,2,acf:1894/acf:0003,NCGR,3,1,adjacent_graphics_slots,False
acf:1894,acf:1894/acf:0003,NCGR,3,acf:1894/acf:0004,NCGR,4,1,adjacent_graphics_slots,False
acf:1894,acf:1894/acf:0004,NCGR,4,acf:1894/acf:0005,NCGR,5,1,adjacent_graphics_slots,False
acf:1894,acf:1894/acf:0005,NCGR,5,acf:1894/acf:0006,NCGR,6,1,adjacent_graphics_slots,False
acf:1894,acf:1894/acf:0006,NCGR,6,acf:1894/acf:0007,NCER,7,1,adjacent_graphics_slots,False
acf:1894,acf:1894/acf:0007,NCER,7,acf:1894/acf:0008,NCER,8,1,adjacent_graphics_slots,False
acf:1894,acf:1894/acf:0008,NCER,8,acf:1894/acf:0009,NCER,9,1,adjacent_graphics_slots,False
acf:1894,acf:1894/acf:0009,NCER,9,acf:1894/acf:0010,NCER,10,1,adjacent_graphics_slots,False
acf:1894,acf:1894/acf:0010,NCER,10,acf:1894/acf:0011,NCER,11,1,adjacent_graphics_slots,False
acf:1894,acf:1894/acf:0011,NCER,11,acf:1894/acf:0012,NCER,12,1,adjacent_graphics_slots,False
acf:1894,acf:1894/acf:0012,NCER,12,acf:1894/acf:0013,NCER,13,1,adjacent_graphics_slots,False
acf:1894,acf:1894/acf:0013,NCER,13,acf:1894/acf:0014,NCER,14,1,adjacent_graphics_slots,False
acf:1894,acf:1894/acf:0014,NCER,14,acf:1894/acf:0015,NCER,15,1,adjacent_graphics_slots,False
acf:1894,acf:1894/acf:0015,NCER,15,acf:1894/acf:0016,NCER,16,1,adjacent_graphics_slots,False
acf:1895,acf:1895/acf:0001,NCLR,1,acf:1895/acf:0002,NCGR,2,1,adjacent_graphics_slots,False
acf:1895,acf:1895/acf:0002,NCGR,2,acf:1895/acf:0003,NCGR,3,1,adjacent_graphics_slots,False
acf:1895,acf:1895/acf:0003,NCGR,3,acf:1895/acf:0004,NCGR,4,1,adjacent_graphics_slots,False
acf:1895,acf:1895/acf:0004,NCGR,4,acf:1895/acf:0005,NCGR,5,1,adjacent_graphics_slots,False
acf:1895,acf:1895/acf:0005,NCGR,5,acf:1895/acf:0006,NCER,6,1,adjacent_graphics_slots,False
acf:1895,acf:1895/acf:0006,NCER,6,acf:1895/acf:0007,NCER,7,1,adjacent_graphics_slots,False
acf:1895,acf:1895/acf:0007,NCER,7,acf:1895/acf:0008,NCER,8,1,adjacent_graphics_slots,False
acf:1895,acf:1895/acf:0008,NCER,8,acf:1895/acf:0009,NCER,9,1,adjacent_graphics_slots,False
acf:1895,acf:1895/acf:0009,NCER,9,acf:1895/acf:0010,NCER,10,1,adjacent_graphics_slots,False
acf:1895,acf:1895/acf:0010,NCER,10,acf:1895/acf:0011,NCER,11,1,adjacent_graphics_slots,False
acf:1895,acf:1895/acf:0011,NCER,11,acf:1895/acf:0012,NCER,12,1,adjacent_graphics_slots,False
acf:1896,acf:1896/acf:0001,NCLR,1,acf:1896/acf:0002,NCGR,2,1,adjacent_graphics_slots,False
acf:1896,acf:1896/acf:0002,NCGR,2,acf:1896/acf:0003,NCGR,3,1,adjacent_graphics_slots,False
acf:1896,acf:1896/acf:0003,NCGR,3,acf:1896/acf:0004,NCGR,4,1,adjacent_graphics_slots,False
acf:1896,acf:1896/acf:0004,NCGR,4,acf:1896/acf:0005,NCER,5,1,adjacent_graphics_slots,False
acf:1896,acf:1896/acf:0005,NCER,5,acf:1896/acf:0006,NCER,6,1,adjacent_graphics_slots,False
acf:1896,acf:1896/acf:0006,NCER,6,acf:1896/acf:0007,NCER,7,1,adjacent_graphics_slots,False
acf:1896,acf:1896/acf:0007,NCER,7,acf:1896/acf:0008,NCER,8,1,adjacent_graphics_slots,False
acf:1896,acf:1896/acf:0008,NCER,8,acf:1896/acf:0009,NCER,9,1,adjacent_graphics_slots,False
acf:1897,acf:1897/acf:0001,NCLR,1,acf:1897/acf:0002,NCGR,2,1,adjacent_graphics_slots,False
acf:1897,acf:1897/acf:0002,NCGR,2,acf:1897/acf:0003,NCGR,3,1,adjacent_graphics_slots,False
acf:1897,acf:1897/acf:0003,NCGR,3,acf:1897/acf:0004,NCGR,4,1,adjacent_graphics_slots,False
acf:1897,acf:1897/acf:0004,NCGR,4,acf:1897/acf:0005,NCER,5,1,adjacent_graphics_slots,False
acf:1897,acf:1897/acf:0005,NCER,5,acf:1897/acf:0006,NCER,6,1,adjacent_graphics_slots,False
acf:1897,acf:1897/acf:0006,NCER,6,acf:1897/acf:0007,NCER,7,1,adjacent_graphics_slots,False
acf:1897,acf:1897/acf:0007,NCER,7,acf:1897/acf:0008,NCER,8,1,adjacent_graphics_slots,False
acf:1897,acf:1897/acf:0008,NCER,8,acf:1897/acf:0009,NCER,9,1,adjacent_graphics_slots,False
acf:1898,acf:1898/acf:0001,NCLR,1,acf:1898/acf:0002,NCGR,2,1,adjacent_graphics_slots,False
acf:1898,acf:1898/acf:0002,NCGR,2,acf:1898/acf:0003,NCGR,3,1,adjacent_graphics_slots,False
acf:1898,acf:1898/acf:0003,NCGR,3,acf:1898/acf:0004,NCGR,4,1,adjacent_graphics_slots,False
acf:1898,acf:1898/acf:0004,NCGR,4,acf:1898/acf:0005,NCER,5,1,adjacent_graphics_slots,False
acf:1898,acf:1898/acf:0005,NCER,5,acf:1898/acf:0006,NCER,6,1,adjacent_graphics_slots,False
acf:1898,acf:1898/acf:0006,NCER,6,acf:1898/acf:0007,NCER,7,1,adjacent_graphics_slots,False
acf:1898,acf:1898/acf:0007,NCER,7,acf:1898/acf:0008,NCER,8,1,adjacent_graphics_slots,False
acf:1898,acf:1898/acf:0008,NCER,8,acf:1898/acf:0009,NCER,9,1,adjacent_graphics_slots,False
acf:1899,acf:1899/acf:0001,NCLR,1,acf:1899/acf:0002,NCGR,2,1,adjacent_graphics_slots,False
acf:1899,acf:1899/acf:0002,NCGR,2,acf:1899/acf:0003,NCGR,3,1,adjacent_graphics_slots,False
acf:1899,acf:1899/acf:0003,NCGR,3,acf:1899/acf:0004,NCGR,4,1,adjacent_graphics_slots,False
acf:1899,acf:1899/acf:0004,NCGR,4,acf:1899/acf:0005,NCGR,5,1,adjacent_graphics_slots,False
acf:1899,acf:1899/acf:0005,NCGR,5,acf:1899/acf:0006,NCER,6,1,adjacent_graphics_slots,False
acf:1899,acf:1899/acf:0006,NCER,6,acf:1899/acf:0007,NCER,7,1,adjacent_graphics_slots,False
acf:1899,acf:1899/acf:0007,NCER,7,acf:1899/acf:0008,NCER,8,1,adjacent_graphics_slots,False
acf:1899,acf:1899/acf:0008,NCER,8,acf:1899/acf:0009,NCER,9,1,adjacent_graphics_slots,False
acf:1899,acf:1899/acf:0009,NCER,9,acf:1899/acf:0010,NCER,10,1,adjacent_graphics_slots,False
acf:1899,acf:1899/acf:0010,NCER,10,acf:1899/acf:0011,NCER,11,1,adjacent_graphics_slots,False
acf:1899,acf:1899/acf:0011,NCER,11,acf:1899/acf:0012,NCER,12,1,adjacent_graphics_slots,False
acf:1899,acf:1899/acf:0012,NCER,12,acf:1899/acf:0013,NCER,13,1,adjacent_graphics_slots,False
acf:1900,acf:1900/acf:0001,NCLR,1,acf:1900/acf:0002,NCGR,2,1,adjacent_graphics_slots,False
acf:1900,acf:1900/acf:0002,NCGR,2,acf:1900/acf:0003,NCGR,3,1,adjacent_graphics_slots,False
acf:1900,acf:1900/acf:0003,NCGR,3,acf:1900/acf:0004,NCGR,4,1,adjacent_graphics_slots,False
acf:1900,acf:1900/acf:0004,NCGR,4,acf:1900/acf:0005,NCGR,5,1,adjacent_graphics_slots,False
acf:1900,acf:1900/acf:0005,NCGR,5,acf:1900/acf:0006,NCGR,6,1,adjacent_graphics_slots,False
acf:1900,acf:1900/acf:0006,NCGR,6,acf:1900/acf:0007,NCER,7,1,adjacent_graphics_slots,False
acf:1900,acf:1900/acf:0007,NCER,7,acf:1900/acf:0008,NCER,8,1,adjacent_graphics_slots,False
acf:1900,acf:1900/acf:0008,NCER,8,acf:1900/acf:0009,NCER,9,1,adjacent_graphics_slots,False
acf:1900,acf:1900/acf:0009,NCER,9,acf:1900/acf:0010,NCER,10,1,adjacent_graphics_slots,False
acf:1900,acf:1900/acf:0010,NCER,10,acf:1900/acf:0011,NCER,11,1,adjacent_graphics_slots,False
acf:1900,acf:1900/acf:0011,NCER,11,acf:1900/acf:0012,NCER,12,1,adjacent_graphics_slots,False
acf:1900,acf:1900/acf:0012,NCER,12,acf:1900/acf:0013,NCER,13,1,adjacent_graphics_slots,False
acf:1901,acf:1901/acf:0001,NCLR,1,acf:1901/acf:0002,NCGR,2,1,adjacent_graphics_slots,False
acf:1901,acf:1901/acf:0002,NCGR,2,acf:1901/acf:0003,NCGR,3,1,adjacent_graphics_slots,False
acf:1901,acf:1901/acf:0003,NCGR,3,acf:1901/acf:0004,NCGR,4,1,adjacent_graphics_slots,False
acf:1901,acf:1901/acf:0004,NCGR,4,acf:1901/acf:0005,NCGR,5,1,adjacent_graphics_slots,False
acf:1901,acf:1901/acf:0005,NCGR,5,acf:1901/acf:0006,NCER,6,1,adjacent_graphics_slots,False
acf:1901,acf:1901/acf:0006,NCER,6,acf:1901/acf:0007,NCER,7,1,adjacent_graphics_slots,False
acf:1901,acf:1901/acf:0007,NCER,7,acf:1901/acf:0008,NCER,8,1,adjacent_graphics_slots,False
acf:1901,acf:1901/acf:0008,NCER,8,acf:1901/acf:0009,NCER,9,1,adjacent_graphics_slots,False
acf:1901,acf:1901/acf:0009,NCER,9,acf:1901/acf:0010,NCER,10,1,adjacent_graphics_slots,False
acf:1901,acf:1901/acf:0010,NCER,10,acf:1901/acf:0011,NCER,11,1,adjacent_graphics_slots,False
acf:1901,acf:1901/acf:0011,NCER,11,acf:1901/acf:0012,NCER,12,1,adjacent_graphics_slots,False
acf:1902,acf:1902/acf:0001,NCLR,1,acf:1902/acf:0002,NCGR,2,1,adjacent_graphics_slots,False
acf:1902,acf:1902/acf:0002,NCGR,2,acf:1902/acf:0003,NCGR,3,1,adjacent_graphics_slots,False
acf:1902,acf:1902/acf:0003,NCGR,3,acf:1902/acf:0004,NCGR,4,1,adjacent_graphics_slots,False
acf:1902,acf:1902/acf:0004,NCGR,4,acf:1902/acf:0005,NCER,5,1,adjacent_graphics_slots,False
acf:1902,acf:1902/acf:0005,NCER,5,acf:1902/acf:0006,NCER,6,1,adjacent_graphics_slots,False
acf:1902,acf:1902/acf:0006,NCER,6,acf:1902/acf:0007,NCER,7,1,adjacent_graphics_slots,False
acf:1902,acf:1902/acf:0007,NCER,7,acf:1902/acf:0008,NCER,8,1,adjacent_graphics_slots,False
acf:1902,acf:1902/acf:0008,NCER,8,acf:1902/acf:0009,NCER,9,1,adjacent_graphics_slots,False
acf:1903,acf:1903/acf:0001,NCLR,1,acf:1903/acf:0002,NCGR,2,1,adjacent_graphics_slots,False
acf:1903,acf:1903/acf:0002,NCGR,2,acf:1903/acf:0003,NCGR,3,1,adjacent_graphics_slots,False
acf:1903,acf:1903/acf:0003,NCGR,3,acf:1903/acf:0004,NCGR,4,1,adjacent_graphics_slots,False
acf:1903,acf:1903/acf:0004,NCGR,4,acf:1903/acf:0005,NCER,5,1,adjacent_graphics_slots,False
acf:1903,acf:1903/acf:0005,NCER,5,acf:1903/acf:0006,NCER,6,1,adjacent_graphics_slots,False
acf:1903,acf:1903/acf:0006,NCER,6,acf:1903/acf:0007,NCER,7,1,adjacent_graphics_slots,False
acf:1903,acf:1903/acf:0007,NCER,7,acf:1903/acf:0008,NCER,8,1,adjacent_graphics_slots,False
acf:1903,acf:1903/acf:0008,NCER,8,acf:1903/acf:0009,NCER,9,1,adjacent_graphics_slots,False
acf:1904,acf:1904/acf:0001,NCLR,1,acf:1904/acf:0002,NCGR,2,1,adjacent_graphics_slots,False
acf:1904,acf:1904/acf:0002,NCGR,2,acf:1904/acf:0003,NCGR,3,1,adjacent_graphics_slots,False
acf:1904,acf:1904/acf:0003,NCGR,3,acf:1904/acf:0004,NCGR,4,1,adjacent_graphics_slots,False
acf:1904,acf:1904/acf:0004,NCGR,4,acf:1904/acf:0005,NCER,5,1,adjacent_graphics_slots,False
acf:1904,acf:1904/acf:0005,NCER,5,acf:1904/acf:0006,NCER,6,1,adjacent_graphics_slots,False
acf:1904,acf:1904/acf:0006,NCER,6,acf:1904/acf:0007,NCER,7,1,adjacent_graphics_slots,False
acf:1904,acf:1904/acf:0007,NCER,7,acf:1904/acf:0008,NCER,8,1,adjacent_graphics_slots,False
acf:1904,acf:1904/acf:0008,NCER,8,acf:1904/acf:0009,NCER,9,1,adjacent_graphics_slots,False
acf:1905,acf:1905/acf:0001,NCLR,1,acf:1905/acf:0002,NCGR,2,1,adjacent_graphics_slots,False
acf:1905,acf:1905/acf:0002,NCGR,2,acf:1905/acf:0003,NCGR,3,1,adjacent_graphics_slots,False
acf:1905,acf:1905/acf:0003,NCGR,3,acf:1905/acf:0004,NCGR,4,1,adjacent_graphics_slots,False
acf:1905,acf:1905/acf:0004,NCGR,4,acf:1905/acf:0005,NCER,5,1,adjacent_graphics_slots,False
acf:1905,acf:1905/acf:0005,NCER,5,acf:1905/acf:0006,NCER,6,1,adjacent_graphics_slots,False
acf:1905,acf:1905/acf:0006,NCER,6,acf:1905/acf:0007,NCER,7,1,adjacent_graphics_slots,False
acf:1905,acf:1905/acf:0007,NCER,7,acf:1905/acf:0008,NCER,8,1,adjacent_graphics_slots,False
acf:1905,acf:1905/acf:0008,NCER,8,acf:1905/acf:0009,NCER,9,1,adjacent_graphics_slots,False
acf:1906,acf:1906/acf:0001,NCLR,1,acf:1906/acf:0002,NCGR,2,1,adjacent_graphics_slots,False
acf:1906,acf:1906/acf:0002,NCGR,2,acf:1906/acf:0003,NCGR,3,1,adjacent_graphics_slots,False
acf:1906,acf:1906/acf:0003,NCGR,3,acf:1906/acf:0004,NCGR,4,1,adjacent_graphics_slots,False
acf:1906,acf:1906/acf:0004,NCGR,4,acf:1906/acf:0005,NCER,5,1,adjacent_graphics_slots,False
acf:1906,acf:1906/acf:0005,NCER,5,acf:1906/acf:0006,NCER,6,1,adjacent_graphics_slots,False
acf:1906,acf:1906/acf:0006,NCER,6,acf:1906/acf:0007,NCER,7,1,adjacent_graphics_slots,False
acf:1906,acf:1906/acf:0007,NCER,7,acf:1906/acf:0008,NCER,8,1,adjacent_graphics_slots,False
acf:1906,acf:1906/acf:0008,NCER,8,acf:1906/acf:0009,NCER,9,1,adjacent_graphics_slots,False
acf:1907,acf:1907/acf:0001,NCLR,1,acf:1907/acf:0002,NCGR,2,1,adjacent_graphics_slots,False
acf:1907,acf:1907/acf:0002,NCGR,2,acf:1907/acf:0003,NCGR,3,1,adjacent_graphics_slots,False
acf:1907,acf:1907/acf:0003,NCGR,3,acf:1907/acf:0004,NCGR,4,1,adjacent_graphics_slots,False
acf:1907,acf:1907/acf:0004,NCGR,4,acf:1907/acf:0005,NCER,5,1,adjacent_graphics_slots,False
acf:1907,acf:1907/acf:0005,NCER,5,acf:1907/acf:0006,NCER,6,1,adjacent_graphics_slots,False
acf:1907,acf:1907/acf:0006,NCER,6,acf:1907/acf:0007,NCER,7,1,adjacent_graphics_slots,False
acf:1907,acf:1907/acf:0007,NCER,7,acf:1907/acf:0008,NCER,8,1,adjacent_graphics_slots,False
acf:1907,acf:1907/acf:0008,NCER,8,acf:1907/acf:0009,NCER,9,1,adjacent_graphics_slots,False
acf:1908,acf:1908/acf:0001,NCLR,1,acf:1908/acf:0002,NCGR,2,1,adjacent_graphics_slots,False
acf:1908,acf:1908/acf:0002,NCGR,2,acf:1908/acf:0003,NCGR,3,1,adjacent_graphics_slots,False
acf:1908,acf:1908/acf:0003,NCGR,3,acf:1908/acf:0004,NCGR,4,1,adjacent_graphics_slots,False
acf:1908,acf:1908/acf:0004,NCGR,4,acf:1908/acf:0005,NCER,5,1,adjacent_graphics_slots,False
acf:1908,acf:1908/acf:0005,NCER,5,acf:1908/acf:0006,NCER,6,1,adjacent_graphics_slots,False
acf:1908,acf:1908/acf:0006,NCER,6,acf:1908/acf:0007,NCER,7,1,adjacent_graphics_slots,False
acf:1908,acf:1908/acf:0007,NCER,7,acf:1908/acf:0008,NCER,8,1,adjacent_graphics_slots,False
acf:1908,acf:1908/acf:0008,NCER,8,acf:1908/acf:0009,NCER,9,1,adjacent_graphics_slots,False
acf:1909,acf:1909/acf:0001,NCLR,1,acf:1909/acf:0002,NCGR,2,1,adjacent_graphics_slots,False
acf:1909,acf:1909/acf:0002,NCGR,2,acf:1909/acf:0003,NCGR,3,1,adjacent_graphics_slots,False
acf:1909,acf:1909/acf:0003,NCGR,3,acf:1909/acf:0004,NCGR,4,1,adjacent_graphics_slots,False
acf:1909,acf:1909/acf:0004,NCGR,4,acf:1909/acf:0005,NCER,5,1,adjacent_graphics_slots,False
acf:1909,acf:1909/acf:0005,NCER,5,acf:1909/acf:0006,NCER,6,1,adjacent_graphics_slots,False
acf:1909,acf:1909/acf:0006,NCER,6,acf:1909/acf:0007,NCER,7,1,adjacent_graphics_slots,False
acf:1909,acf:1909/acf:0007,NCER,7,acf:1909/acf:0008,NCER,8,1,adjacent_graphics_slots,False
acf:1909,acf:1909/acf:0008,NCER,8,acf:1909/acf:0009,NCER,9,1,adjacent_graphics_slots,False
acf:1910,acf:1910/acf:0001,NCLR,1,acf:1910/acf:0002,NCGR,2,1,adjacent_graphics_slots,False
acf:1910,acf:1910/acf:0002,NCGR,2,acf:1910/acf:0003,NCGR,3,1,adjacent_graphics_slots,False
acf:1910,acf:1910/acf:0003,NCGR,3,acf:1910/acf:0004,NCGR,4,1,adjacent_graphics_slots,False
acf:1910,acf:1910/acf:0004,NCGR,4,acf:1910/acf:0005,NCER,5,1,adjacent_graphics_slots,False
acf:1910,acf:1910/acf:0005,NCER,5,acf:1910/acf:0006,NCER,6,1,adjacent_graphics_slots,False
acf:1910,acf:1910/acf:0006,NCER,6,acf:1910/acf:0007,NCER,7,1,adjacent_graphics_slots,False
acf:1910,acf:1910/acf:0007,NCER,7,acf:1910/acf:0008,NCER,8,1,adjacent_graphics_slots,False
acf:1910,acf:1910/acf:0008,NCER,8,acf:1910/acf:0009,NCER,9,1,adjacent_graphics_slots,False
acf:1911,acf:1911/acf:0001,NCLR,1,acf:1911/acf:0002,NCGR,2,1,adjacent_graphics_slots,False
acf:1911,acf:1911/acf:0002,NCGR,2,acf:1911/acf:0003,NCGR,3,1,adjacent_graphics_slots,False
acf:1911,acf:1911/acf:0003,NCGR,3,acf:1911/acf:0004,NCGR,4,1,adjacent_graphics_slots,False
acf:1911,acf:1911/acf:0004,NCGR,4,acf:1911/acf:0005,NCER,5,1,adjacent_graphics_slots,False
acf:1911,acf:1911/acf:0005,NCER,5,acf:1911/acf:0006,NCER,6,1,adjacent_graphics_slots,False
acf:1911,acf:1911/acf:0006,NCER,6,acf:1911/acf:0007,NCER,7,1,adjacent_graphics_slots,False
acf:1911,acf:1911/acf:0007,NCER,7,acf:1911/acf:0008,NCER,8,1,adjacent_graphics_slots,False
acf:1911,acf:1911/acf:0008,NCER,8,acf:1911/acf:0009,NCER,9,1,adjacent_graphics_slots,False
acf:1912,acf:1912/acf:0001,NCLR,1,acf:1912/acf:0002,NCGR,2,1,adjacent_graphics_slots,False
acf:1912,acf:1912/acf:0002,NCGR,2,acf:1912/acf:0003,NCGR,3,1,adjacent_graphics_slots,False
acf:1912,acf:1912/acf:0003,NCGR,3,acf:1912/acf:0004,NCGR,4,1,adjacent_graphics_slots,False
acf:1912,acf:1912/acf:0004,NCGR,4,acf:1912/acf:0005,NCER,5,1,adjacent_graphics_slots,False
acf:1912,acf:1912/acf:0005,NCER,5,acf:1912/acf:0006,NCER,6,1,adjacent_graphics_slots,False
acf:1912,acf:1912/acf:0006,NCER,6,acf:1912/acf:0007,NCER,7,1,adjacent_graphics_slots,False
acf:1912,acf:1912/acf:0007,NCER,7,acf:1912/acf:0008,NCER,8,1,adjacent_graphics_slots,False
acf:1912,acf:1912/acf:0008,NCER,8,acf:1912/acf:0009,NCER,9,1,adjacent_graphics_slots,False
acf:1913,acf:1913/acf:0001,NCLR,1,acf:1913/acf:0002,NCGR,2,1,adjacent_graphics_slots,False
acf:1913,acf:1913/acf:0002,NCGR,2,acf:1913/acf:0003,NCGR,3,1,adjacent_graphics_slots,False
acf:1913,acf:1913/acf:0003,NCGR,3,acf:1913/acf:0004,NCGR,4,1,adjacent_graphics_slots,False
acf:1913,acf:1913/acf:0004,NCGR,4,acf:1913/acf:0005,NCGR,5,1,adjacent_graphics_slots,False
acf:1913,acf:1913/acf:0005,NCGR,5,acf:1913/acf:0006,NCER,6,1,adjacent_graphics_slots,False
acf:1913,acf:1913/acf:0006,NCER,6,acf:1913/acf:0007,NCER,7,1,adjacent_graphics_slots,False
acf:1913,acf:1913/acf:0007,NCER,7,acf:1913/acf:0008,NCER,8,1,adjacent_graphics_slots,False
acf:1913,acf:1913/acf:0008,NCER,8,acf:1913/acf:0009,NCER,9,1,adjacent_graphics_slots,False
acf:1913,acf:1913/acf:0009,NCER,9,acf:1913/acf:0010,NCER,10,1,adjacent_graphics_slots,False
acf:1913,acf:1913/acf:0010,NCER,10,acf:1913/acf:0011,NCER,11,1,adjacent_graphics_slots,False
acf:1913,acf:1913/acf:0011,NCER,11,acf:1913/acf:0012,NCER,12,1,adjacent_graphics_slots,False
acf:1914,acf:1914/acf:0001,NCLR,1,acf:1914/acf:0002,NCGR,2,1,adjacent_graphics_slots,False
acf:1914,acf:1914/acf:0002,NCGR,2,acf:1914/acf:0003,NCER,3,1,adjacent_graphics_slots,False
acf:1914,acf:1914/acf:0003,NCER,3,acf:1914/acf:0004,NCER,4,1,adjacent_graphics_slots,False
acf:1914,acf:1914/acf:0004,NCER,4,acf:1914/acf:0005,NCER,5,1,adjacent_graphics_slots,False
acf:1915,acf:1915/acf:0001,NCLR,1,acf:1915/acf:0002,NCGR,2,1,adjacent_graphics_slots,False
acf:1915,acf:1915/acf:0002,NCGR,2,acf:1915/acf:0003,NCGR,3,1,adjacent_graphics_slots,False
acf:1915,acf:1915/acf:0003,NCGR,3,acf:1915/acf:0004,NCGR,4,1,adjacent_graphics_slots,False
acf:1915,acf:1915/acf:0004,NCGR,4,acf:1915/acf:0005,NCER,5,1,adjacent_graphics_slots,False
acf:1915,acf:1915/acf:0005,NCER,5,acf:1915/acf:0006,NCER,6,1,adjacent_graphics_slots,False
acf:1915,acf:1915/acf:0006,NCER,6,acf:1915/acf:0007,NCER,7,1,adjacent_graphics_slots,False
acf:1915,acf:1915/acf:0007,NCER,7,acf:1915/acf:0008,NCER,8,1,adjacent_graphics_slots,False
acf:1915,acf:1915/acf:0008,NCER,8,acf:1915/acf:0009,NCER,9,1,adjacent_graphics_slots,False
acf:1916,acf:1916/acf:0001,NCLR,1,acf:1916/acf:0002,NCGR,2,1,adjacent_graphics_slots,False
acf:1916,acf:1916/acf:0002,NCGR,2,acf:1916/acf:0003,NCGR,3,1,adjacent_graphics_slots,False
acf:1916,acf:1916/acf:0003,NCGR,3,acf:1916/acf:0004,NCGR,4,1,adjacent_graphics_slots,False
acf:1916,acf:1916/acf:0004,NCGR,4,acf:1916/acf:0005,NCER,5,1,adjacent_graphics_slots,False
acf:1916,acf:1916/acf:0005,NCER,5,acf:1916/acf:0006,NCER,6,1,adjacent_graphics_slots,False
acf:1916,acf:1916/acf:0006,NCER,6,acf:1916/acf:0007,NCER,7,1,adjacent_graphics_slots,False
acf:1916,acf:1916/acf:0007,NCER,7,acf:1916/acf:0008,NCER,8,1,adjacent_graphics_slots,False
acf:1916,acf:1916/acf:0008,NCER,8,acf:1916/acf:0009,NCER,9,1,adjacent_graphics_slots,False
acf:1917,acf:1917/acf:0001,NCLR,1,acf:1917/acf:0002,NCGR,2,1,adjacent_graphics_slots,False
acf:1917,acf:1917/acf:0002,NCGR,2,acf:1917/acf:0003,NCGR,3,1,adjacent_graphics_slots,False
acf:1917,acf:1917/acf:0003,NCGR,3,acf:1917/acf:0004,NCGR,4,1,adjacent_graphics_slots,False
acf:1917,acf:1917/acf:0004,NCGR,4,acf:1917/acf:0005,NCER,5,1,adjacent_graphics_slots,False
acf:1917,acf:1917/acf:0005,NCER,5,acf:1917/acf:0006,NCER,6,1,adjacent_graphics_slots,False
acf:1917,acf:1917/acf:0006,NCER,6,acf:1917/acf:0007,NCER,7,1,adjacent_graphics_slots,False
acf:1917,acf:1917/acf:0007,NCER,7,acf:1917/acf:0008,NCER,8,1,adjacent_graphics_slots,False
acf:1917,acf:1917/acf:0008,NCER,8,acf:1917/acf:0009,NCER,9,1,adjacent_graphics_slots,False
acf:1918,acf:1918/acf:0001,NCLR,1,acf:1918/acf:0002,NCGR,2,1,adjacent_graphics_slots,False
acf:1918,acf:1918/acf:0002,NCGR,2,acf:1918/acf:0003,NCGR,3,1,adjacent_graphics_slots,False
acf:1918,acf:1918/acf:0003,NCGR,3,acf:1918/acf:0004,NCGR,4,1,adjacent_graphics_slots,False
acf:1918,acf:1918/acf:0004,NCGR,4,acf:1918/acf:0005,NCER,5,1,adjacent_graphics_slots,False
acf:1918,acf:1918/acf:0005,NCER,5,acf:1918/acf:0006,NCER,6,1,adjacent_graphics_slots,False
acf:1918,acf:1918/acf:0006,NCER,6,acf:1918/acf:0007,NCER,7,1,adjacent_graphics_slots,False
acf:1918,acf:1918/acf:0007,NCER,7,acf:1918/acf:0008,NCER,8,1,adjacent_graphics_slots,False
acf:1918,acf:1918/acf:0008,NCER,8,acf:1918/acf:0009,NCER,9,1,adjacent_graphics_slots,False
acf:1919,acf:1919/acf:0001,NCLR,1,acf:1919/acf:0002,NCGR,2,1,adjacent_graphics_slots,False
acf:1919,acf:1919/acf:0002,NCGR,2,acf:1919/acf:0003,NCGR,3,1,adjacent_graphics_slots,False
acf:1919,acf:1919/acf:0003,NCGR,3,acf:1919/acf:0004,NCGR,4,1,adjacent_graphics_slots,False
acf:1919,acf:1919/acf:0004,NCGR,4,acf:1919/acf:0005,NCGR,5,1,adjacent_graphics_slots,False
acf:1919,acf:1919/acf:0005,NCGR,5,acf:1919/acf:0006,NCER,6,1,adjacent_graphics_slots,False
acf:1919,acf:1919/acf:0006,NCER,6,acf:1919/acf:0007,NCER,7,1,adjacent_graphics_slots,False
acf:1919,acf:1919/acf:0007,NCER,7,acf:1919/acf:0008,NCER,8,1,adjacent_graphics_slots,False
acf:1919,acf:1919/acf:0008,NCER,8,acf:1919/acf:0009,NCER,9,1,adjacent_graphics_slots,False
acf:1919,acf:1919/acf:0009,NCER,9,acf:1919/acf:0010,NCER,10,1,adjacent_graphics_slots,False
acf:1919,acf:1919/acf:0010,NCER,10,acf:1919/acf:0011,NCER,11,1,adjacent_graphics_slots,False
acf:1919,acf:1919/acf:0011,NCER,11,acf:1919/acf:0012,NCER,12,1,adjacent_graphics_slots,False
acf:1920,acf:1920/acf:0001,NCLR,1,acf:1920/acf:0002,NCGR,2,1,adjacent_graphics_slots,False
acf:1920,acf:1920/acf:0002,NCGR,2,acf:1920/acf:0003,NCGR,3,1,adjacent_graphics_slots,False
acf:1920,acf:1920/acf:0003,NCGR,3,acf:1920/acf:0004,NCGR,4,1,adjacent_graphics_slots,False
acf:1920,acf:1920/acf:0004,NCGR,4,acf:1920/acf:0005,NCGR,5,1,adjacent_graphics_slots,False
acf:1920,acf:1920/acf:0005,NCGR,5,acf:1920/acf:0006,NCER,6,1,adjacent_graphics_slots,False
acf:1920,acf:1920/acf:0006,NCER,6,acf:1920/acf:0007,NCER,7,1,adjacent_graphics_slots,False
acf:1920,acf:1920/acf:0007,NCER,7,acf:1920/acf:0008,NCER,8,1,adjacent_graphics_slots,False
acf:1920,acf:1920/acf:0008,NCER,8,acf:1920/acf:0009,NCER,9,1,adjacent_graphics_slots,False
acf:1920,acf:1920/acf:0009,NCER,9,acf:1920/acf:0010,NCER,10,1,adjacent_graphics_slots,False
acf:1920,acf:1920/acf:0010,NCER,10,acf:1920/acf:0011,NCER,11,1,adjacent_graphics_slots,False
acf:1920,acf:1920/acf:0011,NCER,11,acf:1920/acf:0012,NCER,12,1,adjacent_graphics_slots,False
acf:1920,acf:1920/acf:0012,NCER,12,acf:1920/acf:0013,NCER,13,1,adjacent_graphics_slots,False
acf:1921,acf:1921/acf:0001,NCLR,1,acf:1921/acf:0002,NCGR,2,1,adjacent_graphics_slots,False
acf:1921,acf:1921/acf:0002,NCGR,2,acf:1921/acf:0003,NCGR,3,1,adjacent_graphics_slots,False
acf:1921,acf:1921/acf:0003,NCGR,3,acf:1921/acf:0004,NCGR,4,1,adjacent_graphics_slots,False
acf:1921,acf:1921/acf:0004,NCGR,4,acf:1921/acf:0005,NCGR,5,1,adjacent_graphics_slots,False
acf:1921,acf:1921/acf:0005,NCGR,5,acf:1921/acf:0006,NCER,6,1,adjacent_graphics_slots,False
acf:1921,acf:1921/acf:0006,NCER,6,acf:1921/acf:0007,NCER,7,1,adjacent_graphics_slots,False
acf:1921,acf:1921/acf:0007,NCER,7,acf:1921/acf:0008,NCER,8,1,adjacent_graphics_slots,False
acf:1921,acf:1921/acf:0008,NCER,8,acf:1921/acf:0009,NCER,9,1,adjacent_graphics_slots,False
acf:1921,acf:1921/acf:0009,NCER,9,acf:1921/acf:0010,NCER,10,1,adjacent_graphics_slots,False
acf:1921,acf:1921/acf:0010,NCER,10,acf:1921/acf:0011,NCER,11,1,adjacent_graphics_slots,False
acf:1921,acf:1921/acf:0011,NCER,11,acf:1921/acf:0012,NCER,12,1,adjacent_graphics_slots,False
acf:1922,acf:1922/acf:0001,NCLR,1,acf:1922/acf:0002,NCGR,2,1,adjacent_graphics_slots,False
acf:1922,acf:1922/acf:0002,NCGR,2,acf:1922/acf:0003,NCGR,3,1,adjacent_graphics_slots,False
acf:1922,acf:1922/acf:0003,NCGR,3,acf:1922/acf:0004,NCGR,4,1,adjacent_graphics_slots,False
acf:1922,acf:1922/acf:0004,NCGR,4,acf:1922/acf:0005,NCER,5,1,adjacent_graphics_slots,False
acf:1922,acf:1922/acf:0005,NCER,5,acf:1922/acf:0006,NCER,6,1,adjacent_graphics_slots,False
acf:1922,acf:1922/acf:0006,NCER,6,acf:1922/acf:0007,NCER,7,1,adjacent_graphics_slots,False
acf:1922,acf:1922/acf:0007,NCER,7,acf:1922/acf:0008,NCER,8,1,adjacent_graphics_slots,False
acf:1922,acf:1922/acf:0008,NCER,8,acf:1922/acf:0009,NCER,9,1,adjacent_graphics_slots,False
acf:1923,acf:1923/acf:0001,NCLR,1,acf:1923/acf:0002,NCGR,2,1,adjacent_graphics_slots,False
acf:1923,acf:1923/acf:0002,NCGR,2,acf:1923/acf:0003,NCGR,3,1,adjacent_graphics_slots,False
acf:1923,acf:1923/acf:0003,NCGR,3,acf:1923/acf:0004,NCGR,4,1,adjacent_graphics_slots,False
acf:1923,acf:1923/acf:0004,NCGR,4,acf:1923/acf:0005,NCER,5,1,adjacent_graphics_slots,False
acf:1923,acf:1923/acf:0005,NCER,5,acf:1923/acf:0006,NCER,6,1,adjacent_graphics_slots,False
acf:1923,acf:1923/acf:0006,NCER,6,acf:1923/acf:0007,NCER,7,1,adjacent_graphics_slots,False
acf:1923,acf:1923/acf:0007,NCER,7,acf:1923/acf:0008,NCER,8,1,adjacent_graphics_slots,False
acf:1923,acf:1923/acf:0008,NCER,8,acf:1923/acf:0009,NCER,9,1,adjacent_graphics_slots,False
acf:1924,acf:1924/acf:0001,NCLR,1,acf:1924/acf:0002,NCGR,2,1,adjacent_graphics_slots,False
acf:1924,acf:1924/acf:0002,NCGR,2,acf:1924/acf:0003,NCGR,3,1,adjacent_graphics_slots,False
acf:1924,acf:1924/acf:0003,NCGR,3,acf:1924/acf:0004,NCGR,4,1,adjacent_graphics_slots,False
acf:1924,acf:1924/acf:0004,NCGR,4,acf:1924/acf:0005,NCER,5,1,adjacent_graphics_slots,False
acf:1924,acf:1924/acf:0005,NCER,5,acf:1924/acf:0006,NCER,6,1,adjacent_graphics_slots,False
acf:1924,acf:1924/acf:0006,NCER,6,acf:1924/acf:0007,NCER,7,1,adjacent_graphics_slots,False
acf:1924,acf:1924/acf:0007,NCER,7,acf:1924/acf:0008,NCER,8,1,adjacent_graphics_slots,False
acf:1924,acf:1924/acf:0008,NCER,8,acf:1924/acf:0009,NCER,9,1,adjacent_graphics_slots,False
acf:1925,acf:1925/acf:0001,NCLR,1,acf:1925/acf:0002,NCGR,2,1,adjacent_graphics_slots,False
acf:1925,acf:1925/acf:0002,NCGR,2,acf:1925/acf:0003,NCGR,3,1,adjacent_graphics_slots,False
acf:1925,acf:1925/acf:0003,NCGR,3,acf:1925/acf:0004,NCGR,4,1,adjacent_graphics_slots,False
acf:1925,acf:1925/acf:0004,NCGR,4,acf:1925/acf:0005,NCER,5,1,adjacent_graphics_slots,False
acf:1925,acf:1925/acf:0005,NCER,5,acf:1925/acf:0006,NCER,6,1,adjacent_graphics_slots,False
acf:1925,acf:1925/acf:0006,NCER,6,acf:1925/acf:0007,NCER,7,1,adjacent_graphics_slots,False
acf:1925,acf:1925/acf:0007,NCER,7,acf:1925/acf:0008,NCER,8,1,adjacent_graphics_slots,False
acf:1925,acf:1925/acf:0008,NCER,8,acf:1925/acf:0009,NCER,9,1,adjacent_graphics_slots,False
acf:1926,acf:1926/acf:0001,NCLR,1,acf:1926/acf:0002,NCGR,2,1,adjacent_graphics_slots,False
acf:1926,acf:1926/acf:0002,NCGR,2,acf:1926/acf:0003,NCGR,3,1,adjacent_graphics_slots,False
acf:1926,acf:1926/acf:0003,NCGR,3,acf:1926/acf:0004,NCGR,4,1,adjacent_graphics_slots,False
acf:1926,acf:1926/acf:0004,NCGR,4,acf:1926/acf:0005,NCER,5,1,adjacent_graphics_slots,False
acf:1926,acf:1926/acf:0005,NCER,5,acf:1926/acf:0006,NCER,6,1,adjacent_graphics_slots,False
acf:1926,acf:1926/acf:0006,NCER,6,acf:1926/acf:0007,NCER,7,1,adjacent_graphics_slots,False
acf:1926,acf:1926/acf:0007,NCER,7,acf:1926/acf:0008,NCER,8,1,adjacent_graphics_slots,False
acf:1926,acf:1926/acf:0008,NCER,8,acf:1926/acf:0009,NCER,9,1,adjacent_graphics_slots,False
acf:1927,acf:1927/acf:0001,NCLR,1,acf:1927/acf:0002,NCGR,2,1,adjacent_graphics_slots,False
acf:1927,acf:1927/acf:0002,NCGR,2,acf:1927/acf:0003,NCGR,3,1,adjacent_graphics_slots,False
acf:1927,acf:1927/acf:0003,NCGR,3,acf:1927/acf:0004,NCGR,4,1,adjacent_graphics_slots,False
acf:1927,acf:1927/acf:0004,NCGR,4,acf:1927/acf:0005,NCGR,5,1,adjacent_graphics_slots,False
acf:1927,acf:1927/acf:0005,NCGR,5,acf:1927/acf:0006,NCER,6,1,adjacent_graphics_slots,False
acf:1927,acf:1927/acf:0006,NCER,6,acf:1927/acf:0007,NCER,7,1,adjacent_graphics_slots,False
acf:1927,acf:1927/acf:0007,NCER,7,acf:1927/acf:0008,NCER,8,1,adjacent_graphics_slots,False
acf:1927,acf:1927/acf:0008,NCER,8,acf:1927/acf:0009,NCER,9,1,adjacent_graphics_slots,False
acf:1927,acf:1927/acf:0009,NCER,9,acf:1927/acf:0010,NCER,10,1,adjacent_graphics_slots,False
acf:1927,acf:1927/acf:0010,NCER,10,acf:1927/acf:0011,NCER,11,1,adjacent_graphics_slots,False
acf:1927,acf:1927/acf:0011,NCER,11,acf:1927/acf:0012,NCER,12,1,adjacent_graphics_slots,False
acf:1928,acf:1928/acf:0001,NCLR,1,acf:1928/acf:0002,NCGR,2,1,adjacent_graphics_slots,False
acf:1928,acf:1928/acf:0002,NCGR,2,acf:1928/acf:0003,NCGR,3,1,adjacent_graphics_slots,False
acf:1928,acf:1928/acf:0003,NCGR,3,acf:1928/acf:0004,NCGR,4,1,adjacent_graphics_slots,False
acf:1928,acf:1928/acf:0004,NCGR,4,acf:1928/acf:0005,NCER,5,1,adjacent_graphics_slots,False
acf:1928,acf:1928/acf:0005,NCER,5,acf:1928/acf:0006,NCER,6,1,adjacent_graphics_slots,False
acf:1928,acf:1928/acf:0006,NCER,6,acf:1928/acf:0007,NCER,7,1,adjacent_graphics_slots,False
acf:1928,acf:1928/acf:0007,NCER,7,acf:1928/acf:0008,NCER,8,1,adjacent_graphics_slots,False
acf:1928,acf:1928/acf:0008,NCER,8,acf:1928/acf:0009,NCER,9,1,adjacent_graphics_slots,False
acf:1929,acf:1929/acf:0001,NCLR,1,acf:1929/acf:0002,NCGR,2,1,adjacent_graphics_slots,False
acf:1929,acf:1929/acf:0002,NCGR,2,acf:1929/acf:0003,NCGR,3,1,adjacent_graphics_slots,False
acf:1929,acf:1929/acf:0003,NCGR,3,acf:1929/acf:0004,NCGR,4,1,adjacent_graphics_slots,False
acf:1929,acf:1929/acf:0004,NCGR,4,acf:1929/acf:0005,NCER,5,1,adjacent_graphics_slots,False
acf:1929,acf:1929/acf:0005,NCER,5,acf:1929/acf:0006,NCER,6,1,adjacent_graphics_slots,False
acf:1929,acf:1929/acf:0006,NCER,6,acf:1929/acf:0007,NCER,7,1,adjacent_graphics_slots,False
acf:1929,acf:1929/acf:0007,NCER,7,acf:1929/acf:0008,NCER,8,1,adjacent_graphics_slots,False
acf:1929,acf:1929/acf:0008,NCER,8,acf:1929/acf:0009,NCER,9,1,adjacent_graphics_slots,False
acf:1930,acf:1930/acf:0001,NCLR,1,acf:1930/acf:0002,NCGR,2,1,adjacent_graphics_slots,False
acf:1930,acf:1930/acf:0002,NCGR,2,acf:1930/acf:0003,NCGR,3,1,adjacent_graphics_slots,False
acf:1930,acf:1930/acf:0003,NCGR,3,acf:1930/acf:0004,NCGR,4,1,adjacent_graphics_slots,False
acf:1930,acf:1930/acf:0004,NCGR,4,acf:1930/acf:0005,NCER,5,1,adjacent_graphics_slots,False
acf:1930,acf:1930/acf:0005,NCER,5,acf:1930/acf:0006,NCER,6,1,adjacent_graphics_slots,False
acf:1930,acf:1930/acf:0006,NCER,6,acf:1930/acf:0007,NCER,7,1,adjacent_graphics_slots,False
acf:1930,acf:1930/acf:0007,NCER,7,acf:1930/acf:0008,NCER,8,1,adjacent_graphics_slots,False
acf:1930,acf:1930/acf:0008,NCER,8,acf:1930/acf:0009,NCER,9,1,adjacent_graphics_slots,False
acf:1930,acf:1930/acf:0009,NCER,9,acf:1930/acf:0010,NCER,10,1,adjacent_graphics_slots,False
acf:1931,acf:1931/acf:0001,NCLR,1,acf:1931/acf:0002,NCGR,2,1,adjacent_graphics_slots,False
acf:1931,acf:1931/acf:0002,NCGR,2,acf:1931/acf:0003,NCGR,3,1,adjacent_graphics_slots,False
acf:1931,acf:1931/acf:0003,NCGR,3,acf:1931/acf:0004,NCGR,4,1,adjacent_graphics_slots,False
acf:1931,acf:1931/acf:0004,NCGR,4,acf:1931/acf:0005,NCER,5,1,adjacent_graphics_slots,False
acf:1931,acf:1931/acf:0005,NCER,5,acf:1931/acf:0006,NCER,6,1,adjacent_graphics_slots,False
acf:1931,acf:1931/acf:0006,NCER,6,acf:1931/acf:0007,NCER,7,1,adjacent_graphics_slots,False
acf:1931,acf:1931/acf:0007,NCER,7,acf:1931/acf:0008,NCER,8,1,adjacent_graphics_slots,False
acf:1931,acf:1931/acf:0008,NCER,8,acf:1931/acf:0009,NCER,9,1,adjacent_graphics_slots,False
acf:1932,acf:1932/acf:0001,NCLR,1,acf:1932/acf:0002,NCGR,2,1,adjacent_graphics_slots,False
acf:1932,acf:1932/acf:0002,NCGR,2,acf:1932/acf:0003,NCGR,3,1,adjacent_graphics_slots,False
acf:1932,acf:1932/acf:0003,NCGR,3,acf:1932/acf:0004,NCER,4,1,adjacent_graphics_slots,False
acf:1932,acf:1932/acf:0004,NCER,4,acf:1932/acf:0005,NCER,5,1,adjacent_graphics_slots,False
acf:1932,acf:1932/acf:0005,NCER,5,acf:1932/acf:0006,NCER,6,1,adjacent_graphics_slots,False
acf:1932,acf:1932/acf:0006,NCER,6,acf:1932/acf:0007,NCER,7,1,adjacent_graphics_slots,False
acf:1932,acf:1932/acf:0007,NCER,7,acf:1932/acf:0008,NCER,8,1,adjacent_graphics_slots,False
acf:1933,acf:1933/acf:0001,NCLR,1,acf:1933/acf:0002,NCGR,2,1,adjacent_graphics_slots,False
acf:1933,acf:1933/acf:0002,NCGR,2,acf:1933/acf:0003,NCGR,3,1,adjacent_graphics_slots,False
acf:1933,acf:1933/acf:0003,NCGR,3,acf:1933/acf:0004,NCGR,4,1,adjacent_graphics_slots,False
acf:1933,acf:1933/acf:0004,NCGR,4,acf:1933/acf:0005,NCER,5,1,adjacent_graphics_slots,False
acf:1933,acf:1933/acf:0005,NCER,5,acf:1933/acf:0006,NCER,6,1,adjacent_graphics_slots,False
acf:1933,acf:1933/acf:0006,NCER,6,acf:1933/acf:0007,NCER,7,1,adjacent_graphics_slots,False
acf:1933,acf:1933/acf:0007,NCER,7,acf:1933/acf:0008,NCER,8,1,adjacent_graphics_slots,False
acf:1933,acf:1933/acf:0008,NCER,8,acf:1933/acf:0009,NCER,9,1,adjacent_graphics_slots,False
acf:1934,acf:1934/acf:0001,NCLR,1,acf:1934/acf:0002,NCGR,2,1,adjacent_graphics_slots,False
acf:1934,acf:1934/acf:0002,NCGR,2,acf:1934/acf:0003,NCGR,3,1,adjacent_graphics_slots,False
acf:1934,acf:1934/acf:0003,NCGR,3,acf:1934/acf:0004,NCGR,4,1,adjacent_graphics_slots,False
acf:1934,acf:1934/acf:0004,NCGR,4,acf:1934/acf:0005,NCER,5,1,adjacent_graphics_slots,False
acf:1934,acf:1934/acf:0005,NCER,5,acf:1934/acf:0006,NCER,6,1,adjacent_graphics_slots,False
acf:1934,acf:1934/acf:0006,NCER,6,acf:1934/acf:0007,NCER,7,1,adjacent_graphics_slots,False
acf:1934,acf:1934/acf:0007,NCER,7,acf:1934/acf:0008,NCER,8,1,adjacent_graphics_slots,False
acf:1934,acf:1934/acf:0008,NCER,8,acf:1934/acf:0009,NCER,9,1,adjacent_graphics_slots,False
acf:1935,acf:1935/acf:0001,NCLR,1,acf:1935/acf:0002,NCGR,2,1,adjacent_graphics_slots,False
acf:1935,acf:1935/acf:0002,NCGR,2,acf:1935/acf:0003,NCGR,3,1,adjacent_graphics_slots,False
acf:1935,acf:1935/acf:0003,NCGR,3,acf:1935/acf:0004,NCGR,4,1,adjacent_graphics_slots,False
acf:1935,acf:1935/acf:0004,NCGR,4,acf:1935/acf:0005,NCGR,5,1,adjacent_graphics_slots,False
acf:1935,acf:1935/acf:0005,NCGR,5,acf:1935/acf:0006,NCER,6,1,adjacent_graphics_slots,False
acf:1935,acf:1935/acf:0006,NCER,6,acf:1935/acf:0007,NCER,7,1,adjacent_graphics_slots,False
acf:1935,acf:1935/acf:0007,NCER,7,acf:1935/acf:0008,NCER,8,1,adjacent_graphics_slots,False
acf:1935,acf:1935/acf:0008,NCER,8,acf:1935/acf:0009,NCER,9,1,adjacent_graphics_slots,False
acf:1935,acf:1935/acf:0009,NCER,9,acf:1935/acf:0010,NCER,10,1,adjacent_graphics_slots,False
acf:1935,acf:1935/acf:0010,NCER,10,acf:1935/acf:0011,NCER,11,1,adjacent_graphics_slots,False
acf:1935,acf:1935/acf:0011,NCER,11,acf:1935/acf:0012,NCER,12,1,adjacent_graphics_slots,False
acf:1936,acf:1936/acf:0001,NCLR,1,acf:1936/acf:0002,NCGR,2,1,adjacent_graphics_slots,False
acf:1936,acf:1936/acf:0002,NCGR,2,acf:1936/acf:0003,NCGR,3,1,adjacent_graphics_slots,False
acf:1936,acf:1936/acf:0003,NCGR,3,acf:1936/acf:0004,NCGR,4,1,adjacent_graphics_slots,False
acf:1936,acf:1936/acf:0004,NCGR,4,acf:1936/acf:0005,NCER,5,1,adjacent_graphics_slots,False
acf:1936,acf:1936/acf:0005,NCER,5,acf:1936/acf:0006,NCER,6,1,adjacent_graphics_slots,False
acf:1936,acf:1936/acf:0006,NCER,6,acf:1936/acf:0007,NCER,7,1,adjacent_graphics_slots,False
acf:1936,acf:1936/acf:0007,NCER,7,acf:1936/acf:0008,NCER,8,1,adjacent_graphics_slots,False
acf:1936,acf:1936/acf:0008,NCER,8,acf:1936/acf:0009,NCER,9,1,adjacent_graphics_slots,False
acf:1936,acf:1936/acf:0009,NCER,9,acf:1936/acf:0010,NCER,10,1,adjacent_graphics_slots,False
acf:1937,acf:1937/acf:0001,NCLR,1,acf:1937/acf:0002,NCGR,2,1,adjacent_graphics_slots,False
acf:1937,acf:1937/acf:0002,NCGR,2,acf:1937/acf:0003,NCGR,3,1,adjacent_graphics_slots,False
acf:1937,acf:1937/acf:0003,NCGR,3,acf:1937/acf:0004,NCGR,4,1,adjacent_graphics_slots,False
acf:1937,acf:1937/acf:0004,NCGR,4,acf:1937/acf:0005,NCER,5,1,adjacent_graphics_slots,False
acf:1937,acf:1937/acf:0005,NCER,5,acf:1937/acf:0006,NCER,6,1,adjacent_graphics_slots,False
acf:1937,acf:1937/acf:0006,NCER,6,acf:1937/acf:0007,NCER,7,1,adjacent_graphics_slots,False
acf:1937,acf:1937/acf:0007,NCER,7,acf:1937/acf:0008,NCER,8,1,adjacent_graphics_slots,False
acf:1937,acf:1937/acf:0008,NCER,8,acf:1937/acf:0009,NCER,9,1,adjacent_graphics_slots,False
acf:1937,acf:1937/acf:0009,NCER,9,acf:1937/acf:0010,NCER,10,1,adjacent_graphics_slots,False
acf:1938,acf:1938/acf:0001,NCLR,1,acf:1938/acf:0002,NCGR,2,1,adjacent_graphics_slots,False
acf:1938,acf:1938/acf:0002,NCGR,2,acf:1938/acf:0003,NCGR,3,1,adjacent_graphics_slots,False
acf:1938,acf:1938/acf:0003,NCGR,3,acf:1938/acf:0004,NCGR,4,1,adjacent_graphics_slots,False
acf:1938,acf:1938/acf:0004,NCGR,4,acf:1938/acf:0005,NCER,5,1,adjacent_graphics_slots,False
acf:1938,acf:1938/acf:0005,NCER,5,acf:1938/acf:0006,NCER,6,1,adjacent_graphics_slots,False
acf:1938,acf:1938/acf:0006,NCER,6,acf:1938/acf:0007,NCER,7,1,adjacent_graphics_slots,False
acf:1938,acf:1938/acf:0007,NCER,7,acf:1938/acf:0008,NCER,8,1,adjacent_graphics_slots,False
acf:1938,acf:1938/acf:0008,NCER,8,acf:1938/acf:0009,NCER,9,1,adjacent_graphics_slots,False
acf:1939,acf:1939/acf:0001,NCLR,1,acf:1939/acf:0002,NCGR,2,1,adjacent_graphics_slots,False
acf:1939,acf:1939/acf:0002,NCGR,2,acf:1939/acf:0003,NCGR,3,1,adjacent_graphics_slots,False
acf:1939,acf:1939/acf:0003,NCGR,3,acf:1939/acf:0004,NCGR,4,1,adjacent_graphics_slots,False
acf:1939,acf:1939/acf:0004,NCGR,4,acf:1939/acf:0005,NCER,5,1,adjacent_graphics_slots,False
acf:1939,acf:1939/acf:0005,NCER,5,acf:1939/acf:0006,NCER,6,1,adjacent_graphics_slots,False
acf:1939,acf:1939/acf:0006,NCER,6,acf:1939/acf:0007,NCER,7,1,adjacent_graphics_slots,False
acf:1939,acf:1939/acf:0007,NCER,7,acf:1939/acf:0008,NCER,8,1,adjacent_graphics_slots,False
acf:1939,acf:1939/acf:0008,NCER,8,acf:1939/acf:0009,NCER,9,1,adjacent_graphics_slots,False
acf:1940,acf:1940/acf:0001,NCLR,1,acf:1940/acf:0002,NCGR,2,1,adjacent_graphics_slots,False
acf:1940,acf:1940/acf:0002,NCGR,2,acf:1940/acf:0003,NCGR,3,1,adjacent_graphics_slots,False
acf:1940,acf:1940/acf:0003,NCGR,3,acf:1940/acf:0004,NCGR,4,1,adjacent_graphics_slots,False
acf:1940,acf:1940/acf:0004,NCGR,4,acf:1940/acf:0005,NCGR,5,1,adjacent_graphics_slots,False
acf:1940,acf:1940/acf:0005,NCGR,5,acf:1940/acf:0006,NCER,6,1,adjacent_graphics_slots,False
acf:1940,acf:1940/acf:0006,NCER,6,acf:1940/acf:0007,NCER,7,1,adjacent_graphics_slots,False
acf:1940,acf:1940/acf:0007,NCER,7,acf:1940/acf:0008,NCER,8,1,adjacent_graphics_slots,False
acf:1940,acf:1940/acf:0008,NCER,8,acf:1940/acf:0009,NCER,9,1,adjacent_graphics_slots,False
acf:1940,acf:1940/acf:0009,NCER,9,acf:1940/acf:0010,NCER,10,1,adjacent_graphics_slots,False
acf:1940,acf:1940/acf:0010,NCER,10,acf:1940/acf:0011,NCER,11,1,adjacent_graphics_slots,False
acf:1940,acf:1940/acf:0011,NCER,11,acf:1940/acf:0012,NCER,12,1,adjacent_graphics_slots,False
acf:1941,acf:1941/acf:0001,NCLR,1,acf:1941/acf:0002,NCGR,2,1,adjacent_graphics_slots,False
acf:1941,acf:1941/acf:0002,NCGR,2,acf:1941/acf:0003,NCGR,3,1,adjacent_graphics_slots,False
acf:1941,acf:1941/acf:0003,NCGR,3,acf:1941/acf:0004,NCGR,4,1,adjacent_graphics_slots,False
acf:1941,acf:1941/acf:0004,NCGR,4,acf:1941/acf:0005,NCGR,5,1,adjacent_graphics_slots,False
acf:1941,acf:1941/acf:0005,NCGR,5,acf:1941/acf:0006,NCER,6,1,adjacent_graphics_slots,False
acf:1941,acf:1941/acf:0006,NCER,6,acf:1941/acf:0007,NCER,7,1,adjacent_graphics_slots,False
acf:1941,acf:1941/acf:0007,NCER,7,acf:1941/acf:0008,NCER,8,1,adjacent_graphics_slots,False
acf:1941,acf:1941/acf:0008,NCER,8,acf:1941/acf:0009,NCER,9,1,adjacent_graphics_slots,False
acf:1941,acf:1941/acf:0009,NCER,9,acf:1941/acf:0010,NCER,10,1,adjacent_graphics_slots,False
acf:1941,acf:1941/acf:0010,NCER,10,acf:1941/acf:0011,NCER,11,1,adjacent_graphics_slots,False
acf:1941,acf:1941/acf:0011,NCER,11,acf:1941/acf:0012,NCER,12,1,adjacent_graphics_slots,False
acf:1942,acf:1942/acf:0001,NCLR,1,acf:1942/acf:0002,NCGR,2,1,adjacent_graphics_slots,False
acf:1942,acf:1942/acf:0002,NCGR,2,acf:1942/acf:0003,NCGR,3,1,adjacent_graphics_slots,False
acf:1942,acf:1942/acf:0003,NCGR,3,acf:1942/acf:0004,NCGR,4,1,adjacent_graphics_slots,False
acf:1942,acf:1942/acf:0004,NCGR,4,acf:1942/acf:0005,NCER,5,1,adjacent_graphics_slots,False
acf:1942,acf:1942/acf:0005,NCER,5,acf:1942/acf:0006,NCER,6,1,adjacent_graphics_slots,False
acf:1942,acf:1942/acf:0006,NCER,6,acf:1942/acf:0007,NCER,7,1,adjacent_graphics_slots,False
acf:1942,acf:1942/acf:0007,NCER,7,acf:1942/acf:0008,NCER,8,1,adjacent_graphics_slots,False
acf:1942,acf:1942/acf:0008,NCER,8,acf:1942/acf:0009,NCER,9,1,adjacent_graphics_slots,False
acf:1943,acf:1943/acf:0001,NCLR,1,acf:1943/acf:0002,NCGR,2,1,adjacent_graphics_slots,False
acf:1943,acf:1943/acf:0002,NCGR,2,acf:1943/acf:0003,NCGR,3,1,adjacent_graphics_slots,False
acf:1943,acf:1943/acf:0003,NCGR,3,acf:1943/acf:0004,NCGR,4,1,adjacent_graphics_slots,False
acf:1943,acf:1943/acf:0004,NCGR,4,acf:1943/acf:0005,NCER,5,1,adjacent_graphics_slots,False
acf:1943,acf:1943/acf:0005,NCER,5,acf:1943/acf:0006,NCER,6,1,adjacent_graphics_slots,False
acf:1943,acf:1943/acf:0006,NCER,6,acf:1943/acf:0007,NCER,7,1,adjacent_graphics_slots,False
acf:1943,acf:1943/acf:0007,NCER,7,acf:1943/acf:0008,NCER,8,1,adjacent_graphics_slots,False
acf:1943,acf:1943/acf:0008,NCER,8,acf:1943/acf:0009,NCER,9,1,adjacent_graphics_slots,False
acf:1944,acf:1944/acf:0001,NCLR,1,acf:1944/acf:0002,NCGR,2,1,adjacent_graphics_slots,False
acf:1944,acf:1944/acf:0002,NCGR,2,acf:1944/acf:0003,NCGR,3,1,adjacent_graphics_slots,False
acf:1944,acf:1944/acf:0003,NCGR,3,acf:1944/acf:0004,NCGR,4,1,adjacent_graphics_slots,False
acf:1944,acf:1944/acf:0004,NCGR,4,acf:1944/acf:0005,NCER,5,1,adjacent_graphics_slots,False
acf:1944,acf:1944/acf:0005,NCER,5,acf:1944/acf:0006,NCER,6,1,adjacent_graphics_slots,False
acf:1944,acf:1944/acf:0006,NCER,6,acf:1944/acf:0007,NCER,7,1,adjacent_graphics_slots,False
acf:1944,acf:1944/acf:0007,NCER,7,acf:1944/acf:0008,NCER,8,1,adjacent_graphics_slots,False
acf:1944,acf:1944/acf:0008,NCER,8,acf:1944/acf:0009,NCER,9,1,adjacent_graphics_slots,False
acf:1945,acf:1945/acf:0001,NCLR,1,acf:1945/acf:0002,NCGR,2,1,adjacent_graphics_slots,False
acf:1945,acf:1945/acf:0002,NCGR,2,acf:1945/acf:0003,NCGR,3,1,adjacent_graphics_slots,False
acf:1945,acf:1945/acf:0003,NCGR,3,acf:1945/acf:0004,NCGR,4,1,adjacent_graphics_slots,False
acf:1945,acf:1945/acf:0004,NCGR,4,acf:1945/acf:0005,NCER,5,1,adjacent_graphics_slots,False
acf:1945,acf:1945/acf:0005,NCER,5,acf:1945/acf:0006,NCER,6,1,adjacent_graphics_slots,False
acf:1945,acf:1945/acf:0006,NCER,6,acf:1945/acf:0007,NCER,7,1,adjacent_graphics_slots,False
acf:1945,acf:1945/acf:0007,NCER,7,acf:1945/acf:0008,NCER,8,1,adjacent_graphics_slots,False
acf:1945,acf:1945/acf:0008,NCER,8,acf:1945/acf:0009,NCER,9,1,adjacent_graphics_slots,False
acf:1946,acf:1946/acf:0001,NCLR,1,acf:1946/acf:0002,NCGR,2,1,adjacent_graphics_slots,False
acf:1946,acf:1946/acf:0002,NCGR,2,acf:1946/acf:0003,NCGR,3,1,adjacent_graphics_slots,False
acf:1946,acf:1946/acf:0003,NCGR,3,acf:1946/acf:0004,NCGR,4,1,adjacent_graphics_slots,False
acf:1946,acf:1946/acf:0004,NCGR,4,acf:1946/acf:0005,NCER,5,1,adjacent_graphics_slots,False
acf:1946,acf:1946/acf:0005,NCER,5,acf:1946/acf:0006,NCER,6,1,adjacent_graphics_slots,False
acf:1946,acf:1946/acf:0006,NCER,6,acf:1946/acf:0007,NCER,7,1,adjacent_graphics_slots,False
acf:1946,acf:1946/acf:0007,NCER,7,acf:1946/acf:0008,NCER,8,1,adjacent_graphics_slots,False
acf:1946,acf:1946/acf:0008,NCER,8,acf:1946/acf:0009,NCER,9,1,adjacent_graphics_slots,False
acf:1947,acf:1947/acf:0001,NCLR,1,acf:1947/acf:0002,NCGR,2,1,adjacent_graphics_slots,False
acf:1947,acf:1947/acf:0002,NCGR,2,acf:1947/acf:0003,NCGR,3,1,adjacent_graphics_slots,False
acf:1947,acf:1947/acf:0003,NCGR,3,acf:1947/acf:0004,NCGR,4,1,adjacent_graphics_slots,False
acf:1947,acf:1947/acf:0004,NCGR,4,acf:1947/acf:0005,NCER,5,1,adjacent_graphics_slots,False
acf:1947,acf:1947/acf:0005,NCER,5,acf:1947/acf:0006,NCER,6,1,adjacent_graphics_slots,False
acf:1947,acf:1947/acf:0006,NCER,6,acf:1947/acf:0007,NCER,7,1,adjacent_graphics_slots,False
acf:1947,acf:1947/acf:0007,NCER,7,acf:1947/acf:0008,NCER,8,1,adjacent_graphics_slots,False
acf:1947,acf:1947/acf:0008,NCER,8,acf:1947/acf:0009,NCER,9,1,adjacent_graphics_slots,False
acf:1948,acf:1948/acf:0001,NCLR,1,acf:1948/acf:0002,NCGR,2,1,adjacent_graphics_slots,False
acf:1948,acf:1948/acf:0002,NCGR,2,acf:1948/acf:0003,NCGR,3,1,adjacent_graphics_slots,False
acf:1948,acf:1948/acf:0003,NCGR,3,acf:1948/acf:0004,NCGR,4,1,adjacent_graphics_slots,False
acf:1948,acf:1948/acf:0004,NCGR,4,acf:1948/acf:0005,NCER,5,1,adjacent_graphics_slots,False
acf:1948,acf:1948/acf:0005,NCER,5,acf:1948/acf:0006,NCER,6,1,adjacent_graphics_slots,False
acf:1948,acf:1948/acf:0006,NCER,6,acf:1948/acf:0007,NCER,7,1,adjacent_graphics_slots,False
acf:1948,acf:1948/acf:0007,NCER,7,acf:1948/acf:0008,NCER,8,1,adjacent_graphics_slots,False
acf:1948,acf:1948/acf:0008,NCER,8,acf:1948/acf:0009,NCER,9,1,adjacent_graphics_slots,False
acf:1949,acf:1949/acf:0001,NCLR,1,acf:1949/acf:0002,NCGR,2,1,adjacent_graphics_slots,False
acf:1949,acf:1949/acf:0002,NCGR,2,acf:1949/acf:0003,NCGR,3,1,adjacent_graphics_slots,False
acf:1949,acf:1949/acf:0003,NCGR,3,acf:1949/acf:0004,NCGR,4,1,adjacent_graphics_slots,False
acf:1949,acf:1949/acf:0004,NCGR,4,acf:1949/acf:0005,NCER,5,1,adjacent_graphics_slots,False
acf:1949,acf:1949/acf:0005,NCER,5,acf:1949/acf:0006,NCER,6,1,adjacent_graphics_slots,False
acf:1949,acf:1949/acf:0006,NCER,6,acf:1949/acf:0007,NCER,7,1,adjacent_graphics_slots,False
acf:1949,acf:1949/acf:0007,NCER,7,acf:1949/acf:0008,NCER,8,1,adjacent_graphics_slots,False
acf:1949,acf:1949/acf:0008,NCER,8,acf:1949/acf:0009,NCER,9,1,adjacent_graphics_slots,False
acf:1950,acf:1950/acf:0001,NCLR,1,acf:1950/acf:0002,NCGR,2,1,adjacent_graphics_slots,False
acf:1950,acf:1950/acf:0002,NCGR,2,acf:1950/acf:0003,NCGR,3,1,adjacent_graphics_slots,False
acf:1950,acf:1950/acf:0003,NCGR,3,acf:1950/acf:0004,NCGR,4,1,adjacent_graphics_slots,False
acf:1950,acf:1950/acf:0004,NCGR,4,acf:1950/acf:0005,NCER,5,1,adjacent_graphics_slots,False
acf:1950,acf:1950/acf:0005,NCER,5,acf:1950/acf:0006,NCER,6,1,adjacent_graphics_slots,False
acf:1950,acf:1950/acf:0006,NCER,6,acf:1950/acf:0007,NCER,7,1,adjacent_graphics_slots,False
acf:1950,acf:1950/acf:0007,NCER,7,acf:1950/acf:0008,NCER,8,1,adjacent_graphics_slots,False
acf:1950,acf:1950/acf:0008,NCER,8,acf:1950/acf:0009,NCER,9,1,adjacent_graphics_slots,False
acf:1951,acf:1951/acf:0001,NCLR,1,acf:1951/acf:0002,NCGR,2,1,adjacent_graphics_slots,False
acf:1951,acf:1951/acf:0002,NCGR,2,acf:1951/acf:0003,NCGR,3,1,adjacent_graphics_slots,False
acf:1951,acf:1951/acf:0003,NCGR,3,acf:1951/acf:0004,NCGR,4,1,adjacent_graphics_slots,False
acf:1951,acf:1951/acf:0004,NCGR,4,acf:1951/acf:0005,NCER,5,1,adjacent_graphics_slots,False
acf:1951,acf:1951/acf:0005,NCER,5,acf:1951/acf:0006,NCER,6,1,adjacent_graphics_slots,False
acf:1951,acf:1951/acf:0006,NCER,6,acf:1951/acf:0007,NCER,7,1,adjacent_graphics_slots,False
acf:1951,acf:1951/acf:0007,NCER,7,acf:1951/acf:0008,NCER,8,1,adjacent_graphics_slots,False
acf:1951,acf:1951/acf:0008,NCER,8,acf:1951/acf:0009,NCER,9,1,adjacent_graphics_slots,False
acf:1952,acf:1952/acf:0001,NCLR,1,acf:1952/acf:0002,NCGR,2,1,adjacent_graphics_slots,False
acf:1952,acf:1952/acf:0002,NCGR,2,acf:1952/acf:0003,NCGR,3,1,adjacent_graphics_slots,False
acf:1952,acf:1952/acf:0003,NCGR,3,acf:1952/acf:0004,NCGR,4,1,adjacent_graphics_slots,False
acf:1952,acf:1952/acf:0004,NCGR,4,acf:1952/acf:0005,NCER,5,1,adjacent_graphics_slots,False
acf:1952,acf:1952/acf:0005,NCER,5,acf:1952/acf:0006,NCER,6,1,adjacent_graphics_slots,False
acf:1952,acf:1952/acf:0006,NCER,6,acf:1952/acf:0007,NCER,7,1,adjacent_graphics_slots,False
acf:1952,acf:1952/acf:0007,NCER,7,acf:1952/acf:0008,NCER,8,1,adjacent_graphics_slots,False
acf:1952,acf:1952/acf:0008,NCER,8,acf:1952/acf:0009,NCER,9,1,adjacent_graphics_slots,False
acf:1953,acf:1953/acf:0001,NCLR,1,acf:1953/acf:0002,NCGR,2,1,adjacent_graphics_slots,False
acf:1953,acf:1953/acf:0002,NCGR,2,acf:1953/acf:0003,NCGR,3,1,adjacent_graphics_slots,False
acf:1953,acf:1953/acf:0003,NCGR,3,acf:1953/acf:0004,NCGR,4,1,adjacent_graphics_slots,False
acf:1953,acf:1953/acf:0004,NCGR,4,acf:1953/acf:0005,NCER,5,1,adjacent_graphics_slots,False
acf:1953,acf:1953/acf:0005,NCER,5,acf:1953/acf:0006,NCER,6,1,adjacent_graphics_slots,False
acf:1953,acf:1953/acf:0006,NCER,6,acf:1953/acf:0007,NCER,7,1,adjacent_graphics_slots,False
acf:1953,acf:1953/acf:0007,NCER,7,acf:1953/acf:0008,NCER,8,1,adjacent_graphics_slots,False
acf:1953,acf:1953/acf:0008,NCER,8,acf:1953/acf:0009,NCER,9,1,adjacent_graphics_slots,False
acf:1953,acf:1953/acf:0009,NCER,9,acf:1953/acf:0010,NCER,10,1,adjacent_graphics_slots,False
acf:1954,acf:1954/acf:0001,NCLR,1,acf:1954/acf:0002,NCGR,2,1,adjacent_graphics_slots,False
acf:1954,acf:1954/acf:0002,NCGR,2,acf:1954/acf:0003,NCGR,3,1,adjacent_graphics_slots,False
acf:1954,acf:1954/acf:0003,NCGR,3,acf:1954/acf:0004,NCGR,4,1,adjacent_graphics_slots,False
acf:1954,acf:1954/acf:0004,NCGR,4,acf:1954/acf:0005,NCGR,5,1,adjacent_graphics_slots,False
acf:1954,acf:1954/acf:0005,NCGR,5,acf:1954/acf:0006,NCER,6,1,adjacent_graphics_slots,False
acf:1954,acf:1954/acf:0006,NCER,6,acf:1954/acf:0007,NCER,7,1,adjacent_graphics_slots,False
acf:1954,acf:1954/acf:0007,NCER,7,acf:1954/acf:0008,NCER,8,1,adjacent_graphics_slots,False
acf:1954,acf:1954/acf:0008,NCER,8,acf:1954/acf:0009,NCER,9,1,adjacent_graphics_slots,False
acf:1954,acf:1954/acf:0009,NCER,9,acf:1954/acf:0010,NCER,10,1,adjacent_graphics_slots,False
acf:1954,acf:1954/acf:0010,NCER,10,acf:1954/acf:0011,NCER,11,1,adjacent_graphics_slots,False
acf:1954,acf:1954/acf:0011,NCER,11,acf:1954/acf:0012,NCER,12,1,adjacent_graphics_slots,False
acf:1955,acf:1955/acf:0001,NCLR,1,acf:1955/acf:0002,NCGR,2,1,adjacent_graphics_slots,False
acf:1955,acf:1955/acf:0002,NCGR,2,acf:1955/acf:0003,NCGR,3,1,adjacent_graphics_slots,False
acf:1955,acf:1955/acf:0003,NCGR,3,acf:1955/acf:0004,NCGR,4,1,adjacent_graphics_slots,False
acf:1955,acf:1955/acf:0004,NCGR,4,acf:1955/acf:0005,NCER,5,1,adjacent_graphics_slots,False
acf:1955,acf:1955/acf:0005,NCER,5,acf:1955/acf:0006,NCER,6,1,adjacent_graphics_slots,False
acf:1955,acf:1955/acf:0006,NCER,6,acf:1955/acf:0007,NCER,7,1,adjacent_graphics_slots,False
acf:1955,acf:1955/acf:0007,NCER,7,acf:1955/acf:0008,NCER,8,1,adjacent_graphics_slots,False
acf:1955,acf:1955/acf:0008,NCER,8,acf:1955/acf:0009,NCER,9,1,adjacent_graphics_slots,False
acf:1956,acf:1956/acf:0001,NCLR,1,acf:1956/acf:0002,NCGR,2,1,adjacent_graphics_slots,False
acf:1956,acf:1956/acf:0002,NCGR,2,acf:1956/acf:0003,NCGR,3,1,adjacent_graphics_slots,False
acf:1956,acf:1956/acf:0003,NCGR,3,acf:1956/acf:0004,NCGR,4,1,adjacent_graphics_slots,False
acf:1956,acf:1956/acf:0004,NCGR,4,acf:1956/acf:0005,NCER,5,1,adjacent_graphics_slots,False
acf:1956,acf:1956/acf:0005,NCER,5,acf:1956/acf:0006,NCER,6,1,adjacent_graphics_slots,False
acf:1956,acf:1956/acf:0006,NCER,6,acf:1956/acf:0007,NCER,7,1,adjacent_graphics_slots,False
acf:1956,acf:1956/acf:0007,NCER,7,acf:1956/acf:0008,NCER,8,1,adjacent_graphics_slots,False
acf:1956,acf:1956/acf:0008,NCER,8,acf:1956/acf:0009,NCER,9,1,adjacent_graphics_slots,False
acf:1957,acf:1957/acf:0001,NCLR,1,acf:1957/acf:0002,NCGR,2,1,adjacent_graphics_slots,False
acf:1957,acf:1957/acf:0002,NCGR,2,acf:1957/acf:0003,NCGR,3,1,adjacent_graphics_slots,False
acf:1957,acf:1957/acf:0003,NCGR,3,acf:1957/acf:0004,NCGR,4,1,adjacent_graphics_slots,False
acf:1957,acf:1957/acf:0004,NCGR,4,acf:1957/acf:0005,NCER,5,1,adjacent_graphics_slots,False
acf:1957,acf:1957/acf:0005,NCER,5,acf:1957/acf:0006,NCER,6,1,adjacent_graphics_slots,False
acf:1957,acf:1957/acf:0006,NCER,6,acf:1957/acf:0007,NCER,7,1,adjacent_graphics_slots,False
acf:1957,acf:1957/acf:0007,NCER,7,acf:1957/acf:0008,NCER,8,1,adjacent_graphics_slots,False
acf:1957,acf:1957/acf:0008,NCER,8,acf:1957/acf:0009,NCER,9,1,adjacent_graphics_slots,False
acf:1957,acf:1957/acf:0009,NCER,9,acf:1957/acf:0010,NCER,10,1,adjacent_graphics_slots,False
acf:1958,acf:1958/acf:0001,NCLR,1,acf:1958/acf:0002,NCGR,2,1,adjacent_graphics_slots,False
acf:1958,acf:1958/acf:0002,NCGR,2,acf:1958/acf:0003,NCGR,3,1,adjacent_graphics_slots,False
acf:1958,acf:1958/acf:0003,NCGR,3,acf:1958/acf:0004,NCGR,4,1,adjacent_graphics_slots,False
acf:1958,acf:1958/acf:0004,NCGR,4,acf:1958/acf:0005,NCER,5,1,adjacent_graphics_slots,False
acf:1958,acf:1958/acf:0005,NCER,5,acf:1958/acf:0006,NCER,6,1,adjacent_graphics_slots,False
acf:1958,acf:1958/acf:0006,NCER,6,acf:1958/acf:0007,NCER,7,1,adjacent_graphics_slots,False
acf:1958,acf:1958/acf:0007,NCER,7,acf:1958/acf:0008,NCER,8,1,adjacent_graphics_slots,False
acf:1958,acf:1958/acf:0008,NCER,8,acf:1958/acf:0009,NCER,9,1,adjacent_graphics_slots,False
acf:1959,acf:1959/acf:0001,NCLR,1,acf:1959/acf:0002,NCGR,2,1,adjacent_graphics_slots,False
acf:1959,acf:1959/acf:0002,NCGR,2,acf:1959/acf:0003,NCER,3,1,adjacent_graphics_slots,False
acf:1960,acf:1960/acf:0001,NCLR,1,acf:1960/acf:0002,NCGR,2,1,adjacent_graphics_slots,False
acf:1960,acf:1960/acf:0002,NCGR,2,acf:1960/acf:0003,NCER,3,1,adjacent_graphics_slots,False
acf:1961,acf:1961/acf:0001,NCLR,1,acf:1961/acf:0002,NCGR,2,1,adjacent_graphics_slots,False
acf:1961,acf:1961/acf:0002,NCGR,2,acf:1961/acf:0003,NCGR,3,1,adjacent_graphics_slots,False
acf:1961,acf:1961/acf:0003,NCGR,3,acf:1961/acf:0004,NCGR,4,1,adjacent_graphics_slots,False
acf:1961,acf:1961/acf:0004,NCGR,4,acf:1961/acf:0005,NCER,5,1,adjacent_graphics_slots,False
acf:1961,acf:1961/acf:0005,NCER,5,acf:1961/acf:0006,NCER,6,1,adjacent_graphics_slots,False
acf:1961,acf:1961/acf:0006,NCER,6,acf:1961/acf:0007,NCER,7,1,adjacent_graphics_slots,False
acf:1961,acf:1961/acf:0007,NCER,7,acf:1961/acf:0008,NCER,8,1,adjacent_graphics_slots,False
acf:1961,acf:1961/acf:0008,NCER,8,acf:1961/acf:0009,NCER,9,1,adjacent_graphics_slots,False
acf:1962,acf:1962/acf:0001,NCLR,1,acf:1962/acf:0002,NCGR,2,1,adjacent_graphics_slots,False
acf:1962,acf:1962/acf:0002,NCGR,2,acf:1962/acf:0003,NCER,3,1,adjacent_graphics_slots,False
acf:1963,acf:1963/acf:0001,NCLR,1,acf:1963/acf:0002,NCGR,2,1,adjacent_graphics_slots,False
acf:1963,acf:1963/acf:0002,NCGR,2,acf:1963/acf:0003,NCER,3,1,adjacent_graphics_slots,False
acf:1964,acf:1964/acf:0001,NCLR,1,acf:1964/acf:0002,NCGR,2,1,adjacent_graphics_slots,False
acf:1964,acf:1964/acf:0002,NCGR,2,acf:1964/acf:0003,NCGR,3,1,adjacent_graphics_slots,False
acf:1964,acf:1964/acf:0003,NCGR,3,acf:1964/acf:0004,NCGR,4,1,adjacent_graphics_slots,False
acf:1964,acf:1964/acf:0004,NCGR,4,acf:1964/acf:0005,NCGR,5,1,adjacent_graphics_slots,False
acf:1964,acf:1964/acf:0005,NCGR,5,acf:1964/acf:0006,NCGR,6,1,adjacent_graphics_slots,False
acf:1964,acf:1964/acf:0006,NCGR,6,acf:1964/acf:0007,NCGR,7,1,adjacent_graphics_slots,False
acf:1964,acf:1964/acf:0007,NCGR,7,acf:1964/acf:0008,NCER,8,1,adjacent_graphics_slots,False
acf:1964,acf:1964/acf:0008,NCER,8,acf:1964/acf:0009,NCER,9,1,adjacent_graphics_slots,False
acf:1964,acf:1964/acf:0009,NCER,9,acf:1964/acf:0010,NCER,10,1,adjacent_graphics_slots,False
acf:1964,acf:1964/acf:0010,NCER,10,acf:1964/acf:0011,NCER,11,1,adjacent_graphics_slots,False
acf:1964,acf:1964/acf:0011,NCER,11,acf:1964/acf:0012,NCER,12,1,adjacent_graphics_slots,False
acf:1964,acf:1964/acf:0012,NCER,12,acf:1964/acf:0013,NCER,13,1,adjacent_graphics_slots,False
acf:1964,acf:1964/acf:0013,NCER,13,acf:1964/acf:0014,NCER,14,1,adjacent_graphics_slots,False
acf:1964,acf:1964/acf:0014,NCER,14,acf:1964/acf:0015,NCER,15,1,adjacent_graphics_slots,False
acf:1964,acf:1964/acf:0015,NCER,15,acf:1964/acf:0016,NCER,16,1,adjacent_graphics_slots,False
acf:1964,acf:1964/acf:0016,NCER,16,acf:1964/acf:0017,NCER,17,1,adjacent_graphics_slots,False
acf:1964,acf:1964/acf:0017,NCER,17,acf:1964/acf:0018,NCER,18,1,adjacent_graphics_slots,False
acf:1964,acf:1964/acf:0018,NCER,18,acf:1964/acf:0019,NCER,19,1,adjacent_graphics_slots,False
acf:1964,acf:1964/acf:0019,NCER,19,acf:1964/acf:0020,NCER,20,1,adjacent_graphics_slots,False
acf:1964,acf:1964/acf:0020,NCER,20,acf:1964/acf:0021,NCER,21,1,adjacent_graphics_slots,False
acf:1964,acf:1964/acf:0021,NCER,21,acf:1964/acf:0022,NCER,22,1,adjacent_graphics_slots,False
acf:1965,acf:1965/acf:0001,NCLR,1,acf:1965/acf:0002,NCGR,2,1,adjacent_graphics_slots,False
acf:1965,acf:1965/acf:0002,NCGR,2,acf:1965/acf:0003,NCER,3,1,adjacent_graphics_slots,False
acf:1966,acf:1966/acf:0001,NCLR,1,acf:1966/acf:0002,NCGR,2,1,adjacent_graphics_slots,False
acf:1966,acf:1966/acf:0002,NCGR,2,acf:1966/acf:0003,NCER,3,1,adjacent_graphics_slots,False
acf:1967,acf:1967/acf:0001,NCLR,1,acf:1967/acf:0002,NCGR,2,1,adjacent_graphics_slots,False
acf:1967,acf:1967/acf:0002,NCGR,2,acf:1967/acf:0003,NCER,3,1,adjacent_graphics_slots,False
acf:1968,acf:1968/acf:0001,NCLR,1,acf:1968/acf:0002,NCGR,2,1,adjacent_graphics_slots,False
acf:1968,acf:1968/acf:0002,NCGR,2,acf:1968/acf:0003,NCGR,3,1,adjacent_graphics_slots,False
acf:1968,acf:1968/acf:0003,NCGR,3,acf:1968/acf:0004,NCGR,4,1,adjacent_graphics_slots,False
acf:1968,acf:1968/acf:0004,NCGR,4,acf:1968/acf:0005,NCER,5,1,adjacent_graphics_slots,False
acf:1968,acf:1968/acf:0005,NCER,5,acf:1968/acf:0006,NCER,6,1,adjacent_graphics_slots,False
acf:1968,acf:1968/acf:0006,NCER,6,acf:1968/acf:0007,NCER,7,1,adjacent_graphics_slots,False
acf:1968,acf:1968/acf:0007,NCER,7,acf:1968/acf:0008,NCER,8,1,adjacent_graphics_slots,False
acf:1968,acf:1968/acf:0008,NCER,8,acf:1968/acf:0009,NCER,9,1,adjacent_graphics_slots,False
acf:1969,acf:1969/acf:0001,NCLR,1,acf:1969/acf:0002,NCGR,2,1,adjacent_graphics_slots,False
acf:1969,acf:1969/acf:0002,NCGR,2,acf:1969/acf:0003,NCGR,3,1,adjacent_graphics_slots,False
acf:1969,acf:1969/acf:0003,NCGR,3,acf:1969/acf:0004,NCGR,4,1,adjacent_graphics_slots,False
acf:1969,acf:1969/acf:0004,NCGR,4,acf:1969/acf:0005,NCER,5,1,adjacent_graphics_slots,False
acf:1969,acf:1969/acf:0005,NCER,5,acf:1969/acf:0006,NCER,6,1,adjacent_graphics_slots,False
acf:1969,acf:1969/acf:0006,NCER,6,acf:1969/acf:0007,NCER,7,1,adjacent_graphics_slots,False
acf:1969,acf:1969/acf:0007,NCER,7,acf:1969/acf:0008,NCER,8,1,adjacent_graphics_slots,False
acf:1969,acf:1969/acf:0008,NCER,8,acf:1969/acf:0009,NCER,9,1,adjacent_graphics_slots,False
acf:1970,acf:1970/acf:0001,NCLR,1,acf:1970/acf:0002,NCGR,2,1,adjacent_graphics_slots,False
acf:1970,acf:1970/acf:0002,NCGR,2,acf:1970/acf:0003,NCGR,3,1,adjacent_graphics_slots,False
acf:1970,acf:1970/acf:0003,NCGR,3,acf:1970/acf:0004,NCGR,4,1,adjacent_graphics_slots,False
acf:1970,acf:1970/acf:0004,NCGR,4,acf:1970/acf:0005,NCGR,5,1,adjacent_graphics_slots,False
acf:1970,acf:1970/acf:0005,NCGR,5,acf:1970/acf:0006,NCER,6,1,adjacent_graphics_slots,False
acf:1970,acf:1970/acf:0006,NCER,6,acf:1970/acf:0007,NCER,7,1,adjacent_graphics_slots,False
acf:1970,acf:1970/acf:0007,NCER,7,acf:1970/acf:0008,NCER,8,1,adjacent_graphics_slots,False
acf:1970,acf:1970/acf:0008,NCER,8,acf:1970/acf:0009,NCER,9,1,adjacent_graphics_slots,False
acf:1970,acf:1970/acf:0009,NCER,9,acf:1970/acf:0010,NCER,10,1,adjacent_graphics_slots,False
acf:1970,acf:1970/acf:0010,NCER,10,acf:1970/acf:0011,NCER,11,1,adjacent_graphics_slots,False
acf:1970,acf:1970/acf:0011,NCER,11,acf:1970/acf:0012,NCER,12,1,adjacent_graphics_slots,False
acf:1971,acf:1971/acf:0001,NCLR,1,acf:1971/acf:0002,NCGR,2,1,adjacent_graphics_slots,False
acf:1971,acf:1971/acf:0002,NCGR,2,acf:1971/acf:0003,NCER,3,1,adjacent_graphics_slots,False
acf:1971,acf:1971/acf:0003,NCER,3,acf:1971/acf:0004,NCER,4,1,adjacent_graphics_slots,False
acf:1971,acf:1971/acf:0004,NCER,4,acf:1971/acf:0005,NCER,5,1,adjacent_graphics_slots,False
acf:1972,acf:1972/acf:0001,NCLR,1,acf:1972/acf:0002,NCGR,2,1,adjacent_graphics_slots,False
acf:1972,acf:1972/acf:0002,NCGR,2,acf:1972/acf:0003,NCGR,3,1,adjacent_graphics_slots,False
acf:1972,acf:1972/acf:0003,NCGR,3,acf:1972/acf:0004,NCGR,4,1,adjacent_graphics_slots,False
acf:1972,acf:1972/acf:0004,NCGR,4,acf:1972/acf:0005,NCER,5,1,adjacent_graphics_slots,False
acf:1972,acf:1972/acf:0005,NCER,5,acf:1972/acf:0006,NCER,6,1,adjacent_graphics_slots,False
acf:1972,acf:1972/acf:0006,NCER,6,acf:1972/acf:0007,NCER,7,1,adjacent_graphics_slots,False
acf:1972,acf:1972/acf:0007,NCER,7,acf:1972/acf:0008,NCER,8,1,adjacent_graphics_slots,False
acf:1972,acf:1972/acf:0008,NCER,8,acf:1972/acf:0009,NCER,9,1,adjacent_graphics_slots,False
acf:1973,acf:1973/acf:0001,NCLR,1,acf:1973/acf:0002,NCGR,2,1,adjacent_graphics_slots,False
acf:1973,acf:1973/acf:0002,NCGR,2,acf:1973/acf:0003,NCGR,3,1,adjacent_graphics_slots,False
acf:1973,acf:1973/acf:0003,NCGR,3,acf:1973/acf:0004,NCGR,4,1,adjacent_graphics_slots,False
acf:1973,acf:1973/acf:0004,NCGR,4,acf:1973/acf:0005,NCER,5,1,adjacent_graphics_slots,False
acf:1973,acf:1973/acf:0005,NCER,5,acf:1973/acf:0006,NCER,6,1,adjacent_graphics_slots,False
acf:1973,acf:1973/acf:0006,NCER,6,acf:1973/acf:0007,NCER,7,1,adjacent_graphics_slots,False
acf:1973,acf:1973/acf:0007,NCER,7,acf:1973/acf:0008,NCER,8,1,adjacent_graphics_slots,False
acf:1973,acf:1973/acf:0008,NCER,8,acf:1973/acf:0009,NCER,9,1,adjacent_graphics_slots,False
acf:1974,acf:1974/acf:0001,NCLR,1,acf:1974/acf:0002,NCGR,2,1,adjacent_graphics_slots,False
acf:1974,acf:1974/acf:0002,NCGR,2,acf:1974/acf:0003,NCGR,3,1,adjacent_graphics_slots,False
acf:1974,acf:1974/acf:0003,NCGR,3,acf:1974/acf:0004,NCGR,4,1,adjacent_graphics_slots,False
acf:1974,acf:1974/acf:0004,NCGR,4,acf:1974/acf:0005,NCER,5,1,adjacent_graphics_slots,False
acf:1974,acf:1974/acf:0005,NCER,5,acf:1974/acf:0006,NCER,6,1,adjacent_graphics_slots,False
acf:1974,acf:1974/acf:0006,NCER,6,acf:1974/acf:0007,NCER,7,1,adjacent_graphics_slots,False
acf:1974,acf:1974/acf:0007,NCER,7,acf:1974/acf:0008,NCER,8,1,adjacent_graphics_slots,False
acf:1974,acf:1974/acf:0008,NCER,8,acf:1974/acf:0009,NCER,9,1,adjacent_graphics_slots,False
acf:1974,acf:1974/acf:0009,NCER,9,acf:1974/acf:0010,NCER,10,1,adjacent_graphics_slots,False
acf:1975,acf:1975/acf:0001,NCLR,1,acf:1975/acf:0002,NCGR,2,1,adjacent_graphics_slots,False
acf:1975,acf:1975/acf:0002,NCGR,2,acf:1975/acf:0003,NCGR,3,1,adjacent_graphics_slots,False
acf:1975,acf:1975/acf:0003,NCGR,3,acf:1975/acf:0004,NCGR,4,1,adjacent_graphics_slots,False
acf:1975,acf:1975/acf:0004,NCGR,4,acf:1975/acf:0005,NCER,5,1,adjacent_graphics_slots,False
acf:1975,acf:1975/acf:0005,NCER,5,acf:1975/acf:0006,NCER,6,1,adjacent_graphics_slots,False
acf:1975,acf:1975/acf:0006,NCER,6,acf:1975/acf:0007,NCER,7,1,adjacent_graphics_slots,False
acf:1975,acf:1975/acf:0007,NCER,7,acf:1975/acf:0008,NCER,8,1,adjacent_graphics_slots,False
acf:1975,acf:1975/acf:0008,NCER,8,acf:1975/acf:0009,NCER,9,1,adjacent_graphics_slots,False
acf:1976,acf:1976/acf:0001,NCLR,1,acf:1976/acf:0002,NCGR,2,1,adjacent_graphics_slots,False
acf:1976,acf:1976/acf:0002,NCGR,2,acf:1976/acf:0003,NCGR,3,1,adjacent_graphics_slots,False
acf:1976,acf:1976/acf:0003,NCGR,3,acf:1976/acf:0004,NCGR,4,1,adjacent_graphics_slots,False
acf:1976,acf:1976/acf:0004,NCGR,4,acf:1976/acf:0005,NCER,5,1,adjacent_graphics_slots,False
acf:1976,acf:1976/acf:0005,NCER,5,acf:1976/acf:0006,NCER,6,1,adjacent_graphics_slots,False
acf:1976,acf:1976/acf:0006,NCER,6,acf:1976/acf:0007,NCER,7,1,adjacent_graphics_slots,False
acf:1976,acf:1976/acf:0007,NCER,7,acf:1976/acf:0008,NCER,8,1,adjacent_graphics_slots,False
acf:1976,acf:1976/acf:0008,NCER,8,acf:1976/acf:0009,NCER,9,1,adjacent_graphics_slots,False
acf:1977,acf:1977/acf:0001,NCLR,1,acf:1977/acf:0002,NCGR,2,1,adjacent_graphics_slots,False
acf:1977,acf:1977/acf:0002,NCGR,2,acf:1977/acf:0003,NCGR,3,1,adjacent_graphics_slots,False
acf:1977,acf:1977/acf:0003,NCGR,3,acf:1977/acf:0004,NCGR,4,1,adjacent_graphics_slots,False
acf:1977,acf:1977/acf:0004,NCGR,4,acf:1977/acf:0005,NCGR,5,1,adjacent_graphics_slots,False
acf:1977,acf:1977/acf:0005,NCGR,5,acf:1977/acf:0006,NCER,6,1,adjacent_graphics_slots,False
acf:1977,acf:1977/acf:0006,NCER,6,acf:1977/acf:0007,NCER,7,1,adjacent_graphics_slots,False
acf:1977,acf:1977/acf:0007,NCER,7,acf:1977/acf:0008,NCER,8,1,adjacent_graphics_slots,False
acf:1977,acf:1977/acf:0008,NCER,8,acf:1977/acf:0009,NCER,9,1,adjacent_graphics_slots,False
acf:1977,acf:1977/acf:0009,NCER,9,acf:1977/acf:0010,NCER,10,1,adjacent_graphics_slots,False
acf:1977,acf:1977/acf:0010,NCER,10,acf:1977/acf:0011,NCER,11,1,adjacent_graphics_slots,False
acf:1977,acf:1977/acf:0011,NCER,11,acf:1977/acf:0012,NCER,12,1,adjacent_graphics_slots,False
acf:1978,acf:1978/acf:0001,NCLR,1,acf:1978/acf:0002,NCGR,2,1,adjacent_graphics_slots,False
acf:1978,acf:1978/acf:0002,NCGR,2,acf:1978/acf:0003,NCGR,3,1,adjacent_graphics_slots,False
acf:1978,acf:1978/acf:0003,NCGR,3,acf:1978/acf:0004,NCGR,4,1,adjacent_graphics_slots,False
acf:1978,acf:1978/acf:0004,NCGR,4,acf:1978/acf:0005,NCER,5,1,adjacent_graphics_slots,False
acf:1978,acf:1978/acf:0005,NCER,5,acf:1978/acf:0006,NCER,6,1,adjacent_graphics_slots,False
acf:1978,acf:1978/acf:0006,NCER,6,acf:1978/acf:0007,NCER,7,1,adjacent_graphics_slots,False
acf:1978,acf:1978/acf:0007,NCER,7,acf:1978/acf:0008,NCER,8,1,adjacent_graphics_slots,False
acf:1978,acf:1978/acf:0008,NCER,8,acf:1978/acf:0009,NCER,9,1,adjacent_graphics_slots,False
acf:1979,acf:1979/acf:0001,NCLR,1,acf:1979/acf:0002,NCGR,2,1,adjacent_graphics_slots,False
acf:1979,acf:1979/acf:0002,NCGR,2,acf:1979/acf:0003,NCER,3,1,adjacent_graphics_slots,False
acf:1979,acf:1979/acf:0003,NCER,3,acf:1979/acf:0004,NCER,4,1,adjacent_graphics_slots,False
acf:1980,acf:1980/acf:0001,NCLR,1,acf:1980/acf:0002,NCGR,2,1,adjacent_graphics_slots,False
acf:1980,acf:1980/acf:0002,NCGR,2,acf:1980/acf:0003,NCGR,3,1,adjacent_graphics_slots,False
acf:1980,acf:1980/acf:0003,NCGR,3,acf:1980/acf:0004,NCGR,4,1,adjacent_graphics_slots,False
acf:1980,acf:1980/acf:0004,NCGR,4,acf:1980/acf:0005,NCER,5,1,adjacent_graphics_slots,False
acf:1980,acf:1980/acf:0005,NCER,5,acf:1980/acf:0006,NCER,6,1,adjacent_graphics_slots,False
acf:1980,acf:1980/acf:0006,NCER,6,acf:1980/acf:0007,NCER,7,1,adjacent_graphics_slots,False
acf:1980,acf:1980/acf:0007,NCER,7,acf:1980/acf:0008,NCER,8,1,adjacent_graphics_slots,False
acf:1980,acf:1980/acf:0008,NCER,8,acf:1980/acf:0009,NCER,9,1,adjacent_graphics_slots,False
acf:1981,acf:1981/acf:0001,NCLR,1,acf:1981/acf:0002,NCGR,2,1,adjacent_graphics_slots,False
acf:1981,acf:1981/acf:0002,NCGR,2,acf:1981/acf:0003,NCER,3,1,adjacent_graphics_slots,False
acf:1981,acf:1981/acf:0003,NCER,3,acf:1981/acf:0004,NCER,4,1,adjacent_graphics_slots,False
acf:1982,acf:1982/acf:0001,NCLR,1,acf:1982/acf:0002,NCGR,2,1,adjacent_graphics_slots,False
acf:1982,acf:1982/acf:0002,NCGR,2,acf:1982/acf:0003,NCGR,3,1,adjacent_graphics_slots,False
acf:1982,acf:1982/acf:0003,NCGR,3,acf:1982/acf:0004,NCGR,4,1,adjacent_graphics_slots,False
acf:1982,acf:1982/acf:0004,NCGR,4,acf:1982/acf:0005,NCER,5,1,adjacent_graphics_slots,False
acf:1982,acf:1982/acf:0005,NCER,5,acf:1982/acf:0006,NCER,6,1,adjacent_graphics_slots,False
acf:1982,acf:1982/acf:0006,NCER,6,acf:1982/acf:0007,NCER,7,1,adjacent_graphics_slots,False
acf:1982,acf:1982/acf:0007,NCER,7,acf:1982/acf:0008,NCER,8,1,adjacent_graphics_slots,False
acf:1982,acf:1982/acf:0008,NCER,8,acf:1982/acf:0009,NCER,9,1,adjacent_graphics_slots,False
acf:1983,acf:1983/acf:0001,NCLR,1,acf:1983/acf:0002,NCGR,2,1,adjacent_graphics_slots,False
acf:1983,acf:1983/acf:0002,NCGR,2,acf:1983/acf:0003,NCER,3,1,adjacent_graphics_slots,False
acf:1983,acf:1983/acf:0003,NCER,3,acf:1983/acf:0004,NCER,4,1,adjacent_graphics_slots,False
acf:1984,acf:1984/acf:0001,NCLR,1,acf:1984/acf:0002,NCGR,2,1,adjacent_graphics_slots,False
acf:1984,acf:1984/acf:0002,NCGR,2,acf:1984/acf:0003,NCGR,3,1,adjacent_graphics_slots,False
acf:1984,acf:1984/acf:0003,NCGR,3,acf:1984/acf:0004,NCGR,4,1,adjacent_graphics_slots,False
acf:1984,acf:1984/acf:0004,NCGR,4,acf:1984/acf:0005,NCER,5,1,adjacent_graphics_slots,False
acf:1984,acf:1984/acf:0005,NCER,5,acf:1984/acf:0006,NCER,6,1,adjacent_graphics_slots,False
acf:1984,acf:1984/acf:0006,NCER,6,acf:1984/acf:0007,NCER,7,1,adjacent_graphics_slots,False
acf:1984,acf:1984/acf:0007,NCER,7,acf:1984/acf:0008,NCER,8,1,adjacent_graphics_slots,False
acf:1984,acf:1984/acf:0008,NCER,8,acf:1984/acf:0009,NCER,9,1,adjacent_graphics_slots,False
acf:1985,acf:1985/acf:0001,NCLR,1,acf:1985/acf:0002,NCGR,2,1,adjacent_graphics_slots,False
acf:1985,acf:1985/acf:0002,NCGR,2,acf:1985/acf:0003,NCGR,3,1,adjacent_graphics_slots,False
acf:1985,acf:1985/acf:0003,NCGR,3,acf:1985/acf:0004,NCGR,4,1,adjacent_graphics_slots,False
acf:1985,acf:1985/acf:0004,NCGR,4,acf:1985/acf:0005,NCER,5,1,adjacent_graphics_slots,False
acf:1985,acf:1985/acf:0005,NCER,5,acf:1985/acf:0006,NCER,6,1,adjacent_graphics_slots,False
acf:1985,acf:1985/acf:0006,NCER,6,acf:1985/acf:0007,NCER,7,1,adjacent_graphics_slots,False
acf:1985,acf:1985/acf:0007,NCER,7,acf:1985/acf:0008,NCER,8,1,adjacent_graphics_slots,False
acf:1985,acf:1985/acf:0008,NCER,8,acf:1985/acf:0009,NCER,9,1,adjacent_graphics_slots,False
acf:1986,acf:1986/acf:0001,NCLR,1,acf:1986/acf:0002,NCGR,2,1,adjacent_graphics_slots,False
acf:1986,acf:1986/acf:0002,NCGR,2,acf:1986/acf:0003,NCGR,3,1,adjacent_graphics_slots,False
acf:1986,acf:1986/acf:0003,NCGR,3,acf:1986/acf:0004,NCGR,4,1,adjacent_graphics_slots,False
acf:1986,acf:1986/acf:0004,NCGR,4,acf:1986/acf:0005,NCER,5,1,adjacent_graphics_slots,False
acf:1986,acf:1986/acf:0005,NCER,5,acf:1986/acf:0006,NCER,6,1,adjacent_graphics_slots,False
acf:1986,acf:1986/acf:0006,NCER,6,acf:1986/acf:0007,NCER,7,1,adjacent_graphics_slots,False
acf:1986,acf:1986/acf:0007,NCER,7,acf:1986/acf:0008,NCER,8,1,adjacent_graphics_slots,False
acf:1986,acf:1986/acf:0008,NCER,8,acf:1986/acf:0009,NCER,9,1,adjacent_graphics_slots,False
acf:1986,acf:1986/acf:0009,NCER,9,acf:1986/acf:0010,NCER,10,1,adjacent_graphics_slots,False
acf:1987,acf:1987/acf:0001,NCLR,1,acf:1987/acf:0002,NCGR,2,1,adjacent_graphics_slots,False
acf:1987,acf:1987/acf:0002,NCGR,2,acf:1987/acf:0003,NCGR,3,1,adjacent_graphics_slots,False
acf:1987,acf:1987/acf:0003,NCGR,3,acf:1987/acf:0004,NCGR,4,1,adjacent_graphics_slots,False
acf:1987,acf:1987/acf:0004,NCGR,4,acf:1987/acf:0005,NCER,5,1,adjacent_graphics_slots,False
acf:1987,acf:1987/acf:0005,NCER,5,acf:1987/acf:0006,NCER,6,1,adjacent_graphics_slots,False
acf:1987,acf:1987/acf:0006,NCER,6,acf:1987/acf:0007,NCER,7,1,adjacent_graphics_slots,False
acf:1987,acf:1987/acf:0007,NCER,7,acf:1987/acf:0008,NCER,8,1,adjacent_graphics_slots,False
acf:1987,acf:1987/acf:0008,NCER,8,acf:1987/acf:0009,NCER,9,1,adjacent_graphics_slots,False
acf:1988,acf:1988/acf:0001,NCLR,1,acf:1988/acf:0002,NCGR,2,1,adjacent_graphics_slots,False
acf:1988,acf:1988/acf:0002,NCGR,2,acf:1988/acf:0003,NCGR,3,1,adjacent_graphics_slots,False
acf:1988,acf:1988/acf:0003,NCGR,3,acf:1988/acf:0004,NCGR,4,1,adjacent_graphics_slots,False
acf:1988,acf:1988/acf:0004,NCGR,4,acf:1988/acf:0005,NCER,5,1,adjacent_graphics_slots,False
acf:1988,acf:1988/acf:0005,NCER,5,acf:1988/acf:0006,NCER,6,1,adjacent_graphics_slots,False
acf:1988,acf:1988/acf:0006,NCER,6,acf:1988/acf:0007,NCER,7,1,adjacent_graphics_slots,False
acf:1988,acf:1988/acf:0007,NCER,7,acf:1988/acf:0008,NCER,8,1,adjacent_graphics_slots,False
acf:1988,acf:1988/acf:0008,NCER,8,acf:1988/acf:0009,NCER,9,1,adjacent_graphics_slots,False
acf:1989,acf:1989/acf:0001,NCLR,1,acf:1989/acf:0002,NCGR,2,1,adjacent_graphics_slots,False
acf:1989,acf:1989/acf:0002,NCGR,2,acf:1989/acf:0003,NCGR,3,1,adjacent_graphics_slots,False
acf:1989,acf:1989/acf:0003,NCGR,3,acf:1989/acf:0004,NCGR,4,1,adjacent_graphics_slots,False
acf:1989,acf:1989/acf:0004,NCGR,4,acf:1989/acf:0005,NCER,5,1,adjacent_graphics_slots,False
acf:1989,acf:1989/acf:0005,NCER,5,acf:1989/acf:0006,NCER,6,1,adjacent_graphics_slots,False
acf:1989,acf:1989/acf:0006,NCER,6,acf:1989/acf:0007,NCER,7,1,adjacent_graphics_slots,False
acf:1989,acf:1989/acf:0007,NCER,7,acf:1989/acf:0008,NCER,8,1,adjacent_graphics_slots,False
acf:1989,acf:1989/acf:0008,NCER,8,acf:1989/acf:0009,NCER,9,1,adjacent_graphics_slots,False
acf:1990,acf:1990/acf:0001,NCLR,1,acf:1990/acf:0002,NCGR,2,1,adjacent_graphics_slots,False
acf:1990,acf:1990/acf:0002,NCGR,2,acf:1990/acf:0003,NCGR,3,1,adjacent_graphics_slots,False
acf:1990,acf:1990/acf:0003,NCGR,3,acf:1990/acf:0004,NCGR,4,1,adjacent_graphics_slots,False
acf:1990,acf:1990/acf:0004,NCGR,4,acf:1990/acf:0005,NCER,5,1,adjacent_graphics_slots,False
acf:1990,acf:1990/acf:0005,NCER,5,acf:1990/acf:0006,NCER,6,1,adjacent_graphics_slots,False
acf:1990,acf:1990/acf:0006,NCER,6,acf:1990/acf:0007,NCER,7,1,adjacent_graphics_slots,False
acf:1990,acf:1990/acf:0007,NCER,7,acf:1990/acf:0008,NCER,8,1,adjacent_graphics_slots,False
acf:1990,acf:1990/acf:0008,NCER,8,acf:1990/acf:0009,NCER,9,1,adjacent_graphics_slots,False
acf:1991,acf:1991/acf:0001,NCLR,1,acf:1991/acf:0002,NCGR,2,1,adjacent_graphics_slots,False
acf:1991,acf:1991/acf:0002,NCGR,2,acf:1991/acf:0003,NCGR,3,1,adjacent_graphics_slots,False
acf:1991,acf:1991/acf:0003,NCGR,3,acf:1991/acf:0004,NCGR,4,1,adjacent_graphics_slots,False
acf:1991,acf:1991/acf:0004,NCGR,4,acf:1991/acf:0005,NCGR,5,1,adjacent_graphics_slots,False
acf:1991,acf:1991/acf:0005,NCGR,5,acf:1991/acf:0006,NCER,6,1,adjacent_graphics_slots,False
acf:1991,acf:1991/acf:0006,NCER,6,acf:1991/acf:0007,NCER,7,1,adjacent_graphics_slots,False
acf:1991,acf:1991/acf:0007,NCER,7,acf:1991/acf:0008,NCER,8,1,adjacent_graphics_slots,False
acf:1991,acf:1991/acf:0008,NCER,8,acf:1991/acf:0009,NCER,9,1,adjacent_graphics_slots,False
acf:1991,acf:1991/acf:0009,NCER,9,acf:1991/acf:0010,NCER,10,1,adjacent_graphics_slots,False
acf:1991,acf:1991/acf:0010,NCER,10,acf:1991/acf:0011,NCER,11,1,adjacent_graphics_slots,False
acf:1991,acf:1991/acf:0011,NCER,11,acf:1991/acf:0012,NCER,12,1,adjacent_graphics_slots,False
acf:1992,acf:1992/acf:0001,NCLR,1,acf:1992/acf:0002,NCGR,2,1,adjacent_graphics_slots,False
acf:1992,acf:1992/acf:0002,NCGR,2,acf:1992/acf:0003,NCER,3,1,adjacent_graphics_slots,False
acf:1992,acf:1992/acf:0003,NCER,3,acf:1992/acf:0004,NCER,4,1,adjacent_graphics_slots,False
acf:1992,acf:1992/acf:0004,NCER,4,acf:1992/acf:0005,NCER,5,1,adjacent_graphics_slots,False
acf:1993,acf:1993/acf:0001,NCLR,1,acf:1993/acf:0002,NCGR,2,1,adjacent_graphics_slots,False
acf:1993,acf:1993/acf:0002,NCGR,2,acf:1993/acf:0003,NCGR,3,1,adjacent_graphics_slots,False
acf:1993,acf:1993/acf:0003,NCGR,3,acf:1993/acf:0004,NCGR,4,1,adjacent_graphics_slots,False
acf:1993,acf:1993/acf:0004,NCGR,4,acf:1993/acf:0005,NCER,5,1,adjacent_graphics_slots,False
acf:1993,acf:1993/acf:0005,NCER,5,acf:1993/acf:0006,NCER,6,1,adjacent_graphics_slots,False
acf:1993,acf:1993/acf:0006,NCER,6,acf:1993/acf:0007,NCER,7,1,adjacent_graphics_slots,False
acf:1993,acf:1993/acf:0007,NCER,7,acf:1993/acf:0008,NCER,8,1,adjacent_graphics_slots,False
acf:1993,acf:1993/acf:0008,NCER,8,acf:1993/acf:0009,NCER,9,1,adjacent_graphics_slots,False
acf:1994,acf:1994/acf:0001,NCLR,1,acf:1994/acf:0002,NCGR,2,1,adjacent_graphics_slots,False
acf:1994,acf:1994/acf:0002,NCGR,2,acf:1994/acf:0003,NCGR,3,1,adjacent_graphics_slots,False
acf:1994,acf:1994/acf:0003,NCGR,3,acf:1994/acf:0004,NCGR,4,1,adjacent_graphics_slots,False
acf:1994,acf:1994/acf:0004,NCGR,4,acf:1994/acf:0005,NCGR,5,1,adjacent_graphics_slots,False
acf:1994,acf:1994/acf:0005,NCGR,5,acf:1994/acf:0006,NCER,6,1,adjacent_graphics_slots,False
acf:1994,acf:1994/acf:0006,NCER,6,acf:1994/acf:0007,NCER,7,1,adjacent_graphics_slots,False
acf:1994,acf:1994/acf:0007,NCER,7,acf:1994/acf:0008,NCER,8,1,adjacent_graphics_slots,False
acf:1994,acf:1994/acf:0008,NCER,8,acf:1994/acf:0009,NCER,9,1,adjacent_graphics_slots,False
acf:1994,acf:1994/acf:0009,NCER,9,acf:1994/acf:0010,NCER,10,1,adjacent_graphics_slots,False
acf:1994,acf:1994/acf:0010,NCER,10,acf:1994/acf:0011,NCER,11,1,adjacent_graphics_slots,False
acf:1994,acf:1994/acf:0011,NCER,11,acf:1994/acf:0012,NCER,12,1,adjacent_graphics_slots,False
acf:1995,acf:1995/acf:0001,NCLR,1,acf:1995/acf:0002,NCGR,2,1,adjacent_graphics_slots,False
acf:1995,acf:1995/acf:0002,NCGR,2,acf:1995/acf:0003,NCGR,3,1,adjacent_graphics_slots,False
acf:1995,acf:1995/acf:0003,NCGR,3,acf:1995/acf:0004,NCGR,4,1,adjacent_graphics_slots,False
acf:1995,acf:1995/acf:0004,NCGR,4,acf:1995/acf:0005,NCGR,5,1,adjacent_graphics_slots,False
acf:1995,acf:1995/acf:0005,NCGR,5,acf:1995/acf:0006,NCER,6,1,adjacent_graphics_slots,False
acf:1995,acf:1995/acf:0006,NCER,6,acf:1995/acf:0007,NCER,7,1,adjacent_graphics_slots,False
acf:1995,acf:1995/acf:0007,NCER,7,acf:1995/acf:0008,NCER,8,1,adjacent_graphics_slots,False
acf:1995,acf:1995/acf:0008,NCER,8,acf:1995/acf:0009,NCER,9,1,adjacent_graphics_slots,False
acf:1995,acf:1995/acf:0009,NCER,9,acf:1995/acf:0010,NCER,10,1,adjacent_graphics_slots,False
acf:1995,acf:1995/acf:0010,NCER,10,acf:1995/acf:0011,NCER,11,1,adjacent_graphics_slots,False
acf:1995,acf:1995/acf:0011,NCER,11,acf:1995/acf:0012,NCER,12,1,adjacent_graphics_slots,False
acf:1996,acf:1996/acf:0001,NCLR,1,acf:1996/acf:0002,NCGR,2,1,adjacent_graphics_slots,False
acf:1996,acf:1996/acf:0002,NCGR,2,acf:1996/acf:0003,NCGR,3,1,adjacent_graphics_slots,False
acf:1996,acf:1996/acf:0003,NCGR,3,acf:1996/acf:0004,NCGR,4,1,adjacent_graphics_slots,False
acf:1996,acf:1996/acf:0004,NCGR,4,acf:1996/acf:0005,NCGR,5,1,adjacent_graphics_slots,False
acf:1996,acf:1996/acf:0005,NCGR,5,acf:1996/acf:0006,NCER,6,1,adjacent_graphics_slots,False
acf:1996,acf:1996/acf:0006,NCER,6,acf:1996/acf:0007,NCER,7,1,adjacent_graphics_slots,False
acf:1996,acf:1996/acf:0007,NCER,7,acf:1996/acf:0008,NCER,8,1,adjacent_graphics_slots,False
acf:1996,acf:1996/acf:0008,NCER,8,acf:1996/acf:0009,NCER,9,1,adjacent_graphics_slots,False
acf:1996,acf:1996/acf:0009,NCER,9,acf:1996/acf:0010,NCER,10,1,adjacent_graphics_slots,False
acf:1996,acf:1996/acf:0010,NCER,10,acf:1996/acf:0011,NCER,11,1,adjacent_graphics_slots,False
acf:1996,acf:1996/acf:0011,NCER,11,acf:1996/acf:0012,NCER,12,1,adjacent_graphics_slots,False
acf:1997,acf:1997/acf:0001,NCLR,1,acf:1997/acf:0002,NCGR,2,1,adjacent_graphics_slots,False
acf:1997,acf:1997/acf:0002,NCGR,2,acf:1997/acf:0003,NCGR,3,1,adjacent_graphics_slots,False
acf:1997,acf:1997/acf:0003,NCGR,3,acf:1997/acf:0004,NCGR,4,1,adjacent_graphics_slots,False
acf:1997,acf:1997/acf:0004,NCGR,4,acf:1997/acf:0005,NCGR,5,1,adjacent_graphics_slots,False
acf:1997,acf:1997/acf:0005,NCGR,5,acf:1997/acf:0006,NCER,6,1,adjacent_graphics_slots,False
acf:1997,acf:1997/acf:0006,NCER,6,acf:1997/acf:0007,NCER,7,1,adjacent_graphics_slots,False
acf:1997,acf:1997/acf:0007,NCER,7,acf:1997/acf:0008,NCER,8,1,adjacent_graphics_slots,False
acf:1997,acf:1997/acf:0008,NCER,8,acf:1997/acf:0009,NCER,9,1,adjacent_graphics_slots,False
acf:1997,acf:1997/acf:0009,NCER,9,acf:1997/acf:0010,NCER,10,1,adjacent_graphics_slots,False
acf:1997,acf:1997/acf:0010,NCER,10,acf:1997/acf:0011,NCER,11,1,adjacent_graphics_slots,False
acf:1997,acf:1997/acf:0011,NCER,11,acf:1997/acf:0012,NCER,12,1,adjacent_graphics_slots,False
acf:1998,acf:1998/acf:0001,NCLR,1,acf:1998/acf:0002,NCGR,2,1,adjacent_graphics_slots,False
acf:1998,acf:1998/acf:0002,NCGR,2,acf:1998/acf:0003,NCGR,3,1,adjacent_graphics_slots,False
acf:1998,acf:1998/acf:0003,NCGR,3,acf:1998/acf:0004,NCGR,4,1,adjacent_graphics_slots,False
acf:1998,acf:1998/acf:0004,NCGR,4,acf:1998/acf:0005,NCER,5,1,adjacent_graphics_slots,False
acf:1998,acf:1998/acf:0005,NCER,5,acf:1998/acf:0006,NCER,6,1,adjacent_graphics_slots,False
acf:1998,acf:1998/acf:0006,NCER,6,acf:1998/acf:0007,NCER,7,1,adjacent_graphics_slots,False
acf:1998,acf:1998/acf:0007,NCER,7,acf:1998/acf:0008,NCER,8,1,adjacent_graphics_slots,False
acf:1998,acf:1998/acf:0008,NCER,8,acf:1998/acf:0009,NCER,9,1,adjacent_graphics_slots,False
acf:1999,acf:1999/acf:0001,NCLR,1,acf:1999/acf:0002,NCGR,2,1,adjacent_graphics_slots,False
acf:1999,acf:1999/acf:0002,NCGR,2,acf:1999/acf:0003,NCGR,3,1,adjacent_graphics_slots,False
acf:1999,acf:1999/acf:0003,NCGR,3,acf:1999/acf:0004,NCGR,4,1,adjacent_graphics_slots,False
acf:1999,acf:1999/acf:0004,NCGR,4,acf:1999/acf:0005,NCER,5,1,adjacent_graphics_slots,False
acf:1999,acf:1999/acf:0005,NCER,5,acf:1999/acf:0006,NCER,6,1,adjacent_graphics_slots,False
acf:1999,acf:1999/acf:0006,NCER,6,acf:1999/acf:0007,NCER,7,1,adjacent_graphics_slots,False
acf:1999,acf:1999/acf:0007,NCER,7,acf:1999/acf:0008,NCER,8,1,adjacent_graphics_slots,False
acf:1999,acf:1999/acf:0008,NCER,8,acf:1999/acf:0009,NCER,9,1,adjacent_graphics_slots,False
acf:2000,acf:2000/acf:0001,NCLR,1,acf:2000/acf:0002,NCGR,2,1,adjacent_graphics_slots,False
acf:2000,acf:2000/acf:0002,NCGR,2,acf:2000/acf:0003,NCGR,3,1,adjacent_graphics_slots,False
acf:2000,acf:2000/acf:0003,NCGR,3,acf:2000/acf:0004,NCGR,4,1,adjacent_graphics_slots,False
acf:2000,acf:2000/acf:0004,NCGR,4,acf:2000/acf:0005,NCER,5,1,adjacent_graphics_slots,False
acf:2000,acf:2000/acf:0005,NCER,5,acf:2000/acf:0006,NCER,6,1,adjacent_graphics_slots,False
acf:2000,acf:2000/acf:0006,NCER,6,acf:2000/acf:0007,NCER,7,1,adjacent_graphics_slots,False
acf:2000,acf:2000/acf:0007,NCER,7,acf:2000/acf:0008,NCER,8,1,adjacent_graphics_slots,False
acf:2000,acf:2000/acf:0008,NCER,8,acf:2000/acf:0009,NCER,9,1,adjacent_graphics_slots,False
acf:2001,acf:2001/acf:0001,NCLR,1,acf:2001/acf:0002,NCGR,2,1,adjacent_graphics_slots,False
acf:2001,acf:2001/acf:0002,NCGR,2,acf:2001/acf:0003,NCGR,3,1,adjacent_graphics_slots,False
acf:2001,acf:2001/acf:0003,NCGR,3,acf:2001/acf:0004,NCGR,4,1,adjacent_graphics_slots,False
acf:2001,acf:2001/acf:0004,NCGR,4,acf:2001/acf:0005,NCER,5,1,adjacent_graphics_slots,False
acf:2001,acf:2001/acf:0005,NCER,5,acf:2001/acf:0006,NCER,6,1,adjacent_graphics_slots,False
acf:2001,acf:2001/acf:0006,NCER,6,acf:2001/acf:0007,NCER,7,1,adjacent_graphics_slots,False
acf:2001,acf:2001/acf:0007,NCER,7,acf:2001/acf:0008,NCER,8,1,adjacent_graphics_slots,False
acf:2001,acf:2001/acf:0008,NCER,8,acf:2001/acf:0009,NCER,9,1,adjacent_graphics_slots,False
acf:2002,acf:2002/acf:0001,NCLR,1,acf:2002/acf:0002,NCGR,2,1,adjacent_graphics_slots,False
acf:2002,acf:2002/acf:0002,NCGR,2,acf:2002/acf:0003,NCGR,3,1,adjacent_graphics_slots,False
acf:2002,acf:2002/acf:0003,NCGR,3,acf:2002/acf:0004,NCGR,4,1,adjacent_graphics_slots,False
acf:2002,acf:2002/acf:0004,NCGR,4,acf:2002/acf:0005,NCER,5,1,adjacent_graphics_slots,False
acf:2002,acf:2002/acf:0005,NCER,5,acf:2002/acf:0006,NCER,6,1,adjacent_graphics_slots,False
acf:2002,acf:2002/acf:0006,NCER,6,acf:2002/acf:0007,NCER,7,1,adjacent_graphics_slots,False
acf:2002,acf:2002/acf:0007,NCER,7,acf:2002/acf:0008,NCER,8,1,adjacent_graphics_slots,False
acf:2002,acf:2002/acf:0008,NCER,8,acf:2002/acf:0009,NCER,9,1,adjacent_graphics_slots,False
acf:2003,acf:2003/acf:0001,NCLR,1,acf:2003/acf:0002,NCGR,2,1,adjacent_graphics_slots,False
acf:2003,acf:2003/acf:0002,NCGR,2,acf:2003/acf:0003,NCGR,3,1,adjacent_graphics_slots,False
acf:2003,acf:2003/acf:0003,NCGR,3,acf:2003/acf:0004,NCGR,4,1,adjacent_graphics_slots,False
acf:2003,acf:2003/acf:0004,NCGR,4,acf:2003/acf:0005,NCER,5,1,adjacent_graphics_slots,False
acf:2003,acf:2003/acf:0005,NCER,5,acf:2003/acf:0006,NCER,6,1,adjacent_graphics_slots,False
acf:2003,acf:2003/acf:0006,NCER,6,acf:2003/acf:0007,NCER,7,1,adjacent_graphics_slots,False
acf:2003,acf:2003/acf:0007,NCER,7,acf:2003/acf:0008,NCER,8,1,adjacent_graphics_slots,False
acf:2003,acf:2003/acf:0008,NCER,8,acf:2003/acf:0009,NCER,9,1,adjacent_graphics_slots,False
acf:2004,acf:2004/acf:0001,NCLR,1,acf:2004/acf:0002,NCGR,2,1,adjacent_graphics_slots,False
acf:2004,acf:2004/acf:0002,NCGR,2,acf:2004/acf:0003,NCGR,3,1,adjacent_graphics_slots,False
acf:2004,acf:2004/acf:0003,NCGR,3,acf:2004/acf:0004,NCGR,4,1,adjacent_graphics_slots,False
acf:2004,acf:2004/acf:0004,NCGR,4,acf:2004/acf:0005,NCER,5,1,adjacent_graphics_slots,False
acf:2004,acf:2004/acf:0005,NCER,5,acf:2004/acf:0006,NCER,6,1,adjacent_graphics_slots,False
acf:2004,acf:2004/acf:0006,NCER,6,acf:2004/acf:0007,NCER,7,1,adjacent_graphics_slots,False
acf:2004,acf:2004/acf:0007,NCER,7,acf:2004/acf:0008,NCER,8,1,adjacent_graphics_slots,False
acf:2004,acf:2004/acf:0008,NCER,8,acf:2004/acf:0009,NCER,9,1,adjacent_graphics_slots,False
acf:2005,acf:2005/acf:0001,NCLR,1,acf:2005/acf:0002,NCGR,2,1,adjacent_graphics_slots,False
acf:2005,acf:2005/acf:0002,NCGR,2,acf:2005/acf:0003,NCER,3,1,adjacent_graphics_slots,False
acf:2006,acf:2006/acf:0001,NCLR,1,acf:2006/acf:0002,NCGR,2,1,adjacent_graphics_slots,False
acf:2006,acf:2006/acf:0002,NCGR,2,acf:2006/acf:0003,NCGR,3,1,adjacent_graphics_slots,False
acf:2006,acf:2006/acf:0003,NCGR,3,acf:2006/acf:0004,NCGR,4,1,adjacent_graphics_slots,False
acf:2006,acf:2006/acf:0004,NCGR,4,acf:2006/acf:0005,NCER,5,1,adjacent_graphics_slots,False
acf:2006,acf:2006/acf:0005,NCER,5,acf:2006/acf:0006,NCER,6,1,adjacent_graphics_slots,False
acf:2006,acf:2006/acf:0006,NCER,6,acf:2006/acf:0007,NCER,7,1,adjacent_graphics_slots,False
acf:2006,acf:2006/acf:0007,NCER,7,acf:2006/acf:0008,NCER,8,1,adjacent_graphics_slots,False
acf:2006,acf:2006/acf:0008,NCER,8,acf:2006/acf:0009,NCER,9,1,adjacent_graphics_slots,False
acf:2007,acf:2007/acf:0001,NCLR,1,acf:2007/acf:0002,NCGR,2,1,adjacent_graphics_slots,False
acf:2007,acf:2007/acf:0002,NCGR,2,acf:2007/acf:0003,NCGR,3,1,adjacent_graphics_slots,False
acf:2007,acf:2007/acf:0003,NCGR,3,acf:2007/acf:0004,NCGR,4,1,adjacent_graphics_slots,False
acf:2007,acf:2007/acf:0004,NCGR,4,acf:2007/acf:0005,NCER,5,1,adjacent_graphics_slots,False
acf:2007,acf:2007/acf:0005,NCER,5,acf:2007/acf:0006,NCER,6,1,adjacent_graphics_slots,False
acf:2007,acf:2007/acf:0006,NCER,6,acf:2007/acf:0007,NCER,7,1,adjacent_graphics_slots,False
acf:2007,acf:2007/acf:0007,NCER,7,acf:2007/acf:0008,NCER,8,1,adjacent_graphics_slots,False
acf:2007,acf:2007/acf:0008,NCER,8,acf:2007/acf:0009,NCER,9,1,adjacent_graphics_slots,False
acf:2008,acf:2008/acf:0001,NCLR,1,acf:2008/acf:0002,NCGR,2,1,adjacent_graphics_slots,False
acf:2008,acf:2008/acf:0002,NCGR,2,acf:2008/acf:0003,NCER,3,1,adjacent_graphics_slots,False
acf:2009,acf:2009/acf:0001,NCLR,1,acf:2009/acf:0002,NCGR,2,1,adjacent_graphics_slots,False
acf:2009,acf:2009/acf:0002,NCGR,2,acf:2009/acf:0003,NCGR,3,1,adjacent_graphics_slots,False
acf:2009,acf:2009/acf:0003,NCGR,3,acf:2009/acf:0004,NCGR,4,1,adjacent_graphics_slots,False
acf:2009,acf:2009/acf:0004,NCGR,4,acf:2009/acf:0005,NCER,5,1,adjacent_graphics_slots,False
acf:2009,acf:2009/acf:0005,NCER,5,acf:2009/acf:0006,NCER,6,1,adjacent_graphics_slots,False
acf:2009,acf:2009/acf:0006,NCER,6,acf:2009/acf:0007,NCER,7,1,adjacent_graphics_slots,False
acf:2009,acf:2009/acf:0007,NCER,7,acf:2009/acf:0008,NCER,8,1,adjacent_graphics_slots,False
acf:2009,acf:2009/acf:0008,NCER,8,acf:2009/acf:0009,NCER,9,1,adjacent_graphics_slots,False
acf:2010,acf:2010/acf:0001,NCLR,1,acf:2010/acf:0002,NCGR,2,1,adjacent_graphics_slots,False
acf:2010,acf:2010/acf:0002,NCGR,2,acf:2010/acf:0003,NCGR,3,1,adjacent_graphics_slots,False
acf:2010,acf:2010/acf:0003,NCGR,3,acf:2010/acf:0004,NCGR,4,1,adjacent_graphics_slots,False
acf:2010,acf:2010/acf:0004,NCGR,4,acf:2010/acf:0005,NCER,5,1,adjacent_graphics_slots,False
acf:2010,acf:2010/acf:0005,NCER,5,acf:2010/acf:0006,NCER,6,1,adjacent_graphics_slots,False
acf:2010,acf:2010/acf:0006,NCER,6,acf:2010/acf:0007,NCER,7,1,adjacent_graphics_slots,False
acf:2010,acf:2010/acf:0007,NCER,7,acf:2010/acf:0008,NCER,8,1,adjacent_graphics_slots,False
acf:2010,acf:2010/acf:0008,NCER,8,acf:2010/acf:0009,NCER,9,1,adjacent_graphics_slots,False
acf:2011,acf:2011/acf:0001,NCLR,1,acf:2011/acf:0002,NCGR,2,1,adjacent_graphics_slots,False
acf:2011,acf:2011/acf:0002,NCGR,2,acf:2011/acf:0003,NCGR,3,1,adjacent_graphics_slots,False
acf:2011,acf:2011/acf:0003,NCGR,3,acf:2011/acf:0004,NCGR,4,1,adjacent_graphics_slots,False
acf:2011,acf:2011/acf:0004,NCGR,4,acf:2011/acf:0005,NCER,5,1,adjacent_graphics_slots,False
acf:2011,acf:2011/acf:0005,NCER,5,acf:2011/acf:0006,NCER,6,1,adjacent_graphics_slots,False
acf:2011,acf:2011/acf:0006,NCER,6,acf:2011/acf:0007,NCER,7,1,adjacent_graphics_slots,False
acf:2011,acf:2011/acf:0007,NCER,7,acf:2011/acf:0008,NCER,8,1,adjacent_graphics_slots,False
acf:2011,acf:2011/acf:0008,NCER,8,acf:2011/acf:0009,NCER,9,1,adjacent_graphics_slots,False
acf:2012,acf:2012/acf:0001,NCLR,1,acf:2012/acf:0002,NCGR,2,1,adjacent_graphics_slots,False
acf:2012,acf:2012/acf:0002,NCGR,2,acf:2012/acf:0003,NCER,3,1,adjacent_graphics_slots,False
acf:2013,acf:2013/acf:0001,NCLR,1,acf:2013/acf:0002,NCGR,2,1,adjacent_graphics_slots,False
acf:2013,acf:2013/acf:0002,NCGR,2,acf:2013/acf:0003,NCGR,3,1,adjacent_graphics_slots,False
acf:2013,acf:2013/acf:0003,NCGR,3,acf:2013/acf:0004,NCGR,4,1,adjacent_graphics_slots,False
acf:2013,acf:2013/acf:0004,NCGR,4,acf:2013/acf:0005,NCER,5,1,adjacent_graphics_slots,False
acf:2013,acf:2013/acf:0005,NCER,5,acf:2013/acf:0006,NCER,6,1,adjacent_graphics_slots,False
acf:2013,acf:2013/acf:0006,NCER,6,acf:2013/acf:0007,NCER,7,1,adjacent_graphics_slots,False
acf:2013,acf:2013/acf:0007,NCER,7,acf:2013/acf:0008,NCER,8,1,adjacent_graphics_slots,False
acf:2013,acf:2013/acf:0008,NCER,8,acf:2013/acf:0009,NCER,9,1,adjacent_graphics_slots,False
acf:2014,acf:2014/acf:0001,NCLR,1,acf:2014/acf:0002,NCGR,2,1,adjacent_graphics_slots,False
acf:2014,acf:2014/acf:0002,NCGR,2,acf:2014/acf:0003,NCER,3,1,adjacent_graphics_slots,False
acf:2015,acf:2015/acf:0001,NCLR,1,acf:2015/acf:0002,NCGR,2,1,adjacent_graphics_slots,False
acf:2015,acf:2015/acf:0002,NCGR,2,acf:2015/acf:0003,NCGR,3,1,adjacent_graphics_slots,False
acf:2015,acf:2015/acf:0003,NCGR,3,acf:2015/acf:0004,NCGR,4,1,adjacent_graphics_slots,False
acf:2015,acf:2015/acf:0004,NCGR,4,acf:2015/acf:0005,NCER,5,1,adjacent_graphics_slots,False
acf:2015,acf:2015/acf:0005,NCER,5,acf:2015/acf:0006,NCER,6,1,adjacent_graphics_slots,False
acf:2015,acf:2015/acf:0006,NCER,6,acf:2015/acf:0007,NCER,7,1,adjacent_graphics_slots,False
acf:2015,acf:2015/acf:0007,NCER,7,acf:2015/acf:0008,NCER,8,1,adjacent_graphics_slots,False
acf:2015,acf:2015/acf:0008,NCER,8,acf:2015/acf:0009,NCER,9,1,adjacent_graphics_slots,False
acf:2015,acf:2015/acf:0009,NCER,9,acf:2015/acf:0010,NCER,10,1,adjacent_graphics_slots,False
acf:2016,acf:2016/acf:0001,NCLR,1,acf:2016/acf:0002,NCGR,2,1,adjacent_graphics_slots,False
acf:2016,acf:2016/acf:0002,NCGR,2,acf:2016/acf:0003,NCGR,3,1,adjacent_graphics_slots,False
acf:2016,acf:2016/acf:0003,NCGR,3,acf:2016/acf:0004,NCGR,4,1,adjacent_graphics_slots,False
acf:2016,acf:2016/acf:0004,NCGR,4,acf:2016/acf:0005,NCER,5,1,adjacent_graphics_slots,False
acf:2016,acf:2016/acf:0005,NCER,5,acf:2016/acf:0006,NCER,6,1,adjacent_graphics_slots,False
acf:2016,acf:2016/acf:0006,NCER,6,acf:2016/acf:0007,NCER,7,1,adjacent_graphics_slots,False
acf:2016,acf:2016/acf:0007,NCER,7,acf:2016/acf:0008,NCER,8,1,adjacent_graphics_slots,False
acf:2016,acf:2016/acf:0008,NCER,8,acf:2016/acf:0009,NCER,9,1,adjacent_graphics_slots,False
acf:2017,acf:2017/acf:0001,NCLR,1,acf:2017/acf:0002,NCGR,2,1,adjacent_graphics_slots,False
acf:2017,acf:2017/acf:0002,NCGR,2,acf:2017/acf:0003,NCGR,3,1,adjacent_graphics_slots,False
acf:2017,acf:2017/acf:0003,NCGR,3,acf:2017/acf:0004,NCGR,4,1,adjacent_graphics_slots,False
acf:2017,acf:2017/acf:0004,NCGR,4,acf:2017/acf:0005,NCER,5,1,adjacent_graphics_slots,False
acf:2017,acf:2017/acf:0005,NCER,5,acf:2017/acf:0006,NCER,6,1,adjacent_graphics_slots,False
acf:2017,acf:2017/acf:0006,NCER,6,acf:2017/acf:0007,NCER,7,1,adjacent_graphics_slots,False
acf:2017,acf:2017/acf:0007,NCER,7,acf:2017/acf:0008,NCER,8,1,adjacent_graphics_slots,False
acf:2017,acf:2017/acf:0008,NCER,8,acf:2017/acf:0009,NCER,9,1,adjacent_graphics_slots,False
acf:2018,acf:2018/acf:0001,NCLR,1,acf:2018/acf:0002,NCGR,2,1,adjacent_graphics_slots,False
acf:2018,acf:2018/acf:0002,NCGR,2,acf:2018/acf:0003,NCGR,3,1,adjacent_graphics_slots,False
acf:2018,acf:2018/acf:0003,NCGR,3,acf:2018/acf:0004,NCGR,4,1,adjacent_graphics_slots,False
acf:2018,acf:2018/acf:0004,NCGR,4,acf:2018/acf:0005,NCER,5,1,adjacent_graphics_slots,False
acf:2018,acf:2018/acf:0005,NCER,5,acf:2018/acf:0006,NCER,6,1,adjacent_graphics_slots,False
acf:2018,acf:2018/acf:0006,NCER,6,acf:2018/acf:0007,NCER,7,1,adjacent_graphics_slots,False
acf:2018,acf:2018/acf:0007,NCER,7,acf:2018/acf:0008,NCER,8,1,adjacent_graphics_slots,False
acf:2018,acf:2018/acf:0008,NCER,8,acf:2018/acf:0009,NCER,9,1,adjacent_graphics_slots,False
acf:2019,acf:2019/acf:0001,NCLR,1,acf:2019/acf:0002,NCGR,2,1,adjacent_graphics_slots,False
acf:2019,acf:2019/acf:0002,NCGR,2,acf:2019/acf:0003,NCER,3,1,adjacent_graphics_slots,False
acf:2019,acf:2019/acf:0003,NCER,3,acf:2019/acf:0004,NCER,4,1,adjacent_graphics_slots,False
acf:2020,acf:2020/acf:0001,NCLR,1,acf:2020/acf:0002,NCGR,2,1,adjacent_graphics_slots,False
acf:2020,acf:2020/acf:0002,NCGR,2,acf:2020/acf:0003,NCGR,3,1,adjacent_graphics_slots,False
acf:2020,acf:2020/acf:0003,NCGR,3,acf:2020/acf:0004,NCGR,4,1,adjacent_graphics_slots,False
acf:2020,acf:2020/acf:0004,NCGR,4,acf:2020/acf:0005,NCER,5,1,adjacent_graphics_slots,False
acf:2020,acf:2020/acf:0005,NCER,5,acf:2020/acf:0006,NCER,6,1,adjacent_graphics_slots,False
acf:2020,acf:2020/acf:0006,NCER,6,acf:2020/acf:0007,NCER,7,1,adjacent_graphics_slots,False
acf:2020,acf:2020/acf:0007,NCER,7,acf:2020/acf:0008,NCER,8,1,adjacent_graphics_slots,False
acf:2020,acf:2020/acf:0008,NCER,8,acf:2020/acf:0009,NCER,9,1,adjacent_graphics_slots,False
acf:2021,acf:2021/acf:0001,NCLR,1,acf:2021/acf:0002,NCGR,2,1,adjacent_graphics_slots,False
acf:2021,acf:2021/acf:0002,NCGR,2,acf:2021/acf:0003,NCGR,3,1,adjacent_graphics_slots,False
acf:2021,acf:2021/acf:0003,NCGR,3,acf:2021/acf:0004,NCGR,4,1,adjacent_graphics_slots,False
acf:2021,acf:2021/acf:0004,NCGR,4,acf:2021/acf:0005,NCER,5,1,adjacent_graphics_slots,False
acf:2021,acf:2021/acf:0005,NCER,5,acf:2021/acf:0006,NCER,6,1,adjacent_graphics_slots,False
acf:2021,acf:2021/acf:0006,NCER,6,acf:2021/acf:0007,NCER,7,1,adjacent_graphics_slots,False
acf:2021,acf:2021/acf:0007,NCER,7,acf:2021/acf:0008,NCER,8,1,adjacent_graphics_slots,False
acf:2021,acf:2021/acf:0008,NCER,8,acf:2021/acf:0009,NCER,9,1,adjacent_graphics_slots,False
acf:2022,acf:2022/acf:0001,NCLR,1,acf:2022/acf:0002,NCGR,2,1,adjacent_graphics_slots,False
acf:2022,acf:2022/acf:0002,NCGR,2,acf:2022/acf:0003,NCGR,3,1,adjacent_graphics_slots,False
acf:2022,acf:2022/acf:0003,NCGR,3,acf:2022/acf:0004,NCGR,4,1,adjacent_graphics_slots,False
acf:2022,acf:2022/acf:0004,NCGR,4,acf:2022/acf:0005,NCGR,5,1,adjacent_graphics_slots,False
acf:2022,acf:2022/acf:0005,NCGR,5,acf:2022/acf:0006,NCER,6,1,adjacent_graphics_slots,False
acf:2022,acf:2022/acf:0006,NCER,6,acf:2022/acf:0007,NCER,7,1,adjacent_graphics_slots,False
acf:2022,acf:2022/acf:0007,NCER,7,acf:2022/acf:0008,NCER,8,1,adjacent_graphics_slots,False
acf:2022,acf:2022/acf:0008,NCER,8,acf:2022/acf:0009,NCER,9,1,adjacent_graphics_slots,False
acf:2022,acf:2022/acf:0009,NCER,9,acf:2022/acf:0010,NCER,10,1,adjacent_graphics_slots,False
acf:2022,acf:2022/acf:0010,NCER,10,acf:2022/acf:0011,NCER,11,1,adjacent_graphics_slots,False
acf:2022,acf:2022/acf:0011,NCER,11,acf:2022/acf:0012,NCER,12,1,adjacent_graphics_slots,False
acf:2023,acf:2023/acf:0001,NCLR,1,acf:2023/acf:0002,NCGR,2,1,adjacent_graphics_slots,False
acf:2023,acf:2023/acf:0002,NCGR,2,acf:2023/acf:0003,NCGR,3,1,adjacent_graphics_slots,False
acf:2023,acf:2023/acf:0003,NCGR,3,acf:2023/acf:0004,NCGR,4,1,adjacent_graphics_slots,False
acf:2023,acf:2023/acf:0004,NCGR,4,acf:2023/acf:0005,NCER,5,1,adjacent_graphics_slots,False
acf:2023,acf:2023/acf:0005,NCER,5,acf:2023/acf:0006,NCER,6,1,adjacent_graphics_slots,False
acf:2023,acf:2023/acf:0006,NCER,6,acf:2023/acf:0007,NCER,7,1,adjacent_graphics_slots,False
acf:2023,acf:2023/acf:0007,NCER,7,acf:2023/acf:0008,NCER,8,1,adjacent_graphics_slots,False
acf:2023,acf:2023/acf:0008,NCER,8,acf:2023/acf:0009,NCER,9,1,adjacent_graphics_slots,False
acf:2023,acf:2023/acf:0009,NCER,9,acf:2023/acf:0010,NCER,10,1,adjacent_graphics_slots,False
acf:2024,acf:2024/acf:0001,NCLR,1,acf:2024/acf:0002,NCGR,2,1,adjacent_graphics_slots,False
acf:2024,acf:2024/acf:0002,NCGR,2,acf:2024/acf:0003,NCGR,3,1,adjacent_graphics_slots,False
acf:2024,acf:2024/acf:0003,NCGR,3,acf:2024/acf:0004,NCGR,4,1,adjacent_graphics_slots,False
acf:2024,acf:2024/acf:0004,NCGR,4,acf:2024/acf:0005,NCER,5,1,adjacent_graphics_slots,False
acf:2024,acf:2024/acf:0005,NCER,5,acf:2024/acf:0006,NCER,6,1,adjacent_graphics_slots,False
acf:2024,acf:2024/acf:0006,NCER,6,acf:2024/acf:0007,NCER,7,1,adjacent_graphics_slots,False
acf:2024,acf:2024/acf:0007,NCER,7,acf:2024/acf:0008,NCER,8,1,adjacent_graphics_slots,False
acf:2024,acf:2024/acf:0008,NCER,8,acf:2024/acf:0009,NCER,9,1,adjacent_graphics_slots,False
acf:2025,acf:2025/acf:0001,NCLR,1,acf:2025/acf:0002,NCGR,2,1,adjacent_graphics_slots,False
acf:2025,acf:2025/acf:0002,NCGR,2,acf:2025/acf:0003,NCGR,3,1,adjacent_graphics_slots,False
acf:2025,acf:2025/acf:0003,NCGR,3,acf:2025/acf:0004,NCGR,4,1,adjacent_graphics_slots,False
acf:2025,acf:2025/acf:0004,NCGR,4,acf:2025/acf:0005,NCGR,5,1,adjacent_graphics_slots,False
acf:2025,acf:2025/acf:0005,NCGR,5,acf:2025/acf:0006,NCER,6,1,adjacent_graphics_slots,False
acf:2025,acf:2025/acf:0006,NCER,6,acf:2025/acf:0007,NCER,7,1,adjacent_graphics_slots,False
acf:2025,acf:2025/acf:0007,NCER,7,acf:2025/acf:0008,NCER,8,1,adjacent_graphics_slots,False
acf:2025,acf:2025/acf:0008,NCER,8,acf:2025/acf:0009,NCER,9,1,adjacent_graphics_slots,False
acf:2025,acf:2025/acf:0009,NCER,9,acf:2025/acf:0010,NCER,10,1,adjacent_graphics_slots,False
acf:2025,acf:2025/acf:0010,NCER,10,acf:2025/acf:0011,NCER,11,1,adjacent_graphics_slots,False
acf:2025,acf:2025/acf:0011,NCER,11,acf:2025/acf:0012,NCER,12,1,adjacent_graphics_slots,False
acf:2025,acf:2025/acf:0012,NCER,12,acf:2025/acf:0013,NCER,13,1,adjacent_graphics_slots,False
acf:2026,acf:2026/acf:0001,NCLR,1,acf:2026/acf:0002,NCGR,2,1,adjacent_graphics_slots,False
acf:2026,acf:2026/acf:0002,NCGR,2,acf:2026/acf:0003,NCER,3,1,adjacent_graphics_slots,False
acf:2026,acf:2026/acf:0003,NCER,3,acf:2026/acf:0004,NCER,4,1,adjacent_graphics_slots,False
acf:2026,acf:2026/acf:0004,NCER,4,acf:2026/acf:0005,NCER,5,1,adjacent_graphics_slots,False
acf:2027,acf:2027/acf:0001,NCLR,1,acf:2027/acf:0002,NCGR,2,1,adjacent_graphics_slots,False
acf:2027,acf:2027/acf:0002,NCGR,2,acf:2027/acf:0003,NCGR,3,1,adjacent_graphics_slots,False
acf:2027,acf:2027/acf:0003,NCGR,3,acf:2027/acf:0004,NCGR,4,1,adjacent_graphics_slots,False
acf:2027,acf:2027/acf:0004,NCGR,4,acf:2027/acf:0005,NCER,5,1,adjacent_graphics_slots,False
acf:2027,acf:2027/acf:0005,NCER,5,acf:2027/acf:0006,NCER,6,1,adjacent_graphics_slots,False
acf:2027,acf:2027/acf:0006,NCER,6,acf:2027/acf:0007,NCER,7,1,adjacent_graphics_slots,False
acf:2027,acf:2027/acf:0007,NCER,7,acf:2027/acf:0008,NCER,8,1,adjacent_graphics_slots,False
acf:2027,acf:2027/acf:0008,NCER,8,acf:2027/acf:0009,NCER,9,1,adjacent_graphics_slots,False
acf:2028,acf:2028/acf:0001,NCLR,1,acf:2028/acf:0002,NCGR,2,1,adjacent_graphics_slots,False
acf:2028,acf:2028/acf:0002,NCGR,2,acf:2028/acf:0003,NCGR,3,1,adjacent_graphics_slots,False
acf:2028,acf:2028/acf:0003,NCGR,3,acf:2028/acf:0004,NCGR,4,1,adjacent_graphics_slots,False
acf:2028,acf:2028/acf:0004,NCGR,4,acf:2028/acf:0005,NCGR,5,1,adjacent_graphics_slots,False
acf:2028,acf:2028/acf:0005,NCGR,5,acf:2028/acf:0006,NCGR,6,1,adjacent_graphics_slots,False
acf:2028,acf:2028/acf:0006,NCGR,6,acf:2028/acf:0007,NCER,7,1,adjacent_graphics_slots,False
acf:2028,acf:2028/acf:0007,NCER,7,acf:2028/acf:0008,NCER,8,1,adjacent_graphics_slots,False
acf:2028,acf:2028/acf:0008,NCER,8,acf:2028/acf:0009,NCER,9,1,adjacent_graphics_slots,False
acf:2028,acf:2028/acf:0009,NCER,9,acf:2028/acf:0010,NCER,10,1,adjacent_graphics_slots,False
acf:2028,acf:2028/acf:0010,NCER,10,acf:2028/acf:0011,NCER,11,1,adjacent_graphics_slots,False
acf:2028,acf:2028/acf:0011,NCER,11,acf:2028/acf:0012,NCER,12,1,adjacent_graphics_slots,False
acf:2028,acf:2028/acf:0012,NCER,12,acf:2028/acf:0013,NCER,13,1,adjacent_graphics_slots,False
acf:2028,acf:2028/acf:0013,NCER,13,acf:2028/acf:0014,NCER,14,1,adjacent_graphics_slots,False
acf:2028,acf:2028/acf:0014,NCER,14,acf:2028/acf:0015,NCER,15,1,adjacent_graphics_slots,False
acf:2029,acf:2029/acf:0001,NCLR,1,acf:2029/acf:0002,NCGR,2,1,adjacent_graphics_slots,False
acf:2029,acf:2029/acf:0002,NCGR,2,acf:2029/acf:0003,NCER,3,1,adjacent_graphics_slots,False
acf:2029,acf:2029/acf:0003,NCER,3,acf:2029/acf:0004,NCER,4,1,adjacent_graphics_slots,False
acf:2029,acf:2029/acf:0004,NCER,4,acf:2029/acf:0005,NCER,5,1,adjacent_graphics_slots,False
acf:2030,acf:2030/acf:0001,NCLR,1,acf:2030/acf:0002,NCGR,2,1,adjacent_graphics_slots,False
acf:2030,acf:2030/acf:0002,NCGR,2,acf:2030/acf:0003,NCGR,3,1,adjacent_graphics_slots,False
acf:2030,acf:2030/acf:0003,NCGR,3,acf:2030/acf:0004,NCGR,4,1,adjacent_graphics_slots,False
acf:2030,acf:2030/acf:0004,NCGR,4,acf:2030/acf:0005,NCGR,5,1,adjacent_graphics_slots,False
acf:2030,acf:2030/acf:0005,NCGR,5,acf:2030/acf:0006,NCER,6,1,adjacent_graphics_slots,False
acf:2030,acf:2030/acf:0006,NCER,6,acf:2030/acf:0007,NCER,7,1,adjacent_graphics_slots,False
acf:2030,acf:2030/acf:0007,NCER,7,acf:2030/acf:0008,NCER,8,1,adjacent_graphics_slots,False
acf:2030,acf:2030/acf:0008,NCER,8,acf:2030/acf:0009,NCER,9,1,adjacent_graphics_slots,False
acf:2030,acf:2030/acf:0009,NCER,9,acf:2030/acf:0010,NCER,10,1,adjacent_graphics_slots,False
acf:2030,acf:2030/acf:0010,NCER,10,acf:2030/acf:0011,NCER,11,1,adjacent_graphics_slots,False
acf:2030,acf:2030/acf:0011,NCER,11,acf:2030/acf:0012,NCER,12,1,adjacent_graphics_slots,False
acf:2031,acf:2031/acf:0001,NCLR,1,acf:2031/acf:0002,NCGR,2,1,adjacent_graphics_slots,False
acf:2031,acf:2031/acf:0002,NCGR,2,acf:2031/acf:0003,NCGR,3,1,adjacent_graphics_slots,False
acf:2031,acf:2031/acf:0003,NCGR,3,acf:2031/acf:0004,NCGR,4,1,adjacent_graphics_slots,False
acf:2031,acf:2031/acf:0004,NCGR,4,acf:2031/acf:0005,NCER,5,1,adjacent_graphics_slots,False
acf:2031,acf:2031/acf:0005,NCER,5,acf:2031/acf:0006,NCER,6,1,adjacent_graphics_slots,False
acf:2031,acf:2031/acf:0006,NCER,6,acf:2031/acf:0007,NCER,7,1,adjacent_graphics_slots,False
acf:2031,acf:2031/acf:0007,NCER,7,acf:2031/acf:0008,NCER,8,1,adjacent_graphics_slots,False
acf:2031,acf:2031/acf:0008,NCER,8,acf:2031/acf:0009,NCER,9,1,adjacent_graphics_slots,False
acf:2032,acf:2032/acf:0001,NCLR,1,acf:2032/acf:0002,NCGR,2,1,adjacent_graphics_slots,False
acf:2032,acf:2032/acf:0002,NCGR,2,acf:2032/acf:0003,NCGR,3,1,adjacent_graphics_slots,False
acf:2032,acf:2032/acf:0003,NCGR,3,acf:2032/acf:0004,NCGR,4,1,adjacent_graphics_slots,False
acf:2032,acf:2032/acf:0004,NCGR,4,acf:2032/acf:0005,NCER,5,1,adjacent_graphics_slots,False
acf:2032,acf:2032/acf:0005,NCER,5,acf:2032/acf:0006,NCER,6,1,adjacent_graphics_slots,False
acf:2032,acf:2032/acf:0006,NCER,6,acf:2032/acf:0007,NCER,7,1,adjacent_graphics_slots,False
acf:2032,acf:2032/acf:0007,NCER,7,acf:2032/acf:0008,NCER,8,1,adjacent_graphics_slots,False
acf:2032,acf:2032/acf:0008,NCER,8,acf:2032/acf:0009,NCER,9,1,adjacent_graphics_slots,False
acf:2033,acf:2033/acf:0001,NCLR,1,acf:2033/acf:0002,NCGR,2,1,adjacent_graphics_slots,False
acf:2033,acf:2033/acf:0002,NCGR,2,acf:2033/acf:0003,NCER,3,1,adjacent_graphics_slots,False
acf:2033,acf:2033/acf:0003,NCER,3,acf:2033/acf:0004,NCER,4,1,adjacent_graphics_slots,False
acf:2034,acf:2034/acf:0001,NCLR,1,acf:2034/acf:0002,NCGR,2,1,adjacent_graphics_slots,False
acf:2034,acf:2034/acf:0002,NCGR,2,acf:2034/acf:0003,NCGR,3,1,adjacent_graphics_slots,False
acf:2034,acf:2034/acf:0003,NCGR,3,acf:2034/acf:0004,NCGR,4,1,adjacent_graphics_slots,False
acf:2034,acf:2034/acf:0004,NCGR,4,acf:2034/acf:0005,NCER,5,1,adjacent_graphics_slots,False
acf:2034,acf:2034/acf:0005,NCER,5,acf:2034/acf:0006,NCER,6,1,adjacent_graphics_slots,False
acf:2034,acf:2034/acf:0006,NCER,6,acf:2034/acf:0007,NCER,7,1,adjacent_graphics_slots,False
acf:2034,acf:2034/acf:0007,NCER,7,acf:2034/acf:0008,NCER,8,1,adjacent_graphics_slots,False
acf:2034,acf:2034/acf:0008,NCER,8,acf:2034/acf:0009,NCER,9,1,adjacent_graphics_slots,False
acf:2035,acf:2035/acf:0001,NCLR,1,acf:2035/acf:0002,NCGR,2,1,adjacent_graphics_slots,False
acf:2035,acf:2035/acf:0002,NCGR,2,acf:2035/acf:0003,NCGR,3,1,adjacent_graphics_slots,False
acf:2035,acf:2035/acf:0003,NCGR,3,acf:2035/acf:0004,NCGR,4,1,adjacent_graphics_slots,False
acf:2035,acf:2035/acf:0004,NCGR,4,acf:2035/acf:0005,NCER,5,1,adjacent_graphics_slots,False
acf:2035,acf:2035/acf:0005,NCER,5,acf:2035/acf:0006,NCER,6,1,adjacent_graphics_slots,False
acf:2035,acf:2035/acf:0006,NCER,6,acf:2035/acf:0007,NCER,7,1,adjacent_graphics_slots,False
acf:2035,acf:2035/acf:0007,NCER,7,acf:2035/acf:0008,NCER,8,1,adjacent_graphics_slots,False
acf:2035,acf:2035/acf:0008,NCER,8,acf:2035/acf:0009,NCER,9,1,adjacent_graphics_slots,False
acf:2036,acf:2036/acf:0001,NCLR,1,acf:2036/acf:0002,NCGR,2,1,adjacent_graphics_slots,False
acf:2036,acf:2036/acf:0002,NCGR,2,acf:2036/acf:0003,NCGR,3,1,adjacent_graphics_slots,False
acf:2036,acf:2036/acf:0003,NCGR,3,acf:2036/acf:0004,NCGR,4,1,adjacent_graphics_slots,False
acf:2036,acf:2036/acf:0004,NCGR,4,acf:2036/acf:0005,NCGR,5,1,adjacent_graphics_slots,False
acf:2036,acf:2036/acf:0005,NCGR,5,acf:2036/acf:0006,NCER,6,1,adjacent_graphics_slots,False
acf:2036,acf:2036/acf:0006,NCER,6,acf:2036/acf:0007,NCER,7,1,adjacent_graphics_slots,False
acf:2036,acf:2036/acf:0007,NCER,7,acf:2036/acf:0008,NCER,8,1,adjacent_graphics_slots,False
acf:2036,acf:2036/acf:0008,NCER,8,acf:2036/acf:0009,NCER,9,1,adjacent_graphics_slots,False
acf:2036,acf:2036/acf:0009,NCER,9,acf:2036/acf:0010,NCER,10,1,adjacent_graphics_slots,False
acf:2036,acf:2036/acf:0010,NCER,10,acf:2036/acf:0011,NCER,11,1,adjacent_graphics_slots,False
acf:2036,acf:2036/acf:0011,NCER,11,acf:2036/acf:0012,NCER,12,1,adjacent_graphics_slots,False
acf:2037,acf:2037/acf:0001,NCLR,1,acf:2037/acf:0002,NCGR,2,1,adjacent_graphics_slots,False
acf:2037,acf:2037/acf:0002,NCGR,2,acf:2037/acf:0003,NCGR,3,1,adjacent_graphics_slots,False
acf:2037,acf:2037/acf:0003,NCGR,3,acf:2037/acf:0004,NCGR,4,1,adjacent_graphics_slots,False
acf:2037,acf:2037/acf:0004,NCGR,4,acf:2037/acf:0005,NCER,5,1,adjacent_graphics_slots,False
acf:2037,acf:2037/acf:0005,NCER,5,acf:2037/acf:0006,NCER,6,1,adjacent_graphics_slots,False
acf:2037,acf:2037/acf:0006,NCER,6,acf:2037/acf:0007,NCER,7,1,adjacent_graphics_slots,False
acf:2037,acf:2037/acf:0007,NCER,7,acf:2037/acf:0008,NCER,8,1,adjacent_graphics_slots,False
acf:2037,acf:2037/acf:0008,NCER,8,acf:2037/acf:0009,NCER,9,1,adjacent_graphics_slots,False
acf:2038,acf:2038/acf:0001,NCLR,1,acf:2038/acf:0002,NCGR,2,1,adjacent_graphics_slots,False
acf:2038,acf:2038/acf:0002,NCGR,2,acf:2038/acf:0003,NCGR,3,1,adjacent_graphics_slots,False
acf:2038,acf:2038/acf:0003,NCGR,3,acf:2038/acf:0004,NCGR,4,1,adjacent_graphics_slots,False
acf:2038,acf:2038/acf:0004,NCGR,4,acf:2038/acf:0005,NCGR,5,1,adjacent_graphics_slots,False
acf:2038,acf:2038/acf:0005,NCGR,5,acf:2038/acf:0006,NCER,6,1,adjacent_graphics_slots,False
acf:2038,acf:2038/acf:0006,NCER,6,acf:2038/acf:0007,NCER,7,1,adjacent_graphics_slots,False
acf:2038,acf:2038/acf:0007,NCER,7,acf:2038/acf:0008,NCER,8,1,adjacent_graphics_slots,False
acf:2038,acf:2038/acf:0008,NCER,8,acf:2038/acf:0009,NCER,9,1,adjacent_graphics_slots,False
acf:2038,acf:2038/acf:0009,NCER,9,acf:2038/acf:0010,NCER,10,1,adjacent_graphics_slots,False
acf:2038,acf:2038/acf:0010,NCER,10,acf:2038/acf:0011,NCER,11,1,adjacent_graphics_slots,False
acf:2038,acf:2038/acf:0011,NCER,11,acf:2038/acf:0012,NCER,12,1,adjacent_graphics_slots,False
acf:2039,acf:2039/acf:0001,NCLR,1,acf:2039/acf:0002,NCGR,2,1,adjacent_graphics_slots,False
acf:2039,acf:2039/acf:0002,NCGR,2,acf:2039/acf:0003,NCGR,3,1,adjacent_graphics_slots,False
acf:2039,acf:2039/acf:0003,NCGR,3,acf:2039/acf:0004,NCGR,4,1,adjacent_graphics_slots,False
acf:2039,acf:2039/acf:0004,NCGR,4,acf:2039/acf:0005,NCGR,5,1,adjacent_graphics_slots,False
acf:2039,acf:2039/acf:0005,NCGR,5,acf:2039/acf:0006,NCGR,6,1,adjacent_graphics_slots,False
acf:2039,acf:2039/acf:0006,NCGR,6,acf:2039/acf:0007,NCER,7,1,adjacent_graphics_slots,False
acf:2039,acf:2039/acf:0007,NCER,7,acf:2039/acf:0008,NCER,8,1,adjacent_graphics_slots,False
acf:2039,acf:2039/acf:0008,NCER,8,acf:2039/acf:0009,NCER,9,1,adjacent_graphics_slots,False
acf:2039,acf:2039/acf:0009,NCER,9,acf:2039/acf:0010,NCER,10,1,adjacent_graphics_slots,False
acf:2039,acf:2039/acf:0010,NCER,10,acf:2039/acf:0011,NCER,11,1,adjacent_graphics_slots,False
acf:2039,acf:2039/acf:0011,NCER,11,acf:2039/acf:0012,NCER,12,1,adjacent_graphics_slots,False
acf:2039,acf:2039/acf:0012,NCER,12,acf:2039/acf:0013,NCER,13,1,adjacent_graphics_slots,False
acf:2039,acf:2039/acf:0013,NCER,13,acf:2039/acf:0014,NCER,14,1,adjacent_graphics_slots,False
acf:2040,acf:2040/acf:0001,NCLR,1,acf:2040/acf:0002,NCGR,2,1,adjacent_graphics_slots,False
acf:2040,acf:2040/acf:0002,NCGR,2,acf:2040/acf:0003,NCGR,3,1,adjacent_graphics_slots,False
acf:2040,acf:2040/acf:0003,NCGR,3,acf:2040/acf:0004,NCGR,4,1,adjacent_graphics_slots,False
acf:2040,acf:2040/acf:0004,NCGR,4,acf:2040/acf:0005,NCGR,5,1,adjacent_graphics_slots,False
acf:2040,acf:2040/acf:0005,NCGR,5,acf:2040/acf:0006,NCER,6,1,adjacent_graphics_slots,False
acf:2040,acf:2040/acf:0006,NCER,6,acf:2040/acf:0007,NCER,7,1,adjacent_graphics_slots,False
acf:2040,acf:2040/acf:0007,NCER,7,acf:2040/acf:0008,NCER,8,1,adjacent_graphics_slots,False
acf:2040,acf:2040/acf:0008,NCER,8,acf:2040/acf:0009,NCER,9,1,adjacent_graphics_slots,False
acf:2040,acf:2040/acf:0009,NCER,9,acf:2040/acf:0010,NCER,10,1,adjacent_graphics_slots,False
acf:2040,acf:2040/acf:0010,NCER,10,acf:2040/acf:0011,NCER,11,1,adjacent_graphics_slots,False
acf:2041,acf:2041/acf:0001,NCLR,1,acf:2041/acf:0002,NCGR,2,1,adjacent_graphics_slots,False
acf:2041,acf:2041/acf:0002,NCGR,2,acf:2041/acf:0003,NCGR,3,1,adjacent_graphics_slots,False
acf:2041,acf:2041/acf:0003,NCGR,3,acf:2041/acf:0004,NCGR,4,1,adjacent_graphics_slots,False
acf:2041,acf:2041/acf:0004,NCGR,4,acf:2041/acf:0005,NCER,5,1,adjacent_graphics_slots,False
acf:2041,acf:2041/acf:0005,NCER,5,acf:2041/acf:0006,NCER,6,1,adjacent_graphics_slots,False
acf:2041,acf:2041/acf:0006,NCER,6,acf:2041/acf:0007,NCER,7,1,adjacent_graphics_slots,False
acf:2041,acf:2041/acf:0007,NCER,7,acf:2041/acf:0008,NCER,8,1,adjacent_graphics_slots,False
acf:2041,acf:2041/acf:0008,NCER,8,acf:2041/acf:0009,NCER,9,1,adjacent_graphics_slots,False
acf:2042,acf:2042/acf:0001,NCLR,1,acf:2042/acf:0002,NCGR,2,1,adjacent_graphics_slots,False
acf:2042,acf:2042/acf:0002,NCGR,2,acf:2042/acf:0003,NCGR,3,1,adjacent_graphics_slots,False
acf:2042,acf:2042/acf:0003,NCGR,3,acf:2042/acf:0004,NCGR,4,1,adjacent_graphics_slots,False
acf:2042,acf:2042/acf:0004,NCGR,4,acf:2042/acf:0005,NCER,5,1,adjacent_graphics_slots,False
acf:2042,acf:2042/acf:0005,NCER,5,acf:2042/acf:0006,NCER,6,1,adjacent_graphics_slots,False
acf:2042,acf:2042/acf:0006,NCER,6,acf:2042/acf:0007,NCER,7,1,adjacent_graphics_slots,False
acf:2042,acf:2042/acf:0007,NCER,7,acf:2042/acf:0008,NCER,8,1,adjacent_graphics_slots,False
acf:2042,acf:2042/acf:0008,NCER,8,acf:2042/acf:0009,NCER,9,1,adjacent_graphics_slots,False
acf:2043,acf:2043/acf:0001,NCLR,1,acf:2043/acf:0002,NCGR,2,1,adjacent_graphics_slots,False
acf:2043,acf:2043/acf:0002,NCGR,2,acf:2043/acf:0003,NCGR,3,1,adjacent_graphics_slots,False
acf:2043,acf:2043/acf:0003,NCGR,3,acf:2043/acf:0004,NCGR,4,1,adjacent_graphics_slots,False
acf:2043,acf:2043/acf:0004,NCGR,4,acf:2043/acf:0005,NCER,5,1,adjacent_graphics_slots,False
acf:2043,acf:2043/acf:0005,NCER,5,acf:2043/acf:0006,NCER,6,1,adjacent_graphics_slots,False
acf:2043,acf:2043/acf:0006,NCER,6,acf:2043/acf:0007,NCER,7,1,adjacent_graphics_slots,False
acf:2043,acf:2043/acf:0007,NCER,7,acf:2043/acf:0008,NCER,8,1,adjacent_graphics_slots,False
acf:2043,acf:2043/acf:0008,NCER,8,acf:2043/acf:0009,NCER,9,1,adjacent_graphics_slots,False
acf:2044,acf:2044/acf:0001,NCLR,1,acf:2044/acf:0002,NCGR,2,1,adjacent_graphics_slots,False
acf:2044,acf:2044/acf:0002,NCGR,2,acf:2044/acf:0003,NCGR,3,1,adjacent_graphics_slots,False
acf:2044,acf:2044/acf:0003,NCGR,3,acf:2044/acf:0004,NCGR,4,1,adjacent_graphics_slots,False
acf:2044,acf:2044/acf:0004,NCGR,4,acf:2044/acf:0005,NCGR,5,1,adjacent_graphics_slots,False
acf:2044,acf:2044/acf:0005,NCGR,5,acf:2044/acf:0006,NCER,6,1,adjacent_graphics_slots,False
acf:2044,acf:2044/acf:0006,NCER,6,acf:2044/acf:0007,NCER,7,1,adjacent_graphics_slots,False
acf:2044,acf:2044/acf:0007,NCER,7,acf:2044/acf:0008,NCER,8,1,adjacent_graphics_slots,False
acf:2044,acf:2044/acf:0008,NCER,8,acf:2044/acf:0009,NCER,9,1,adjacent_graphics_slots,False
acf:2044,acf:2044/acf:0009,NCER,9,acf:2044/acf:0010,NCER,10,1,adjacent_graphics_slots,False
acf:2044,acf:2044/acf:0010,NCER,10,acf:2044/acf:0011,NCER,11,1,adjacent_graphics_slots,False
acf:2044,acf:2044/acf:0011,NCER,11,acf:2044/acf:0012,NCER,12,1,adjacent_graphics_slots,False
acf:2044,acf:2044/acf:0012,NCER,12,acf:2044/acf:0013,NCER,13,1,adjacent_graphics_slots,False
acf:2045,acf:2045/acf:0001,NCLR,1,acf:2045/acf:0002,NCGR,2,1,adjacent_graphics_slots,False
acf:2045,acf:2045/acf:0002,NCGR,2,acf:2045/acf:0003,NCGR,3,1,adjacent_graphics_slots,False
acf:2045,acf:2045/acf:0003,NCGR,3,acf:2045/acf:0004,NCGR,4,1,adjacent_graphics_slots,False
acf:2045,acf:2045/acf:0004,NCGR,4,acf:2045/acf:0005,NCER,5,1,adjacent_graphics_slots,False
acf:2045,acf:2045/acf:0005,NCER,5,acf:2045/acf:0006,NCER,6,1,adjacent_graphics_slots,False
acf:2045,acf:2045/acf:0006,NCER,6,acf:2045/acf:0007,NCER,7,1,adjacent_graphics_slots,False
acf:2045,acf:2045/acf:0007,NCER,7,acf:2045/acf:0008,NCER,8,1,adjacent_graphics_slots,False
acf:2045,acf:2045/acf:0008,NCER,8,acf:2045/acf:0009,NCER,9,1,adjacent_graphics_slots,False
acf:2046,acf:2046/acf:0001,NCLR,1,acf:2046/acf:0002,NCGR,2,1,adjacent_graphics_slots,False
acf:2046,acf:2046/acf:0002,NCGR,2,acf:2046/acf:0003,NCGR,3,1,adjacent_graphics_slots,False
acf:2046,acf:2046/acf:0003,NCGR,3,acf:2046/acf:0004,NCGR,4,1,adjacent_graphics_slots,False
acf:2046,acf:2046/acf:0004,NCGR,4,acf:2046/acf:0005,NCER,5,1,adjacent_graphics_slots,False
acf:2046,acf:2046/acf:0005,NCER,5,acf:2046/acf:0006,NCER,6,1,adjacent_graphics_slots,False
acf:2046,acf:2046/acf:0006,NCER,6,acf:2046/acf:0007,NCER,7,1,adjacent_graphics_slots,False
acf:2046,acf:2046/acf:0007,NCER,7,acf:2046/acf:0008,NCER,8,1,adjacent_graphics_slots,False
acf:2046,acf:2046/acf:0008,NCER,8,acf:2046/acf:0009,NCER,9,1,adjacent_graphics_slots,False
acf:2047,acf:2047/acf:0001,NCLR,1,acf:2047/acf:0002,NCGR,2,1,adjacent_graphics_slots,False
acf:2047,acf:2047/acf:0002,NCGR,2,acf:2047/acf:0003,NCGR,3,1,adjacent_graphics_slots,False
acf:2047,acf:2047/acf:0003,NCGR,3,acf:2047/acf:0004,NCGR,4,1,adjacent_graphics_slots,False
acf:2047,acf:2047/acf:0004,NCGR,4,acf:2047/acf:0005,NCGR,5,1,adjacent_graphics_slots,False
acf:2047,acf:2047/acf:0005,NCGR,5,acf:2047/acf:0006,NCER,6,1,adjacent_graphics_slots,False
acf:2047,acf:2047/acf:0006,NCER,6,acf:2047/acf:0007,NCER,7,1,adjacent_graphics_slots,False
acf:2047,acf:2047/acf:0007,NCER,7,acf:2047/acf:0008,NCER,8,1,adjacent_graphics_slots,False
acf:2047,acf:2047/acf:0008,NCER,8,acf:2047/acf:0009,NCER,9,1,adjacent_graphics_slots,False
acf:2047,acf:2047/acf:0009,NCER,9,acf:2047/acf:0010,NCER,10,1,adjacent_graphics_slots,False
acf:2047,acf:2047/acf:0010,NCER,10,acf:2047/acf:0011,NCER,11,1,adjacent_graphics_slots,False
acf:2047,acf:2047/acf:0011,NCER,11,acf:2047/acf:0012,NCER,12,1,adjacent_graphics_slots,False
acf:2047,acf:2047/acf:0012,NCER,12,acf:2047/acf:0013,NCER,13,1,adjacent_graphics_slots,False
acf:2048,acf:2048/acf:0001,NCLR,1,acf:2048/acf:0002,NCGR,2,1,adjacent_graphics_slots,False
acf:2048,acf:2048/acf:0002,NCGR,2,acf:2048/acf:0003,NCER,3,1,adjacent_graphics_slots,False
acf:2048,acf:2048/acf:0003,NCER,3,acf:2048/acf:0004,NCER,4,1,adjacent_graphics_slots,False
acf:2048,acf:2048/acf:0004,NCER,4,acf:2048/acf:0005,NCER,5,1,adjacent_graphics_slots,False
acf:2049,acf:2049/acf:0001,NCLR,1,acf:2049/acf:0002,NCGR,2,1,adjacent_graphics_slots,False
acf:2049,acf:2049/acf:0002,NCGR,2,acf:2049/acf:0003,NCGR,3,1,adjacent_graphics_slots,False
acf:2049,acf:2049/acf:0003,NCGR,3,acf:2049/acf:0004,NCGR,4,1,adjacent_graphics_slots,False
acf:2049,acf:2049/acf:0004,NCGR,4,acf:2049/acf:0005,NCER,5,1,adjacent_graphics_slots,False
acf:2049,acf:2049/acf:0005,NCER,5,acf:2049/acf:0006,NCER,6,1,adjacent_graphics_slots,False
acf:2049,acf:2049/acf:0006,NCER,6,acf:2049/acf:0007,NCER,7,1,adjacent_graphics_slots,False
acf:2049,acf:2049/acf:0007,NCER,7,acf:2049/acf:0008,NCER,8,1,adjacent_graphics_slots,False
acf:2049,acf:2049/acf:0008,NCER,8,acf:2049/acf:0009,NCER,9,1,adjacent_graphics_slots,False
acf:2050,acf:2050/acf:0001,NCLR,1,acf:2050/acf:0002,NCGR,2,1,adjacent_graphics_slots,False
acf:2050,acf:2050/acf:0002,NCGR,2,acf:2050/acf:0003,NCGR,3,1,adjacent_graphics_slots,False
acf:2050,acf:2050/acf:0003,NCGR,3,acf:2050/acf:0004,NCGR,4,1,adjacent_graphics_slots,False
acf:2050,acf:2050/acf:0004,NCGR,4,acf:2050/acf:0005,NCER,5,1,adjacent_graphics_slots,False
acf:2050,acf:2050/acf:0005,NCER,5,acf:2050/acf:0006,NCER,6,1,adjacent_graphics_slots,False
acf:2050,acf:2050/acf:0006,NCER,6,acf:2050/acf:0007,NCER,7,1,adjacent_graphics_slots,False
acf:2050,acf:2050/acf:0007,NCER,7,acf:2050/acf:0008,NCER,8,1,adjacent_graphics_slots,False
acf:2050,acf:2050/acf:0008,NCER,8,acf:2050/acf:0009,NCER,9,1,adjacent_graphics_slots,False
acf:2051,acf:2051/acf:0001,NCLR,1,acf:2051/acf:0002,NCGR,2,1,adjacent_graphics_slots,False
acf:2051,acf:2051/acf:0002,NCGR,2,acf:2051/acf:0003,NCGR,3,1,adjacent_graphics_slots,False
acf:2051,acf:2051/acf:0003,NCGR,3,acf:2051/acf:0004,NCGR,4,1,adjacent_graphics_slots,False
acf:2051,acf:2051/acf:0004,NCGR,4,acf:2051/acf:0005,NCER,5,1,adjacent_graphics_slots,False
acf:2051,acf:2051/acf:0005,NCER,5,acf:2051/acf:0006,NCER,6,1,adjacent_graphics_slots,False
acf:2051,acf:2051/acf:0006,NCER,6,acf:2051/acf:0007,NCER,7,1,adjacent_graphics_slots,False
acf:2051,acf:2051/acf:0007,NCER,7,acf:2051/acf:0008,NCER,8,1,adjacent_graphics_slots,False
acf:2052,acf:2052/acf:0001,NCLR,1,acf:2052/acf:0002,NCGR,2,1,adjacent_graphics_slots,False
acf:2052,acf:2052/acf:0002,NCGR,2,acf:2052/acf:0003,NCGR,3,1,adjacent_graphics_slots,False
acf:2052,acf:2052/acf:0003,NCGR,3,acf:2052/acf:0004,NCGR,4,1,adjacent_graphics_slots,False
acf:2052,acf:2052/acf:0004,NCGR,4,acf:2052/acf:0005,NCER,5,1,adjacent_graphics_slots,False
acf:2052,acf:2052/acf:0005,NCER,5,acf:2052/acf:0006,NCER,6,1,adjacent_graphics_slots,False
acf:2052,acf:2052/acf:0006,NCER,6,acf:2052/acf:0007,NCER,7,1,adjacent_graphics_slots,False
acf:2052,acf:2052/acf:0007,NCER,7,acf:2052/acf:0008,NCER,8,1,adjacent_graphics_slots,False
acf:2052,acf:2052/acf:0008,NCER,8,acf:2052/acf:0009,NCER,9,1,adjacent_graphics_slots,False
acf:2053,acf:2053/acf:0001,NCLR,1,acf:2053/acf:0002,NCGR,2,1,adjacent_graphics_slots,False
acf:2053,acf:2053/acf:0002,NCGR,2,acf:2053/acf:0003,NCGR,3,1,adjacent_graphics_slots,False
acf:2053,acf:2053/acf:0003,NCGR,3,acf:2053/acf:0004,NCGR,4,1,adjacent_graphics_slots,False
acf:2053,acf:2053/acf:0004,NCGR,4,acf:2053/acf:0005,NCER,5,1,adjacent_graphics_slots,False
acf:2053,acf:2053/acf:0005,NCER,5,acf:2053/acf:0006,NCER,6,1,adjacent_graphics_slots,False
acf:2053,acf:2053/acf:0006,NCER,6,acf:2053/acf:0007,NCER,7,1,adjacent_graphics_slots,False
acf:2053,acf:2053/acf:0007,NCER,7,acf:2053/acf:0008,NCER,8,1,adjacent_graphics_slots,False
acf:2054,acf:2054/acf:0001,NCLR,1,acf:2054/acf:0002,NCGR,2,1,adjacent_graphics_slots,False
acf:2054,acf:2054/acf:0002,NCGR,2,acf:2054/acf:0003,NCGR,3,1,adjacent_graphics_slots,False
acf:2054,acf:2054/acf:0003,NCGR,3,acf:2054/acf:0004,NCGR,4,1,adjacent_graphics_slots,False
acf:2054,acf:2054/acf:0004,NCGR,4,acf:2054/acf:0005,NCER,5,1,adjacent_graphics_slots,False
acf:2054,acf:2054/acf:0005,NCER,5,acf:2054/acf:0006,NCER,6,1,adjacent_graphics_slots,False
acf:2054,acf:2054/acf:0006,NCER,6,acf:2054/acf:0007,NCER,7,1,adjacent_graphics_slots,False
acf:2054,acf:2054/acf:0007,NCER,7,acf:2054/acf:0008,NCER,8,1,adjacent_graphics_slots,False
acf:2054,acf:2054/acf:0008,NCER,8,acf:2054/acf:0009,NCER,9,1,adjacent_graphics_slots,False
acf:2055,acf:2055/acf:0001,NCLR,1,acf:2055/acf:0002,NCGR,2,1,adjacent_graphics_slots,False
acf:2055,acf:2055/acf:0002,NCGR,2,acf:2055/acf:0003,NCGR,3,1,adjacent_graphics_slots,False
acf:2055,acf:2055/acf:0003,NCGR,3,acf:2055/acf:0004,NCGR,4,1,adjacent_graphics_slots,False
acf:2055,acf:2055/acf:0004,NCGR,4,acf:2055/acf:0005,NCGR,5,1,adjacent_graphics_slots,False
acf:2055,acf:2055/acf:0005,NCGR,5,acf:2055/acf:0006,NCER,6,1,adjacent_graphics_slots,False
acf:2055,acf:2055/acf:0006,NCER,6,acf:2055/acf:0007,NCER,7,1,adjacent_graphics_slots,False
acf:2055,acf:2055/acf:0007,NCER,7,acf:2055/acf:0008,NCER,8,1,adjacent_graphics_slots,False
acf:2055,acf:2055/acf:0008,NCER,8,acf:2055/acf:0009,NCER,9,1,adjacent_graphics_slots,False
acf:2055,acf:2055/acf:0009,NCER,9,acf:2055/acf:0010,NCER,10,1,adjacent_graphics_slots,False
acf:2055,acf:2055/acf:0010,NCER,10,acf:2055/acf:0011,NCER,11,1,adjacent_graphics_slots,False
acf:2055,acf:2055/acf:0011,NCER,11,acf:2055/acf:0012,NCER,12,1,adjacent_graphics_slots,False
acf:2056,acf:2056/acf:0001,NCLR,1,acf:2056/acf:0002,NCGR,2,1,adjacent_graphics_slots,False
acf:2056,acf:2056/acf:0002,NCGR,2,acf:2056/acf:0003,NCGR,3,1,adjacent_graphics_slots,False
acf:2056,acf:2056/acf:0003,NCGR,3,acf:2056/acf:0004,NCGR,4,1,adjacent_graphics_slots,False
acf:2056,acf:2056/acf:0004,NCGR,4,acf:2056/acf:0005,NCER,5,1,adjacent_graphics_slots,False
acf:2056,acf:2056/acf:0005,NCER,5,acf:2056/acf:0006,NCER,6,1,adjacent_graphics_slots,False
acf:2056,acf:2056/acf:0006,NCER,6,acf:2056/acf:0007,NCER,7,1,adjacent_graphics_slots,False
acf:2056,acf:2056/acf:0007,NCER,7,acf:2056/acf:0008,NCER,8,1,adjacent_graphics_slots,False
acf:2056,acf:2056/acf:0008,NCER,8,acf:2056/acf:0009,NCER,9,1,adjacent_graphics_slots,False
acf:2057,acf:2057/acf:0001,NCLR,1,acf:2057/acf:0002,NCGR,2,1,adjacent_graphics_slots,False
acf:2057,acf:2057/acf:0002,NCGR,2,acf:2057/acf:0003,NCGR,3,1,adjacent_graphics_slots,False
acf:2057,acf:2057/acf:0003,NCGR,3,acf:2057/acf:0004,NCGR,4,1,adjacent_graphics_slots,False
acf:2057,acf:2057/acf:0004,NCGR,4,acf:2057/acf:0005,NCER,5,1,adjacent_graphics_slots,False
acf:2057,acf:2057/acf:0005,NCER,5,acf:2057/acf:0006,NCER,6,1,adjacent_graphics_slots,False
acf:2057,acf:2057/acf:0006,NCER,6,acf:2057/acf:0007,NCER,7,1,adjacent_graphics_slots,False
acf:2057,acf:2057/acf:0007,NCER,7,acf:2057/acf:0008,NCER,8,1,adjacent_graphics_slots,False
acf:2057,acf:2057/acf:0008,NCER,8,acf:2057/acf:0009,NCER,9,1,adjacent_graphics_slots,False
acf:2058,acf:2058/acf:0001,NCLR,1,acf:2058/acf:0002,NCGR,2,1,adjacent_graphics_slots,False
acf:2058,acf:2058/acf:0002,NCGR,2,acf:2058/acf:0003,NCGR,3,1,adjacent_graphics_slots,False
acf:2058,acf:2058/acf:0003,NCGR,3,acf:2058/acf:0004,NCGR,4,1,adjacent_graphics_slots,False
acf:2058,acf:2058/acf:0004,NCGR,4,acf:2058/acf:0005,NCER,5,1,adjacent_graphics_slots,False
acf:2058,acf:2058/acf:0005,NCER,5,acf:2058/acf:0006,NCER,6,1,adjacent_graphics_slots,False
acf:2058,acf:2058/acf:0006,NCER,6,acf:2058/acf:0007,NCER,7,1,adjacent_graphics_slots,False
acf:2058,acf:2058/acf:0007,NCER,7,acf:2058/acf:0008,NCER,8,1,adjacent_graphics_slots,False
acf:2058,acf:2058/acf:0008,NCER,8,acf:2058/acf:0009,NCER,9,1,adjacent_graphics_slots,False
acf:2059,acf:2059/acf:0001,NCLR,1,acf:2059/acf:0002,NCGR,2,1,adjacent_graphics_slots,False
acf:2059,acf:2059/acf:0002,NCGR,2,acf:2059/acf:0003,NCGR,3,1,adjacent_graphics_slots,False
acf:2059,acf:2059/acf:0003,NCGR,3,acf:2059/acf:0004,NCGR,4,1,adjacent_graphics_slots,False
acf:2059,acf:2059/acf:0004,NCGR,4,acf:2059/acf:0005,NCGR,5,1,adjacent_graphics_slots,False
acf:2059,acf:2059/acf:0005,NCGR,5,acf:2059/acf:0006,NCER,6,1,adjacent_graphics_slots,False
acf:2059,acf:2059/acf:0006,NCER,6,acf:2059/acf:0007,NCER,7,1,adjacent_graphics_slots,False
acf:2059,acf:2059/acf:0007,NCER,7,acf:2059/acf:0008,NCER,8,1,adjacent_graphics_slots,False
acf:2059,acf:2059/acf:0008,NCER,8,acf:2059/acf:0009,NCER,9,1,adjacent_graphics_slots,False
acf:2059,acf:2059/acf:0009,NCER,9,acf:2059/acf:0010,NCER,10,1,adjacent_graphics_slots,False
acf:2059,acf:2059/acf:0010,NCER,10,acf:2059/acf:0011,NCER,11,1,adjacent_graphics_slots,False
acf:2059,acf:2059/acf:0011,NCER,11,acf:2059/acf:0012,NCER,12,1,adjacent_graphics_slots,False
acf:2060,acf:2060/acf:0001,NCLR,1,acf:2060/acf:0002,NCGR,2,1,adjacent_graphics_slots,False
acf:2060,acf:2060/acf:0002,NCGR,2,acf:2060/acf:0003,NCGR,3,1,adjacent_graphics_slots,False
acf:2060,acf:2060/acf:0003,NCGR,3,acf:2060/acf:0004,NCGR,4,1,adjacent_graphics_slots,False
acf:2060,acf:2060/acf:0004,NCGR,4,acf:2060/acf:0005,NCER,5,1,adjacent_graphics_slots,False
acf:2060,acf:2060/acf:0005,NCER,5,acf:2060/acf:0006,NCER,6,1,adjacent_graphics_slots,False
acf:2060,acf:2060/acf:0006,NCER,6,acf:2060/acf:0007,NCER,7,1,adjacent_graphics_slots,False
acf:2060,acf:2060/acf:0007,NCER,7,acf:2060/acf:0008,NCER,8,1,adjacent_graphics_slots,False
acf:2060,acf:2060/acf:0008,NCER,8,acf:2060/acf:0009,NCER,9,1,adjacent_graphics_slots,False
acf:2061,acf:2061/acf:0001,NCLR,1,acf:2061/acf:0002,NCGR,2,1,adjacent_graphics_slots,False
acf:2061,acf:2061/acf:0002,NCGR,2,acf:2061/acf:0003,NCGR,3,1,adjacent_graphics_slots,False
acf:2061,acf:2061/acf:0003,NCGR,3,acf:2061/acf:0004,NCGR,4,1,adjacent_graphics_slots,False
acf:2061,acf:2061/acf:0004,NCGR,4,acf:2061/acf:0005,NCER,5,1,adjacent_graphics_slots,False
acf:2061,acf:2061/acf:0005,NCER,5,acf:2061/acf:0006,NCER,6,1,adjacent_graphics_slots,False
acf:2061,acf:2061/acf:0006,NCER,6,acf:2061/acf:0007,NCER,7,1,adjacent_graphics_slots,False
acf:2061,acf:2061/acf:0007,NCER,7,acf:2061/acf:0008,NCER,8,1,adjacent_graphics_slots,False
acf:2061,acf:2061/acf:0008,NCER,8,acf:2061/acf:0009,NCER,9,1,adjacent_graphics_slots,False
acf:2062,acf:2062/acf:0001,NCLR,1,acf:2062/acf:0002,NCGR,2,1,adjacent_graphics_slots,False
acf:2062,acf:2062/acf:0002,NCGR,2,acf:2062/acf:0003,NCGR,3,1,adjacent_graphics_slots,False
acf:2062,acf:2062/acf:0003,NCGR,3,acf:2062/acf:0004,NCGR,4,1,adjacent_graphics_slots,False
acf:2062,acf:2062/acf:0004,NCGR,4,acf:2062/acf:0005,NCER,5,1,adjacent_graphics_slots,False
acf:2062,acf:2062/acf:0005,NCER,5,acf:2062/acf:0006,NCER,6,1,adjacent_graphics_slots,False
acf:2062,acf:2062/acf:0006,NCER,6,acf:2062/acf:0007,NCER,7,1,adjacent_graphics_slots,False
acf:2062,acf:2062/acf:0007,NCER,7,acf:2062/acf:0008,NCER,8,1,adjacent_graphics_slots,False
acf:2062,acf:2062/acf:0008,NCER,8,acf:2062/acf:0009,NCER,9,1,adjacent_graphics_slots,False
acf:2063,acf:2063/acf:0001,NCLR,1,acf:2063/acf:0002,NCGR,2,1,adjacent_graphics_slots,False
acf:2063,acf:2063/acf:0002,NCGR,2,acf:2063/acf:0003,NCGR,3,1,adjacent_graphics_slots,False
acf:2063,acf:2063/acf:0003,NCGR,3,acf:2063/acf:0004,NCGR,4,1,adjacent_graphics_slots,False
acf:2063,acf:2063/acf:0004,NCGR,4,acf:2063/acf:0005,NCER,5,1,adjacent_graphics_slots,False
acf:2063,acf:2063/acf:0005,NCER,5,acf:2063/acf:0006,NCER,6,1,adjacent_graphics_slots,False
acf:2063,acf:2063/acf:0006,NCER,6,acf:2063/acf:0007,NCER,7,1,adjacent_graphics_slots,False
acf:2063,acf:2063/acf:0007,NCER,7,acf:2063/acf:0008,NCER,8,1,adjacent_graphics_slots,False
acf:2063,acf:2063/acf:0008,NCER,8,acf:2063/acf:0009,NCER,9,1,adjacent_graphics_slots,False
acf:2064,acf:2064/acf:0001,NCLR,1,acf:2064/acf:0002,NCGR,2,1,adjacent_graphics_slots,False
acf:2064,acf:2064/acf:0002,NCGR,2,acf:2064/acf:0003,NCER,3,1,adjacent_graphics_slots,False
acf:2064,acf:2064/acf:0003,NCER,3,acf:2064/acf:0004,NCER,4,1,adjacent_graphics_slots,False
acf:2065,acf:2065/acf:0001,NCLR,1,acf:2065/acf:0002,NCGR,2,1,adjacent_graphics_slots,False
acf:2065,acf:2065/acf:0002,NCGR,2,acf:2065/acf:0003,NCGR,3,1,adjacent_graphics_slots,False
acf:2065,acf:2065/acf:0003,NCGR,3,acf:2065/acf:0004,NCGR,4,1,adjacent_graphics_slots,False
acf:2065,acf:2065/acf:0004,NCGR,4,acf:2065/acf:0005,NCER,5,1,adjacent_graphics_slots,False
acf:2065,acf:2065/acf:0005,NCER,5,acf:2065/acf:0006,NCER,6,1,adjacent_graphics_slots,False
acf:2065,acf:2065/acf:0006,NCER,6,acf:2065/acf:0007,NCER,7,1,adjacent_graphics_slots,False
acf:2065,acf:2065/acf:0007,NCER,7,acf:2065/acf:0008,NCER,8,1,adjacent_graphics_slots,False
acf:2065,acf:2065/acf:0008,NCER,8,acf:2065/acf:0009,NCER,9,1,adjacent_graphics_slots,False
acf:2066,acf:2066/acf:0001,NCLR,1,acf:2066/acf:0002,NCGR,2,1,adjacent_graphics_slots,False
acf:2066,acf:2066/acf:0002,NCGR,2,acf:2066/acf:0003,NCGR,3,1,adjacent_graphics_slots,False
acf:2066,acf:2066/acf:0003,NCGR,3,acf:2066/acf:0004,NCGR,4,1,adjacent_graphics_slots,False
acf:2066,acf:2066/acf:0004,NCGR,4,acf:2066/acf:0005,NCER,5,1,adjacent_graphics_slots,False
acf:2066,acf:2066/acf:0005,NCER,5,acf:2066/acf:0006,NCER,6,1,adjacent_graphics_slots,False
acf:2066,acf:2066/acf:0006,NCER,6,acf:2066/acf:0007,NCER,7,1,adjacent_graphics_slots,False
acf:2066,acf:2066/acf:0007,NCER,7,acf:2066/acf:0008,NCER,8,1,adjacent_graphics_slots,False
acf:2066,acf:2066/acf:0008,NCER,8,acf:2066/acf:0009,NCER,9,1,adjacent_graphics_slots,False
acf:2067,acf:2067/acf:0001,NCLR,1,acf:2067/acf:0002,NCGR,2,1,adjacent_graphics_slots,False
acf:2067,acf:2067/acf:0002,NCGR,2,acf:2067/acf:0003,NCGR,3,1,adjacent_graphics_slots,False
acf:2067,acf:2067/acf:0003,NCGR,3,acf:2067/acf:0004,NCGR,4,1,adjacent_graphics_slots,False
acf:2067,acf:2067/acf:0004,NCGR,4,acf:2067/acf:0005,NCER,5,1,adjacent_graphics_slots,False
acf:2067,acf:2067/acf:0005,NCER,5,acf:2067/acf:0006,NCER,6,1,adjacent_graphics_slots,False
acf:2067,acf:2067/acf:0006,NCER,6,acf:2067/acf:0007,NCER,7,1,adjacent_graphics_slots,False
acf:2067,acf:2067/acf:0007,NCER,7,acf:2067/acf:0008,NCER,8,1,adjacent_graphics_slots,False
acf:2067,acf:2067/acf:0008,NCER,8,acf:2067/acf:0009,NCER,9,1,adjacent_graphics_slots,False
acf:2068,acf:2068/acf:0001,NCLR,1,acf:2068/acf:0002,NCGR,2,1,adjacent_graphics_slots,False
acf:2068,acf:2068/acf:0002,NCGR,2,acf:2068/acf:0003,NCGR,3,1,adjacent_graphics_slots,False
acf:2068,acf:2068/acf:0003,NCGR,3,acf:2068/acf:0004,NCGR,4,1,adjacent_graphics_slots,False
acf:2068,acf:2068/acf:0004,NCGR,4,acf:2068/acf:0005,NCGR,5,1,adjacent_graphics_slots,False
acf:2068,acf:2068/acf:0005,NCGR,5,acf:2068/acf:0006,NCER,6,1,adjacent_graphics_slots,False
acf:2068,acf:2068/acf:0006,NCER,6,acf:2068/acf:0007,NCER,7,1,adjacent_graphics_slots,False
acf:2068,acf:2068/acf:0007,NCER,7,acf:2068/acf:0008,NCER,8,1,adjacent_graphics_slots,False
acf:2068,acf:2068/acf:0008,NCER,8,acf:2068/acf:0009,NCER,9,1,adjacent_graphics_slots,False
acf:2068,acf:2068/acf:0009,NCER,9,acf:2068/acf:0010,NCER,10,1,adjacent_graphics_slots,False
acf:2068,acf:2068/acf:0010,NCER,10,acf:2068/acf:0011,NCER,11,1,adjacent_graphics_slots,False
acf:2068,acf:2068/acf:0011,NCER,11,acf:2068/acf:0012,NCER,12,1,adjacent_graphics_slots,False
acf:2069,acf:2069/acf:0001,NCLR,1,acf:2069/acf:0002,NCGR,2,1,adjacent_graphics_slots,False
acf:2069,acf:2069/acf:0002,NCGR,2,acf:2069/acf:0003,NCGR,3,1,adjacent_graphics_slots,False
acf:2069,acf:2069/acf:0003,NCGR,3,acf:2069/acf:0004,NCGR,4,1,adjacent_graphics_slots,False
acf:2069,acf:2069/acf:0004,NCGR,4,acf:2069/acf:0005,NCER,5,1,adjacent_graphics_slots,False
acf:2069,acf:2069/acf:0005,NCER,5,acf:2069/acf:0006,NCER,6,1,adjacent_graphics_slots,False
acf:2069,acf:2069/acf:0006,NCER,6,acf:2069/acf:0007,NCER,7,1,adjacent_graphics_slots,False
acf:2069,acf:2069/acf:0007,NCER,7,acf:2069/acf:0008,NCER,8,1,adjacent_graphics_slots,False
acf:2069,acf:2069/acf:0008,NCER,8,acf:2069/acf:0009,NCER,9,1,adjacent_graphics_slots,False
acf:2070,acf:2070/acf:0001,NCLR,1,acf:2070/acf:0002,NCGR,2,1,adjacent_graphics_slots,False
acf:2070,acf:2070/acf:0002,NCGR,2,acf:2070/acf:0003,NCGR,3,1,adjacent_graphics_slots,False
acf:2070,acf:2070/acf:0003,NCGR,3,acf:2070/acf:0004,NCGR,4,1,adjacent_graphics_slots,False
acf:2070,acf:2070/acf:0004,NCGR,4,acf:2070/acf:0005,NCGR,5,1,adjacent_graphics_slots,False
acf:2070,acf:2070/acf:0005,NCGR,5,acf:2070/acf:0006,NCER,6,1,adjacent_graphics_slots,False
acf:2070,acf:2070/acf:0006,NCER,6,acf:2070/acf:0007,NCER,7,1,adjacent_graphics_slots,False
acf:2070,acf:2070/acf:0007,NCER,7,acf:2070/acf:0008,NCER,8,1,adjacent_graphics_slots,False
acf:2070,acf:2070/acf:0008,NCER,8,acf:2070/acf:0009,NCER,9,1,adjacent_graphics_slots,False
acf:2070,acf:2070/acf:0009,NCER,9,acf:2070/acf:0010,NCER,10,1,adjacent_graphics_slots,False
acf:2070,acf:2070/acf:0010,NCER,10,acf:2070/acf:0011,NCER,11,1,adjacent_graphics_slots,False
acf:2070,acf:2070/acf:0011,NCER,11,acf:2070/acf:0012,NCER,12,1,adjacent_graphics_slots,False
acf:2071,acf:2071/acf:0001,NCLR,1,acf:2071/acf:0002,NCGR,2,1,adjacent_graphics_slots,False
acf:2071,acf:2071/acf:0002,NCGR,2,acf:2071/acf:0003,NCGR,3,1,adjacent_graphics_slots,False
acf:2071,acf:2071/acf:0003,NCGR,3,acf:2071/acf:0004,NCGR,4,1,adjacent_graphics_slots,False
acf:2071,acf:2071/acf:0004,NCGR,4,acf:2071/acf:0005,NCGR,5,1,adjacent_graphics_slots,False
acf:2071,acf:2071/acf:0005,NCGR,5,acf:2071/acf:0006,NCER,6,1,adjacent_graphics_slots,False
acf:2071,acf:2071/acf:0006,NCER,6,acf:2071/acf:0007,NCER,7,1,adjacent_graphics_slots,False
acf:2071,acf:2071/acf:0007,NCER,7,acf:2071/acf:0008,NCER,8,1,adjacent_graphics_slots,False
acf:2071,acf:2071/acf:0008,NCER,8,acf:2071/acf:0009,NCER,9,1,adjacent_graphics_slots,False
acf:2071,acf:2071/acf:0009,NCER,9,acf:2071/acf:0010,NCER,10,1,adjacent_graphics_slots,False
acf:2071,acf:2071/acf:0010,NCER,10,acf:2071/acf:0011,NCER,11,1,adjacent_graphics_slots,False
acf:2071,acf:2071/acf:0011,NCER,11,acf:2071/acf:0012,NCER,12,1,adjacent_graphics_slots,False
acf:2072,acf:2072/acf:0001,NCLR,1,acf:2072/acf:0002,NCGR,2,1,adjacent_graphics_slots,False
acf:2072,acf:2072/acf:0002,NCGR,2,acf:2072/acf:0003,NCGR,3,1,adjacent_graphics_slots,False
acf:2072,acf:2072/acf:0003,NCGR,3,acf:2072/acf:0004,NCGR,4,1,adjacent_graphics_slots,False
acf:2072,acf:2072/acf:0004,NCGR,4,acf:2072/acf:0005,NCER,5,1,adjacent_graphics_slots,False
acf:2072,acf:2072/acf:0005,NCER,5,acf:2072/acf:0006,NCER,6,1,adjacent_graphics_slots,False
acf:2072,acf:2072/acf:0006,NCER,6,acf:2072/acf:0007,NCER,7,1,adjacent_graphics_slots,False
acf:2072,acf:2072/acf:0007,NCER,7,acf:2072/acf:0008,NCER,8,1,adjacent_graphics_slots,False
acf:2072,acf:2072/acf:0008,NCER,8,acf:2072/acf:0009,NCER,9,1,adjacent_graphics_slots,False
acf:2073,acf:2073/acf:0001,NCLR,1,acf:2073/acf:0002,NCGR,2,1,adjacent_graphics_slots,False
acf:2073,acf:2073/acf:0002,NCGR,2,acf:2073/acf:0003,NCGR,3,1,adjacent_graphics_slots,False
acf:2073,acf:2073/acf:0003,NCGR,3,acf:2073/acf:0004,NCGR,4,1,adjacent_graphics_slots,False
acf:2073,acf:2073/acf:0004,NCGR,4,acf:2073/acf:0005,NCER,5,1,adjacent_graphics_slots,False
acf:2073,acf:2073/acf:0005,NCER,5,acf:2073/acf:0006,NCER,6,1,adjacent_graphics_slots,False
acf:2073,acf:2073/acf:0006,NCER,6,acf:2073/acf:0007,NCER,7,1,adjacent_graphics_slots,False
acf:2073,acf:2073/acf:0007,NCER,7,acf:2073/acf:0008,NCER,8,1,adjacent_graphics_slots,False
acf:2073,acf:2073/acf:0008,NCER,8,acf:2073/acf:0009,NCER,9,1,adjacent_graphics_slots,False
acf:2074,acf:2074/acf:0001,NCLR,1,acf:2074/acf:0002,NCGR,2,1,adjacent_graphics_slots,False
acf:2074,acf:2074/acf:0002,NCGR,2,acf:2074/acf:0003,NCGR,3,1,adjacent_graphics_slots,False
acf:2074,acf:2074/acf:0003,NCGR,3,acf:2074/acf:0004,NCGR,4,1,adjacent_graphics_slots,False
acf:2074,acf:2074/acf:0004,NCGR,4,acf:2074/acf:0005,NCGR,5,1,adjacent_graphics_slots,False
acf:2074,acf:2074/acf:0005,NCGR,5,acf:2074/acf:0006,NCER,6,1,adjacent_graphics_slots,False
acf:2074,acf:2074/acf:0006,NCER,6,acf:2074/acf:0007,NCER,7,1,adjacent_graphics_slots,False
acf:2074,acf:2074/acf:0007,NCER,7,acf:2074/acf:0008,NCER,8,1,adjacent_graphics_slots,False
acf:2074,acf:2074/acf:0008,NCER,8,acf:2074/acf:0009,NCER,9,1,adjacent_graphics_slots,False
acf:2074,acf:2074/acf:0009,NCER,9,acf:2074/acf:0010,NCER,10,1,adjacent_graphics_slots,False
acf:2074,acf:2074/acf:0010,NCER,10,acf:2074/acf:0011,NCER,11,1,adjacent_graphics_slots,False
acf:2074,acf:2074/acf:0011,NCER,11,acf:2074/acf:0012,NCER,12,1,adjacent_graphics_slots,False
acf:2074,acf:2074/acf:0012,NCER,12,acf:2074/acf:0013,NCER,13,1,adjacent_graphics_slots,False
acf:2075,acf:2075/acf:0001,NCLR,1,acf:2075/acf:0002,NCGR,2,1,adjacent_graphics_slots,False
acf:2075,acf:2075/acf:0002,NCGR,2,acf:2075/acf:0003,NCGR,3,1,adjacent_graphics_slots,False
acf:2075,acf:2075/acf:0003,NCGR,3,acf:2075/acf:0004,NCGR,4,1,adjacent_graphics_slots,False
acf:2075,acf:2075/acf:0004,NCGR,4,acf:2075/acf:0005,NCER,5,1,adjacent_graphics_slots,False
acf:2075,acf:2075/acf:0005,NCER,5,acf:2075/acf:0006,NCER,6,1,adjacent_graphics_slots,False
acf:2075,acf:2075/acf:0006,NCER,6,acf:2075/acf:0007,NCER,7,1,adjacent_graphics_slots,False
acf:2075,acf:2075/acf:0007,NCER,7,acf:2075/acf:0008,NCER,8,1,adjacent_graphics_slots,False
acf:2075,acf:2075/acf:0008,NCER,8,acf:2075/acf:0009,NCER,9,1,adjacent_graphics_slots,False
acf:2076,acf:2076/acf:0001,NCLR,1,acf:2076/acf:0002,NCGR,2,1,adjacent_graphics_slots,False
acf:2076,acf:2076/acf:0002,NCGR,2,acf:2076/acf:0003,NCGR,3,1,adjacent_graphics_slots,False
acf:2076,acf:2076/acf:0003,NCGR,3,acf:2076/acf:0004,NCER,4,1,adjacent_graphics_slots,False
acf:2076,acf:2076/acf:0004,NCER,4,acf:2076/acf:0005,NCER,5,1,adjacent_graphics_slots,False
acf:2076,acf:2076/acf:0005,NCER,5,acf:2076/acf:0006,NCER,6,1,adjacent_graphics_slots,False
acf:2076,acf:2076/acf:0006,NCER,6,acf:2076/acf:0007,NCER,7,1,adjacent_graphics_slots,False
acf:2077,acf:2077/acf:0001,NCLR,1,acf:2077/acf:0002,NCGR,2,1,adjacent_graphics_slots,False
acf:2077,acf:2077/acf:0002,NCGR,2,acf:2077/acf:0003,NCGR,3,1,adjacent_graphics_slots,False
acf:2077,acf:2077/acf:0003,NCGR,3,acf:2077/acf:0004,NCER,4,1,adjacent_graphics_slots,False
acf:2077,acf:2077/acf:0004,NCER,4,acf:2077/acf:0005,NCER,5,1,adjacent_graphics_slots,False
acf:2077,acf:2077/acf:0005,NCER,5,acf:2077/acf:0006,NCER,6,1,adjacent_graphics_slots,False
acf:2077,acf:2077/acf:0006,NCER,6,acf:2077/acf:0007,NCER,7,1,adjacent_graphics_slots,False
acf:2078,acf:2078/acf:0001,NCLR,1,acf:2078/acf:0002,NCGR,2,1,adjacent_graphics_slots,False
acf:2078,acf:2078/acf:0002,NCGR,2,acf:2078/acf:0003,NCGR,3,1,adjacent_graphics_slots,False
acf:2078,acf:2078/acf:0003,NCGR,3,acf:2078/acf:0004,NCGR,4,1,adjacent_graphics_slots,False
acf:2078,acf:2078/acf:0004,NCGR,4,acf:2078/acf:0005,NCGR,5,1,adjacent_graphics_slots,False
acf:2078,acf:2078/acf:0005,NCGR,5,acf:2078/acf:0006,NCER,6,1,adjacent_graphics_slots,False
acf:2078,acf:2078/acf:0006,NCER,6,acf:2078/acf:0007,NCER,7,1,adjacent_graphics_slots,False
acf:2078,acf:2078/acf:0007,NCER,7,acf:2078/acf:0008,NCER,8,1,adjacent_graphics_slots,False
acf:2078,acf:2078/acf:0008,NCER,8,acf:2078/acf:0009,NCER,9,1,adjacent_graphics_slots,False
acf:2078,acf:2078/acf:0009,NCER,9,acf:2078/acf:0010,NCER,10,1,adjacent_graphics_slots,False
acf:2078,acf:2078/acf:0010,NCER,10,acf:2078/acf:0011,NCER,11,1,adjacent_graphics_slots,False
acf:2078,acf:2078/acf:0011,NCER,11,acf:2078/acf:0012,NCER,12,1,adjacent_graphics_slots,False
acf:2078,acf:2078/acf:0012,NCER,12,acf:2078/acf:0013,NCER,13,1,adjacent_graphics_slots,False
acf:2079,acf:2079/acf:0001,NCLR,1,acf:2079/acf:0002,NCGR,2,1,adjacent_graphics_slots,False
acf:2079,acf:2079/acf:0002,NCGR,2,acf:2079/acf:0003,NCGR,3,1,adjacent_graphics_slots,False
acf:2079,acf:2079/acf:0003,NCGR,3,acf:2079/acf:0004,NCER,4,1,adjacent_graphics_slots,False
acf:2079,acf:2079/acf:0004,NCER,4,acf:2079/acf:0005,NCER,5,1,adjacent_graphics_slots,False
acf:2079,acf:2079/acf:0005,NCER,5,acf:2079/acf:0006,NCER,6,1,adjacent_graphics_slots,False
acf:2080,acf:2080/acf:0001,NCLR,1,acf:2080/acf:0002,NCGR,2,1,adjacent_graphics_slots,False
acf:2080,acf:2080/acf:0002,NCGR,2,acf:2080/acf:0003,NCGR,3,1,adjacent_graphics_slots,False
acf:2080,acf:2080/acf:0003,NCGR,3,acf:2080/acf:0004,NCGR,4,1,adjacent_graphics_slots,False
acf:2080,acf:2080/acf:0004,NCGR,4,acf:2080/acf:0005,NCGR,5,1,adjacent_graphics_slots,False
acf:2080,acf:2080/acf:0005,NCGR,5,acf:2080/acf:0006,NCER,6,1,adjacent_graphics_slots,False
acf:2080,acf:2080/acf:0006,NCER,6,acf:2080/acf:0007,NCER,7,1,adjacent_graphics_slots,False
acf:2080,acf:2080/acf:0007,NCER,7,acf:2080/acf:0008,NCER,8,1,adjacent_graphics_slots,False
acf:2080,acf:2080/acf:0008,NCER,8,acf:2080/acf:0009,NCER,9,1,adjacent_graphics_slots,False
acf:2080,acf:2080/acf:0009,NCER,9,acf:2080/acf:0010,NCER,10,1,adjacent_graphics_slots,False
acf:2080,acf:2080/acf:0010,NCER,10,acf:2080/acf:0011,NCER,11,1,adjacent_graphics_slots,False
acf:2080,acf:2080/acf:0011,NCER,11,acf:2080/acf:0012,NCER,12,1,adjacent_graphics_slots,False
acf:2080,acf:2080/acf:0012,NCER,12,acf:2080/acf:0013,NCER,13,1,adjacent_graphics_slots,False
acf:2081,acf:2081/acf:0001,NCLR,1,acf:2081/acf:0002,NCGR,2,1,adjacent_graphics_slots,False
acf:2081,acf:2081/acf:0002,NCGR,2,acf:2081/acf:0003,NCGR,3,1,adjacent_graphics_slots,False
acf:2081,acf:2081/acf:0003,NCGR,3,acf:2081/acf:0004,NCGR,4,1,adjacent_graphics_slots,False
acf:2081,acf:2081/acf:0004,NCGR,4,acf:2081/acf:0005,NCER,5,1,adjacent_graphics_slots,False
acf:2081,acf:2081/acf:0005,NCER,5,acf:2081/acf:0006,NCER,6,1,adjacent_graphics_slots,False
acf:2081,acf:2081/acf:0006,NCER,6,acf:2081/acf:0007,NCER,7,1,adjacent_graphics_slots,False
acf:2081,acf:2081/acf:0007,NCER,7,acf:2081/acf:0008,NCER,8,1,adjacent_graphics_slots,False
acf:2081,acf:2081/acf:0008,NCER,8,acf:2081/acf:0009,NCER,9,1,adjacent_graphics_slots,False
acf:2082,acf:2082/acf:0001,NCLR,1,acf:2082/acf:0002,NCGR,2,1,adjacent_graphics_slots,False
acf:2082,acf:2082/acf:0002,NCGR,2,acf:2082/acf:0003,NCGR,3,1,adjacent_graphics_slots,False
acf:2082,acf:2082/acf:0003,NCGR,3,acf:2082/acf:0004,NCGR,4,1,adjacent_graphics_slots,False
acf:2082,acf:2082/acf:0004,NCGR,4,acf:2082/acf:0005,NCER,5,1,adjacent_graphics_slots,False
acf:2082,acf:2082/acf:0005,NCER,5,acf:2082/acf:0006,NCER,6,1,adjacent_graphics_slots,False
acf:2082,acf:2082/acf:0006,NCER,6,acf:2082/acf:0007,NCER,7,1,adjacent_graphics_slots,False
acf:2082,acf:2082/acf:0007,NCER,7,acf:2082/acf:0008,NCER,8,1,adjacent_graphics_slots,False
acf:2082,acf:2082/acf:0008,NCER,8,acf:2082/acf:0009,NCER,9,1,adjacent_graphics_slots,False
acf:2083,acf:2083/acf:0001,NCLR,1,acf:2083/acf:0002,NCGR,2,1,adjacent_graphics_slots,False
acf:2083,acf:2083/acf:0002,NCGR,2,acf:2083/acf:0003,NCGR,3,1,adjacent_graphics_slots,False
acf:2083,acf:2083/acf:0003,NCGR,3,acf:2083/acf:0004,NCGR,4,1,adjacent_graphics_slots,False
acf:2083,acf:2083/acf:0004,NCGR,4,acf:2083/acf:0005,NCER,5,1,adjacent_graphics_slots,False
acf:2083,acf:2083/acf:0005,NCER,5,acf:2083/acf:0006,NCER,6,1,adjacent_graphics_slots,False
acf:2083,acf:2083/acf:0006,NCER,6,acf:2083/acf:0007,NCER,7,1,adjacent_graphics_slots,False
acf:2083,acf:2083/acf:0007,NCER,7,acf:2083/acf:0008,NCER,8,1,adjacent_graphics_slots,False
acf:2083,acf:2083/acf:0008,NCER,8,acf:2083/acf:0009,NCER,9,1,adjacent_graphics_slots,False
acf:2084,acf:2084/acf:0001,NCLR,1,acf:2084/acf:0002,NCGR,2,1,adjacent_graphics_slots,False
acf:2084,acf:2084/acf:0002,NCGR,2,acf:2084/acf:0003,NCGR,3,1,adjacent_graphics_slots,False
acf:2084,acf:2084/acf:0003,NCGR,3,acf:2084/acf:0004,NCGR,4,1,adjacent_graphics_slots,False
acf:2084,acf:2084/acf:0004,NCGR,4,acf:2084/acf:0005,NCER,5,1,adjacent_graphics_slots,False
acf:2084,acf:2084/acf:0005,NCER,5,acf:2084/acf:0006,NCER,6,1,adjacent_graphics_slots,False
acf:2084,acf:2084/acf:0006,NCER,6,acf:2084/acf:0007,NCER,7,1,adjacent_graphics_slots,False
acf:2084,acf:2084/acf:0007,NCER,7,acf:2084/acf:0008,NCER,8,1,adjacent_graphics_slots,False
acf:2084,acf:2084/acf:0008,NCER,8,acf:2084/acf:0009,NCER,9,1,adjacent_graphics_slots,False
acf:2085,acf:2085/acf:0001,NCLR,1,acf:2085/acf:0002,NCGR,2,1,adjacent_graphics_slots,False
acf:2085,acf:2085/acf:0002,NCGR,2,acf:2085/acf:0003,NCGR,3,1,adjacent_graphics_slots,False
acf:2085,acf:2085/acf:0003,NCGR,3,acf:2085/acf:0004,NCGR,4,1,adjacent_graphics_slots,False
acf:2085,acf:2085/acf:0004,NCGR,4,acf:2085/acf:0005,NCER,5,1,adjacent_graphics_slots,False
acf:2085,acf:2085/acf:0005,NCER,5,acf:2085/acf:0006,NCER,6,1,adjacent_graphics_slots,False
acf:2085,acf:2085/acf:0006,NCER,6,acf:2085/acf:0007,NCER,7,1,adjacent_graphics_slots,False
acf:2085,acf:2085/acf:0007,NCER,7,acf:2085/acf:0008,NCER,8,1,adjacent_graphics_slots,False
acf:2085,acf:2085/acf:0008,NCER,8,acf:2085/acf:0009,NCER,9,1,adjacent_graphics_slots,False
acf:2086,acf:2086/acf:0001,NCLR,1,acf:2086/acf:0002,NCGR,2,1,adjacent_graphics_slots,False
acf:2086,acf:2086/acf:0002,NCGR,2,acf:2086/acf:0003,NCER,3,1,adjacent_graphics_slots,False
acf:2086,acf:2086/acf:0003,NCER,3,acf:2086/acf:0004,NCER,4,1,adjacent_graphics_slots,False
acf:2087,acf:2087/acf:0001,NCLR,1,acf:2087/acf:0002,NCGR,2,1,adjacent_graphics_slots,False
acf:2087,acf:2087/acf:0002,NCGR,2,acf:2087/acf:0003,NCGR,3,1,adjacent_graphics_slots,False
acf:2087,acf:2087/acf:0003,NCGR,3,acf:2087/acf:0004,NCGR,4,1,adjacent_graphics_slots,False
acf:2087,acf:2087/acf:0004,NCGR,4,acf:2087/acf:0005,NCGR,5,1,adjacent_graphics_slots,False
acf:2087,acf:2087/acf:0005,NCGR,5,acf:2087/acf:0006,NCER,6,1,adjacent_graphics_slots,False
acf:2087,acf:2087/acf:0006,NCER,6,acf:2087/acf:0007,NCER,7,1,adjacent_graphics_slots,False
acf:2087,acf:2087/acf:0007,NCER,7,acf:2087/acf:0008,NCER,8,1,adjacent_graphics_slots,False
acf:2087,acf:2087/acf:0008,NCER,8,acf:2087/acf:0009,NCER,9,1,adjacent_graphics_slots,False
acf:2087,acf:2087/acf:0009,NCER,9,acf:2087/acf:0010,NCER,10,1,adjacent_graphics_slots,False
acf:2087,acf:2087/acf:0010,NCER,10,acf:2087/acf:0011,NCER,11,1,adjacent_graphics_slots,False
acf:2087,acf:2087/acf:0011,NCER,11,acf:2087/acf:0012,NCER,12,1,adjacent_graphics_slots,False
acf:2087,acf:2087/acf:0012,NCER,12,acf:2087/acf:0013,NCER,13,1,adjacent_graphics_slots,False
acf:2088,acf:2088/acf:0001,NCLR,1,acf:2088/acf:0002,NCGR,2,1,adjacent_graphics_slots,False
acf:2088,acf:2088/acf:0002,NCGR,2,acf:2088/acf:0003,NCGR,3,1,adjacent_graphics_slots,False
acf:2088,acf:2088/acf:0003,NCGR,3,acf:2088/acf:0004,NCER,4,1,adjacent_graphics_slots,False
acf:2088,acf:2088/acf:0004,NCER,4,acf:2088/acf:0005,NCER,5,1,adjacent_graphics_slots,False
acf:2089,acf:2089/acf:0001,NCLR,1,acf:2089/acf:0002,NCGR,2,1,adjacent_graphics_slots,False
acf:2089,acf:2089/acf:0002,NCGR,2,acf:2089/acf:0003,NCER,3,1,adjacent_graphics_slots,False
acf:2089,acf:2089/acf:0003,NCER,3,acf:2089/acf:0004,NCER,4,1,adjacent_graphics_slots,False
acf:2090,acf:2090/acf:0001,NCLR,1,acf:2090/acf:0002,NCGR,2,1,adjacent_graphics_slots,False
acf:2090,acf:2090/acf:0002,NCGR,2,acf:2090/acf:0003,NCER,3,1,adjacent_graphics_slots,False
acf:2090,acf:2090/acf:0003,NCER,3,acf:2090/acf:0004,NCER,4,1,adjacent_graphics_slots,False
acf:2091,acf:2091/acf:0001,NCLR,1,acf:2091/acf:0002,NCGR,2,1,adjacent_graphics_slots,False
acf:2091,acf:2091/acf:0002,NCGR,2,acf:2091/acf:0003,NCGR,3,1,adjacent_graphics_slots,False
acf:2091,acf:2091/acf:0003,NCGR,3,acf:2091/acf:0004,NCGR,4,1,adjacent_graphics_slots,False
acf:2091,acf:2091/acf:0004,NCGR,4,acf:2091/acf:0005,NCER,5,1,adjacent_graphics_slots,False
acf:2091,acf:2091/acf:0005,NCER,5,acf:2091/acf:0006,NCER,6,1,adjacent_graphics_slots,False
acf:2091,acf:2091/acf:0006,NCER,6,acf:2091/acf:0007,NCER,7,1,adjacent_graphics_slots,False
acf:2091,acf:2091/acf:0007,NCER,7,acf:2091/acf:0008,NCER,8,1,adjacent_graphics_slots,False
acf:2091,acf:2091/acf:0008,NCER,8,acf:2091/acf:0009,NCER,9,1,adjacent_graphics_slots,False
acf:2092,acf:2092/acf:0001,NCLR,1,acf:2092/acf:0002,NCGR,2,1,adjacent_graphics_slots,False
acf:2092,acf:2092/acf:0002,NCGR,2,acf:2092/acf:0003,NCER,3,1,adjacent_graphics_slots,False
acf:2092,acf:2092/acf:0003,NCER,3,acf:2092/acf:0004,NCER,4,1,adjacent_graphics_slots,False
acf:2093,acf:2093/acf:0001,NCLR,1,acf:2093/acf:0002,NCGR,2,1,adjacent_graphics_slots,False
acf:2093,acf:2093/acf:0002,NCGR,2,acf:2093/acf:0003,NCER,3,1,adjacent_graphics_slots,False
acf:2093,acf:2093/acf:0003,NCER,3,acf:2093/acf:0004,NCER,4,1,adjacent_graphics_slots,False
acf:2094,acf:2094/acf:0001,NCLR,1,acf:2094/acf:0002,NCGR,2,1,adjacent_graphics_slots,False
acf:2094,acf:2094/acf:0002,NCGR,2,acf:2094/acf:0003,NCER,3,1,adjacent_graphics_slots,False
acf:2094,acf:2094/acf:0003,NCER,3,acf:2094/acf:0004,NCER,4,1,adjacent_graphics_slots,False
acf:2095,acf:2095/acf:0001,NCLR,1,acf:2095/acf:0002,NCGR,2,1,adjacent_graphics_slots,False
acf:2095,acf:2095/acf:0002,NCGR,2,acf:2095/acf:0003,NCER,3,1,adjacent_graphics_slots,False
acf:2095,acf:2095/acf:0003,NCER,3,acf:2095/acf:0004,NCER,4,1,adjacent_graphics_slots,False
acf:2096,acf:2096/acf:0001,NCLR,1,acf:2096/acf:0002,NCGR,2,1,adjacent_graphics_slots,False
acf:2096,acf:2096/acf:0002,NCGR,2,acf:2096/acf:0003,NCER,3,1,adjacent_graphics_slots,False
acf:2096,acf:2096/acf:0003,NCER,3,acf:2096/acf:0004,NCER,4,1,adjacent_graphics_slots,False
acf:2097,acf:2097/acf:0001,NCLR,1,acf:2097/acf:0002,NCGR,2,1,adjacent_graphics_slots,False
acf:2097,acf:2097/acf:0002,NCGR,2,acf:2097/acf:0003,NCER,3,1,adjacent_graphics_slots,False
acf:2097,acf:2097/acf:0003,NCER,3,acf:2097/acf:0004,NCER,4,1,adjacent_graphics_slots,False
acf:2098,acf:2098/acf:0001,NCLR,1,acf:2098/acf:0002,NCGR,2,1,adjacent_graphics_slots,False
acf:2098,acf:2098/acf:0002,NCGR,2,acf:2098/acf:0003,NCER,3,1,adjacent_graphics_slots,False
acf:2098,acf:2098/acf:0003,NCER,3,acf:2098/acf:0004,NCER,4,1,adjacent_graphics_slots,False
acf:2099,acf:2099/acf:0001,NCLR,1,acf:2099/acf:0002,NCGR,2,1,adjacent_graphics_slots,False
acf:2099,acf:2099/acf:0002,NCGR,2,acf:2099/acf:0003,NCER,3,1,adjacent_graphics_slots,False
acf:2099,acf:2099/acf:0003,NCER,3,acf:2099/acf:0004,NCER,4,1,adjacent_graphics_slots,False
acf:2100,acf:2100/acf:0001,NCLR,1,acf:2100/acf:0002,NCGR,2,1,adjacent_graphics_slots,False
acf:2100,acf:2100/acf:0002,NCGR,2,acf:2100/acf:0003,NCER,3,1,adjacent_graphics_slots,False
acf:2100,acf:2100/acf:0003,NCER,3,acf:2100/acf:0004,NCER,4,1,adjacent_graphics_slots,False
acf:2101,acf:2101/acf:0001,NCLR,1,acf:2101/acf:0002,NCGR,2,1,adjacent_graphics_slots,False
acf:2101,acf:2101/acf:0002,NCGR,2,acf:2101/acf:0003,NCER,3,1,adjacent_graphics_slots,False
acf:2101,acf:2101/acf:0003,NCER,3,acf:2101/acf:0004,NCER,4,1,adjacent_graphics_slots,False
acf:2102,acf:2102/acf:0001,NCLR,1,acf:2102/acf:0002,NCGR,2,1,adjacent_graphics_slots,False
acf:2102,acf:2102/acf:0002,NCGR,2,acf:2102/acf:0003,NCER,3,1,adjacent_graphics_slots,False
acf:2102,acf:2102/acf:0003,NCER,3,acf:2102/acf:0004,NCER,4,1,adjacent_graphics_slots,False
acf:2103,acf:2103/acf:0001,NCLR,1,acf:2103/acf:0002,NCGR,2,1,adjacent_graphics_slots,False
acf:2103,acf:2103/acf:0002,NCGR,2,acf:2103/acf:0003,NCER,3,1,adjacent_graphics_slots,False
acf:2103,acf:2103/acf:0003,NCER,3,acf:2103/acf:0004,NCER,4,1,adjacent_graphics_slots,False
acf:2104,acf:2104/acf:0001,NCLR,1,acf:2104/acf:0002,NCGR,2,1,adjacent_graphics_slots,False
acf:2104,acf:2104/acf:0002,NCGR,2,acf:2104/acf:0003,NCER,3,1,adjacent_graphics_slots,False
acf:2104,acf:2104/acf:0003,NCER,3,acf:2104/acf:0004,NCER,4,1,adjacent_graphics_slots,False
acf:2105,acf:2105/acf:0001,NCLR,1,acf:2105/acf:0002,NCGR,2,1,adjacent_graphics_slots,False
acf:2105,acf:2105/acf:0002,NCGR,2,acf:2105/acf:0003,NCER,3,1,adjacent_graphics_slots,False
acf:2105,acf:2105/acf:0003,NCER,3,acf:2105/acf:0004,NCER,4,1,adjacent_graphics_slots,False
acf:2106,acf:2106/acf:0001,NCLR,1,acf:2106/acf:0002,NCGR,2,1,adjacent_graphics_slots,False
acf:2106,acf:2106/acf:0002,NCGR,2,acf:2106/acf:0003,NCER,3,1,adjacent_graphics_slots,False
acf:2106,acf:2106/acf:0003,NCER,3,acf:2106/acf:0004,NCER,4,1,adjacent_graphics_slots,False
acf:2107,acf:2107/acf:0001,NCLR,1,acf:2107/acf:0002,NCGR,2,1,adjacent_graphics_slots,False
acf:2107,acf:2107/acf:0002,NCGR,2,acf:2107/acf:0003,NCER,3,1,adjacent_graphics_slots,False
acf:2107,acf:2107/acf:0003,NCER,3,acf:2107/acf:0004,NCER,4,1,adjacent_graphics_slots,False
acf:2108,acf:2108/acf:0001,NCLR,1,acf:2108/acf:0002,NCGR,2,1,adjacent_graphics_slots,False
acf:2108,acf:2108/acf:0002,NCGR,2,acf:2108/acf:0003,NCER,3,1,adjacent_graphics_slots,False
acf:2108,acf:2108/acf:0003,NCER,3,acf:2108/acf:0004,NCER,4,1,adjacent_graphics_slots,False
acf:2109,acf:2109/acf:0001,NCLR,1,acf:2109/acf:0002,NCGR,2,1,adjacent_graphics_slots,False
acf:2109,acf:2109/acf:0002,NCGR,2,acf:2109/acf:0003,NCER,3,1,adjacent_graphics_slots,False
acf:2109,acf:2109/acf:0003,NCER,3,acf:2109/acf:0004,NCER,4,1,adjacent_graphics_slots,False
acf:2110,acf:2110/acf:0001,NCLR,1,acf:2110/acf:0002,NCGR,2,1,adjacent_graphics_slots,False
acf:2110,acf:2110/acf:0002,NCGR,2,acf:2110/acf:0003,NCER,3,1,adjacent_graphics_slots,False
acf:2110,acf:2110/acf:0003,NCER,3,acf:2110/acf:0004,NCER,4,1,adjacent_graphics_slots,False
acf:2111,acf:2111/acf:0001,NCLR,1,acf:2111/acf:0002,NCGR,2,1,adjacent_graphics_slots,False
acf:2111,acf:2111/acf:0002,NCGR,2,acf:2111/acf:0003,NCER,3,1,adjacent_graphics_slots,False
acf:2111,acf:2111/acf:0003,NCER,3,acf:2111/acf:0004,NCER,4,1,adjacent_graphics_slots,False
acf:2112,acf:2112/acf:0001,NCLR,1,acf:2112/acf:0002,NCGR,2,1,adjacent_graphics_slots,False
acf:2112,acf:2112/acf:0002,NCGR,2,acf:2112/acf:0003,NCGR,3,1,adjacent_graphics_slots,False
acf:2112,acf:2112/acf:0003,NCGR,3,acf:2112/acf:0004,NCGR,4,1,adjacent_graphics_slots,False
acf:2112,acf:2112/acf:0004,NCGR,4,acf:2112/acf:0005,NCGR,5,1,adjacent_graphics_slots,False
acf:2112,acf:2112/acf:0005,NCGR,5,acf:2112/acf:0006,NCER,6,1,adjacent_graphics_slots,False
acf:2112,acf:2112/acf:0006,NCER,6,acf:2112/acf:0007,NCER,7,1,adjacent_graphics_slots,False
acf:2112,acf:2112/acf:0007,NCER,7,acf:2112/acf:0008,NCER,8,1,adjacent_graphics_slots,False
acf:2112,acf:2112/acf:0008,NCER,8,acf:2112/acf:0009,NCER,9,1,adjacent_graphics_slots,False
acf:2112,acf:2112/acf:0009,NCER,9,acf:2112/acf:0010,NCER,10,1,adjacent_graphics_slots,False
acf:2113,acf:2113/acf:0001,NCLR,1,acf:2113/acf:0002,NCGR,2,1,adjacent_graphics_slots,False
acf:2113,acf:2113/acf:0002,NCGR,2,acf:2113/acf:0003,NCER,3,1,adjacent_graphics_slots,False
acf:2113,acf:2113/acf:0003,NCER,3,acf:2113/acf:0004,NCER,4,1,adjacent_graphics_slots,False
acf:2114,acf:2114/acf:0001,NCLR,1,acf:2114/acf:0002,NCGR,2,1,adjacent_graphics_slots,False
acf:2114,acf:2114/acf:0002,NCGR,2,acf:2114/acf:0003,NCGR,3,1,adjacent_graphics_slots,False
acf:2114,acf:2114/acf:0003,NCGR,3,acf:2114/acf:0004,NCER,4,1,adjacent_graphics_slots,False
acf:2114,acf:2114/acf:0004,NCER,4,acf:2114/acf:0005,NCER,5,1,adjacent_graphics_slots,False
acf:2114,acf:2114/acf:0005,NCER,5,acf:2114/acf:0006,NCER,6,1,adjacent_graphics_slots,False
acf:2115,acf:2115/acf:0001,NCLR,1,acf:2115/acf:0002,NCGR,2,1,adjacent_graphics_slots,False
acf:2115,acf:2115/acf:0002,NCGR,2,acf:2115/acf:0003,NCER,3,1,adjacent_graphics_slots,False
acf:2115,acf:2115/acf:0003,NCER,3,acf:2115/acf:0004,NCER,4,1,adjacent_graphics_slots,False
acf:2116,acf:2116/acf:0001,NCLR,1,acf:2116/acf:0002,NCGR,2,1,adjacent_graphics_slots,False
acf:2116,acf:2116/acf:0002,NCGR,2,acf:2116/acf:0003,NCGR,3,1,adjacent_graphics_slots,False
acf:2116,acf:2116/acf:0003,NCGR,3,acf:2116/acf:0004,NCGR,4,1,adjacent_graphics_slots,False
acf:2116,acf:2116/acf:0004,NCGR,4,acf:2116/acf:0005,NCGR,5,1,adjacent_graphics_slots,False
acf:2116,acf:2116/acf:0005,NCGR,5,acf:2116/acf:0006,NCGR,6,1,adjacent_graphics_slots,False
acf:2116,acf:2116/acf:0006,NCGR,6,acf:2116/acf:0007,NCER,7,1,adjacent_graphics_slots,False
acf:2116,acf:2116/acf:0007,NCER,7,acf:2116/acf:0008,NCER,8,1,adjacent_graphics_slots,False
acf:2116,acf:2116/acf:0008,NCER,8,acf:2116/acf:0009,NCER,9,1,adjacent_graphics_slots,False
acf:2116,acf:2116/acf:0009,NCER,9,acf:2116/acf:0010,NCER,10,1,adjacent_graphics_slots,False
acf:2116,acf:2116/acf:0010,NCER,10,acf:2116/acf:0011,NCER,11,1,adjacent_graphics_slots,False
acf:2116,acf:2116/acf:0011,NCER,11,acf:2116/acf:0012,NCER,12,1,adjacent_graphics_slots,False
acf:2117,acf:2117/acf:0001,NCLR,1,acf:2117/acf:0002,NCGR,2,1,adjacent_graphics_slots,False
acf:2117,acf:2117/acf:0002,NCGR,2,acf:2117/acf:0003,NCER,3,1,adjacent_graphics_slots,False
acf:2117,acf:2117/acf:0003,NCER,3,acf:2117/acf:0004,NCER,4,1,adjacent_graphics_slots,False
acf:2118,acf:2118/acf:0001,NCLR,1,acf:2118/acf:0002,NCGR,2,1,adjacent_graphics_slots,False
acf:2118,acf:2118/acf:0002,NCGR,2,acf:2118/acf:0003,NCGR,3,1,adjacent_graphics_slots,False
acf:2118,acf:2118/acf:0003,NCGR,3,acf:2118/acf:0004,NCER,4,1,adjacent_graphics_slots,False
acf:2118,acf:2118/acf:0004,NCER,4,acf:2118/acf:0005,NCER,5,1,adjacent_graphics_slots,False
acf:2118,acf:2118/acf:0005,NCER,5,acf:2118/acf:0006,NCER,6,1,adjacent_graphics_slots,False
acf:2119,acf:2119/acf:0001,NCLR,1,acf:2119/acf:0002,NCGR,2,1,adjacent_graphics_slots,False
acf:2119,acf:2119/acf:0002,NCGR,2,acf:2119/acf:0003,NCER,3,1,adjacent_graphics_slots,False
acf:2119,acf:2119/acf:0003,NCER,3,acf:2119/acf:0004,NCER,4,1,adjacent_graphics_slots,False
acf:2120,acf:2120/acf:0001,NCLR,1,acf:2120/acf:0002,NCGR,2,1,adjacent_graphics_slots,False
acf:2120,acf:2120/acf:0002,NCGR,2,acf:2120/acf:0003,NCGR,3,1,adjacent_graphics_slots,False
acf:2120,acf:2120/acf:0003,NCGR,3,acf:2120/acf:0004,NCGR,4,1,adjacent_graphics_slots,False
acf:2120,acf:2120/acf:0004,NCGR,4,acf:2120/acf:0005,NCER,5,1,adjacent_graphics_slots,False
acf:2120,acf:2120/acf:0005,NCER,5,acf:2120/acf:0006,NCER,6,1,adjacent_graphics_slots,False
acf:2120,acf:2120/acf:0006,NCER,6,acf:2120/acf:0007,NCER,7,1,adjacent_graphics_slots,False
acf:2120,acf:2120/acf:0007,NCER,7,acf:2120/acf:0008,NCER,8,1,adjacent_graphics_slots,False
acf:2121,acf:2121/acf:0001,NCLR,1,acf:2121/acf:0002,NCGR,2,1,adjacent_graphics_slots,False
acf:2121,acf:2121/acf:0002,NCGR,2,acf:2121/acf:0003,NCGR,3,1,adjacent_graphics_slots,False
acf:2121,acf:2121/acf:0003,NCGR,3,acf:2121/acf:0004,NCER,4,1,adjacent_graphics_slots,False
acf:2121,acf:2121/acf:0004,NCER,4,acf:2121/acf:0005,NCER,5,1,adjacent_graphics_slots,False
acf:2121,acf:2121/acf:0005,NCER,5,acf:2121/acf:0006,NCER,6,1,adjacent_graphics_slots,False
acf:2122,acf:2122/acf:0001,NCLR,1,acf:2122/acf:0002,NCGR,2,1,adjacent_graphics_slots,False
acf:2122,acf:2122/acf:0002,NCGR,2,acf:2122/acf:0003,NCGR,3,1,adjacent_graphics_slots,False
acf:2122,acf:2122/acf:0003,NCGR,3,acf:2122/acf:0004,NCGR,4,1,adjacent_graphics_slots,False
acf:2122,acf:2122/acf:0004,NCGR,4,acf:2122/acf:0005,NCER,5,1,adjacent_graphics_slots,False
acf:2122,acf:2122/acf:0005,NCER,5,acf:2122/acf:0006,NCER,6,1,adjacent_graphics_slots,False
acf:2122,acf:2122/acf:0006,NCER,6,acf:2122/acf:0007,NCER,7,1,adjacent_graphics_slots,False
acf:2122,acf:2122/acf:0007,NCER,7,acf:2122/acf:0008,NCER,8,1,adjacent_graphics_slots,False
acf:2123,acf:2123/acf:0001,NCLR,1,acf:2123/acf:0002,NCGR,2,1,adjacent_graphics_slots,False
acf:2123,acf:2123/acf:0002,NCGR,2,acf:2123/acf:0003,NCGR,3,1,adjacent_graphics_slots,False
acf:2123,acf:2123/acf:0003,NCGR,3,acf:2123/acf:0004,NCGR,4,1,adjacent_graphics_slots,False
acf:2123,acf:2123/acf:0004,NCGR,4,acf:2123/acf:0005,NCER,5,1,adjacent_graphics_slots,False
acf:2123,acf:2123/acf:0005,NCER,5,acf:2123/acf:0006,NCER,6,1,adjacent_graphics_slots,False
acf:2123,acf:2123/acf:0006,NCER,6,acf:2123/acf:0007,NCER,7,1,adjacent_graphics_slots,False
acf:2123,acf:2123/acf:0007,NCER,7,acf:2123/acf:0008,NCER,8,1,adjacent_graphics_slots,False
acf:2124,acf:2124/acf:0001,NCLR,1,acf:2124/acf:0002,NCGR,2,1,adjacent_graphics_slots,False
acf:2124,acf:2124/acf:0002,NCGR,2,acf:2124/acf:0003,NCGR,3,1,adjacent_graphics_slots,False
acf:2124,acf:2124/acf:0003,NCGR,3,acf:2124/acf:0004,NCGR,4,1,adjacent_graphics_slots,False
acf:2124,acf:2124/acf:0004,NCGR,4,acf:2124/acf:0005,NCGR,5,1,adjacent_graphics_slots,False
acf:2124,acf:2124/acf:0005,NCGR,5,acf:2124/acf:0006,NCER,6,1,adjacent_graphics_slots,False
acf:2124,acf:2124/acf:0006,NCER,6,acf:2124/acf:0007,NCER,7,1,adjacent_graphics_slots,False
acf:2124,acf:2124/acf:0007,NCER,7,acf:2124/acf:0008,NCER,8,1,adjacent_graphics_slots,False
acf:2124,acf:2124/acf:0008,NCER,8,acf:2124/acf:0009,NCER,9,1,adjacent_graphics_slots,False
acf:2124,acf:2124/acf:0009,NCER,9,acf:2124/acf:0010,NCER,10,1,adjacent_graphics_slots,False
acf:2125,acf:2125/acf:0001,NCLR,1,acf:2125/acf:0002,NCGR,2,1,adjacent_graphics_slots,False
acf:2125,acf:2125/acf:0002,NCGR,2,acf:2125/acf:0003,NCGR,3,1,adjacent_graphics_slots,False
acf:2125,acf:2125/acf:0003,NCGR,3,acf:2125/acf:0004,NCER,4,1,adjacent_graphics_slots,False
acf:2125,acf:2125/acf:0004,NCER,4,acf:2125/acf:0005,NCER,5,1,adjacent_graphics_slots,False
acf:2125,acf:2125/acf:0005,NCER,5,acf:2125/acf:0006,NCER,6,1,adjacent_graphics_slots,False
acf:2126,acf:2126/acf:0001,NCLR,1,acf:2126/acf:0002,NCGR,2,1,adjacent_graphics_slots,False
acf:2126,acf:2126/acf:0002,NCGR,2,acf:2126/acf:0003,NCGR,3,1,adjacent_graphics_slots,False
acf:2126,acf:2126/acf:0003,NCGR,3,acf:2126/acf:0004,NCER,4,1,adjacent_graphics_slots,False
acf:2126,acf:2126/acf:0004,NCER,4,acf:2126/acf:0005,NCER,5,1,adjacent_graphics_slots,False
acf:2126,acf:2126/acf:0005,NCER,5,acf:2126/acf:0006,NCER,6,1,adjacent_graphics_slots,False
acf:2127,acf:2127/acf:0001,NCLR,1,acf:2127/acf:0002,NCGR,2,1,adjacent_graphics_slots,False
acf:2127,acf:2127/acf:0002,NCGR,2,acf:2127/acf:0003,NCGR,3,1,adjacent_graphics_slots,False
acf:2127,acf:2127/acf:0003,NCGR,3,acf:2127/acf:0004,NCER,4,1,adjacent_graphics_slots,False
acf:2127,acf:2127/acf:0004,NCER,4,acf:2127/acf:0005,NCER,5,1,adjacent_graphics_slots,False
acf:2127,acf:2127/acf:0005,NCER,5,acf:2127/acf:0006,NCER,6,1,adjacent_graphics_slots,False
acf:2128,acf:2128/acf:0001,NCLR,1,acf:2128/acf:0002,NCGR,2,1,adjacent_graphics_slots,False
acf:2128,acf:2128/acf:0002,NCGR,2,acf:2128/acf:0003,NCGR,3,1,adjacent_graphics_slots,False
acf:2128,acf:2128/acf:0003,NCGR,3,acf:2128/acf:0004,NCER,4,1,adjacent_graphics_slots,False
acf:2128,acf:2128/acf:0004,NCER,4,acf:2128/acf:0005,NCER,5,1,adjacent_graphics_slots,False
acf:2128,acf:2128/acf:0005,NCER,5,acf:2128/acf:0006,NCER,6,1,adjacent_graphics_slots,False
acf:2129,acf:2129/acf:0001,NCLR,1,acf:2129/acf:0002,NCGR,2,1,adjacent_graphics_slots,False
acf:2129,acf:2129/acf:0002,NCGR,2,acf:2129/acf:0003,NCER,3,1,adjacent_graphics_slots,False
acf:2129,acf:2129/acf:0003,NCER,3,acf:2129/acf:0004,NCER,4,1,adjacent_graphics_slots,False
acf:2130,acf:2130/acf:0001,NCLR,1,acf:2130/acf:0002,NCGR,2,1,adjacent_graphics_slots,False
acf:2130,acf:2130/acf:0002,NCGR,2,acf:2130/acf:0003,NCER,3,1,adjacent_graphics_slots,False
acf:2130,acf:2130/acf:0003,NCER,3,acf:2130/acf:0004,NCER,4,1,adjacent_graphics_slots,False
acf:2131,acf:2131/acf:0001,NCLR,1,acf:2131/acf:0002,NCGR,2,1,adjacent_graphics_slots,False
acf:2131,acf:2131/acf:0002,NCGR,2,acf:2131/acf:0003,NCER,3,1,adjacent_graphics_slots,False
acf:2131,acf:2131/acf:0003,NCER,3,acf:2131/acf:0004,NCER,4,1,adjacent_graphics_slots,False
acf:2132,acf:2132/acf:0001,NCLR,1,acf:2132/acf:0002,NCGR,2,1,adjacent_graphics_slots,False
acf:2132,acf:2132/acf:0002,NCGR,2,acf:2132/acf:0003,NCER,3,1,adjacent_graphics_slots,False
acf:2132,acf:2132/acf:0003,NCER,3,acf:2132/acf:0004,NCER,4,1,adjacent_graphics_slots,False
acf:2133,acf:2133/acf:0001,NCLR,1,acf:2133/acf:0002,NCGR,2,1,adjacent_graphics_slots,False
acf:2133,acf:2133/acf:0002,NCGR,2,acf:2133/acf:0003,NCER,3,1,adjacent_graphics_slots,False
acf:2133,acf:2133/acf:0003,NCER,3,acf:2133/acf:0004,NCER,4,1,adjacent_graphics_slots,False
acf:2134,acf:2134/acf:0001,NCLR,1,acf:2134/acf:0002,NCGR,2,1,adjacent_graphics_slots,False
acf:2134,acf:2134/acf:0002,NCGR,2,acf:2134/acf:0003,NCER,3,1,adjacent_graphics_slots,False
acf:2134,acf:2134/acf:0003,NCER,3,acf:2134/acf:0004,NCER,4,1,adjacent_graphics_slots,False
acf:2135,acf:2135/acf:0001,NCLR,1,acf:2135/acf:0002,NCGR,2,1,adjacent_graphics_slots,False
acf:2135,acf:2135/acf:0002,NCGR,2,acf:2135/acf:0003,NCER,3,1,adjacent_graphics_slots,False
acf:2135,acf:2135/acf:0003,NCER,3,acf:2135/acf:0004,NCER,4,1,adjacent_graphics_slots,False
acf:2136,acf:2136/acf:0001,NCLR,1,acf:2136/acf:0002,NCGR,2,1,adjacent_graphics_slots,False
acf:2136,acf:2136/acf:0002,NCGR,2,acf:2136/acf:0003,NCER,3,1,adjacent_graphics_slots,False
acf:2136,acf:2136/acf:0003,NCER,3,acf:2136/acf:0004,NCER,4,1,adjacent_graphics_slots,False
acf:2137,acf:2137/acf:0001,NCLR,1,acf:2137/acf:0002,NCGR,2,1,adjacent_graphics_slots,False
acf:2137,acf:2137/acf:0002,NCGR,2,acf:2137/acf:0003,NCER,3,1,adjacent_graphics_slots,False
acf:2137,acf:2137/acf:0003,NCER,3,acf:2137/acf:0004,NCER,4,1,adjacent_graphics_slots,False
acf:2138,acf:2138/acf:0001,NCLR,1,acf:2138/acf:0002,NCGR,2,1,adjacent_graphics_slots,False
acf:2138,acf:2138/acf:0002,NCGR,2,acf:2138/acf:0003,NCER,3,1,adjacent_graphics_slots,False
acf:2138,acf:2138/acf:0003,NCER,3,acf:2138/acf:0004,NCER,4,1,adjacent_graphics_slots,False
acf:2139,acf:2139/acf:0001,NCLR,1,acf:2139/acf:0002,NCGR,2,1,adjacent_graphics_slots,False
acf:2139,acf:2139/acf:0002,NCGR,2,acf:2139/acf:0003,NCER,3,1,adjacent_graphics_slots,False
acf:2139,acf:2139/acf:0003,NCER,3,acf:2139/acf:0004,NCER,4,1,adjacent_graphics_slots,False
acf:2140,acf:2140/acf:0001,NCLR,1,acf:2140/acf:0002,NCGR,2,1,adjacent_graphics_slots,False
acf:2140,acf:2140/acf:0002,NCGR,2,acf:2140/acf:0003,NCER,3,1,adjacent_graphics_slots,False
acf:2141,acf:2141/acf:0001,NCLR,1,acf:2141/acf:0002,NCGR,2,1,adjacent_graphics_slots,False
acf:2141,acf:2141/acf:0002,NCGR,2,acf:2141/acf:0003,NCER,3,1,adjacent_graphics_slots,False
acf:2142,acf:2142/acf:0001,NCLR,1,acf:2142/acf:0002,NCGR,2,1,adjacent_graphics_slots,False
acf:2142,acf:2142/acf:0002,NCGR,2,acf:2142/acf:0003,NCER,3,1,adjacent_graphics_slots,False
acf:2143,acf:2143/acf:0001,NCLR,1,acf:2143/acf:0002,NCGR,2,1,adjacent_graphics_slots,False
acf:2143,acf:2143/acf:0002,NCGR,2,acf:2143/acf:0003,NCER,3,1,adjacent_graphics_slots,False
acf:2143,acf:2143/acf:0003,NCER,3,acf:2143/acf:0004,NCER,4,1,adjacent_graphics_slots,False
acf:2144,acf:2144/acf:0001,NCLR,1,acf:2144/acf:0002,NCGR,2,1,adjacent_graphics_slots,False
acf:2144,acf:2144/acf:0002,NCGR,2,acf:2144/acf:0003,NCGR,3,1,adjacent_graphics_slots,False
acf:2144,acf:2144/acf:0003,NCGR,3,acf:2144/acf:0004,NCGR,4,1,adjacent_graphics_slots,False
acf:2144,acf:2144/acf:0004,NCGR,4,acf:2144/acf:0005,NCER,5,1,adjacent_graphics_slots,False
acf:2144,acf:2144/acf:0005,NCER,5,acf:2144/acf:0006,NCER,6,1,adjacent_graphics_slots,False
acf:2144,acf:2144/acf:0006,NCER,6,acf:2144/acf:0007,NCER,7,1,adjacent_graphics_slots,False
acf:2144,acf:2144/acf:0007,NCER,7,acf:2144/acf:0008,NCER,8,1,adjacent_graphics_slots,False
acf:2145,acf:2145/acf:0001,NCLR,1,acf:2145/acf:0002,NCGR,2,1,adjacent_graphics_slots,False
acf:2145,acf:2145/acf:0002,NCGR,2,acf:2145/acf:0003,NCGR,3,1,adjacent_graphics_slots,False
acf:2145,acf:2145/acf:0003,NCGR,3,acf:2145/acf:0004,NCER,4,1,adjacent_graphics_slots,False
acf:2145,acf:2145/acf:0004,NCER,4,acf:2145/acf:0005,NCER,5,1,adjacent_graphics_slots,False
acf:2145,acf:2145/acf:0005,NCER,5,acf:2145/acf:0006,NCER,6,1,adjacent_graphics_slots,False
acf:2146,acf:2146/acf:0001,NCLR,1,acf:2146/acf:0002,NCGR,2,1,adjacent_graphics_slots,False
acf:2146,acf:2146/acf:0002,NCGR,2,acf:2146/acf:0003,NCGR,3,1,adjacent_graphics_slots,False
acf:2146,acf:2146/acf:0003,NCGR,3,acf:2146/acf:0004,NCER,4,1,adjacent_graphics_slots,False
acf:2146,acf:2146/acf:0004,NCER,4,acf:2146/acf:0005,NCER,5,1,adjacent_graphics_slots,False
acf:2146,acf:2146/acf:0005,NCER,5,acf:2146/acf:0006,NCER,6,1,adjacent_graphics_slots,False
acf:2147,acf:2147/acf:0001,NCLR,1,acf:2147/acf:0002,NCGR,2,1,adjacent_graphics_slots,False
acf:2147,acf:2147/acf:0002,NCGR,2,acf:2147/acf:0003,NCGR,3,1,adjacent_graphics_slots,False
acf:2147,acf:2147/acf:0003,NCGR,3,acf:2147/acf:0004,NCER,4,1,adjacent_graphics_slots,False
acf:2147,acf:2147/acf:0004,NCER,4,acf:2147/acf:0005,NCER,5,1,adjacent_graphics_slots,False
acf:2147,acf:2147/acf:0005,NCER,5,acf:2147/acf:0006,NCER,6,1,adjacent_graphics_slots,False
acf:2148,acf:2148/acf:0001,NCLR,1,acf:2148/acf:0002,NCGR,2,1,adjacent_graphics_slots,False
acf:2148,acf:2148/acf:0002,NCGR,2,acf:2148/acf:0003,NCGR,3,1,adjacent_graphics_slots,False
acf:2148,acf:2148/acf:0003,NCGR,3,acf:2148/acf:0004,NCER,4,1,adjacent_graphics_slots,False
acf:2148,acf:2148/acf:0004,NCER,4,acf:2148/acf:0005,NCER,5,1,adjacent_graphics_slots,False
acf:2148,acf:2148/acf:0005,NCER,5,acf:2148/acf:0006,NCER,6,1,adjacent_graphics_slots,False
acf:2149,acf:2149/acf:0001,NCLR,1,acf:2149/acf:0002,NCGR,2,1,adjacent_graphics_slots,False
acf:2149,acf:2149/acf:0002,NCGR,2,acf:2149/acf:0003,NCER,3,1,adjacent_graphics_slots,False
acf:2149,acf:2149/acf:0003,NCER,3,acf:2149/acf:0004,NCER,4,1,adjacent_graphics_slots,False
acf:2150,acf:2150/acf:0001,NCLR,1,acf:2150/acf:0002,NCGR,2,1,adjacent_graphics_slots,False
acf:2150,acf:2150/acf:0002,NCGR,2,acf:2150/acf:0003,NCER,3,1,adjacent_graphics_slots,False
acf:2150,acf:2150/acf:0003,NCER,3,acf:2150/acf:0004,NCER,4,1,adjacent_graphics_slots,False
acf:2151,acf:2151/acf:0001,NCLR,1,acf:2151/acf:0002,NCGR,2,1,adjacent_graphics_slots,False
acf:2151,acf:2151/acf:0002,NCGR,2,acf:2151/acf:0003,NCGR,3,1,adjacent_graphics_slots,False
acf:2151,acf:2151/acf:0003,NCGR,3,acf:2151/acf:0004,NCER,4,1,adjacent_graphics_slots,False
acf:2151,acf:2151/acf:0004,NCER,4,acf:2151/acf:0005,NCER,5,1,adjacent_graphics_slots,False
acf:2152,acf:2152/acf:0001,NCLR,1,acf:2152/acf:0002,NCGR,2,1,adjacent_graphics_slots,False
acf:2152,acf:2152/acf:0002,NCGR,2,acf:2152/acf:0003,NCER,3,1,adjacent_graphics_slots,False
acf:2152,acf:2152/acf:0003,NCER,3,acf:2152/acf:0004,NCER,4,1,adjacent_graphics_slots,False
acf:2153,acf:2153/acf:0001,NCLR,1,acf:2153/acf:0002,NCGR,2,1,adjacent_graphics_slots,False
acf:2153,acf:2153/acf:0002,NCGR,2,acf:2153/acf:0003,NCER,3,1,adjacent_graphics_slots,False
acf:2154,acf:2154/acf:0001,NCLR,1,acf:2154/acf:0002,NCGR,2,1,adjacent_graphics_slots,False
acf:2154,acf:2154/acf:0002,NCGR,2,acf:2154/acf:0003,NCER,3,1,adjacent_graphics_slots,False
acf:2154,acf:2154/acf:0003,NCER,3,acf:2154/acf:0004,NCER,4,1,adjacent_graphics_slots,False
acf:2155,acf:2155/acf:0001,NCLR,1,acf:2155/acf:0002,NCGR,2,1,adjacent_graphics_slots,False
acf:2155,acf:2155/acf:0002,NCGR,2,acf:2155/acf:0003,NCER,3,1,adjacent_graphics_slots,False
acf:2156,acf:2156/acf:0001,NCLR,1,acf:2156/acf:0002,NCGR,2,1,adjacent_graphics_slots,False
acf:2156,acf:2156/acf:0002,NCGR,2,acf:2156/acf:0003,NCER,3,1,adjacent_graphics_slots,False
acf:2157,acf:2157/acf:0001,NCLR,1,acf:2157/acf:0002,NCGR,2,1,adjacent_graphics_slots,False
acf:2157,acf:2157/acf:0002,NCGR,2,acf:2157/acf:0003,NCER,3,1,adjacent_graphics_slots,False
acf:2158,acf:2158/acf:0001,NCLR,1,acf:2158/acf:0002,NCGR,2,1,adjacent_graphics_slots,False
acf:2158,acf:2158/acf:0002,NCGR,2,acf:2158/acf:0003,NCER,3,1,adjacent_graphics_slots,False
acf:2159,acf:2159/acf:0001,NCLR,1,acf:2159/acf:0002,NCGR,2,1,adjacent_graphics_slots,False
acf:2159,acf:2159/acf:0002,NCGR,2,acf:2159/acf:0003,NCER,3,1,adjacent_graphics_slots,False
acf:2159,acf:2159/acf:0003,NCER,3,acf:2159/acf:0004,NCER,4,1,adjacent_graphics_slots,False
acf:2160,acf:2160/acf:0001,NCLR,1,acf:2160/acf:0002,NCGR,2,1,adjacent_graphics_slots,False
acf:2160,acf:2160/acf:0002,NCGR,2,acf:2160/acf:0003,NCER,3,1,adjacent_graphics_slots,False
acf:2160,acf:2160/acf:0003,NCER,3,acf:2160/acf:0004,NCER,4,1,adjacent_graphics_slots,False
acf:2161,acf:2161/acf:0001,NCLR,1,acf:2161/acf:0002,NCGR,2,1,adjacent_graphics_slots,False
acf:2161,acf:2161/acf:0002,NCGR,2,acf:2161/acf:0003,NCGR,3,1,adjacent_graphics_slots,False
acf:2161,acf:2161/acf:0003,NCGR,3,acf:2161/acf:0004,NCER,4,1,adjacent_graphics_slots,False
acf:2161,acf:2161/acf:0004,NCER,4,acf:2161/acf:0005,NCER,5,1,adjacent_graphics_slots,False
acf:2162,acf:2162/acf:0001,NCLR,1,acf:2162/acf:0002,NCGR,2,1,adjacent_graphics_slots,False
acf:2162,acf:2162/acf:0002,NCGR,2,acf:2162/acf:0003,NCGR,3,1,adjacent_graphics_slots,False
acf:2162,acf:2162/acf:0003,NCGR,3,acf:2162/acf:0004,NCGR,4,1,adjacent_graphics_slots,False
acf:2162,acf:2162/acf:0004,NCGR,4,acf:2162/acf:0005,NCER,5,1,adjacent_graphics_slots,False
acf:2162,acf:2162/acf:0005,NCER,5,acf:2162/acf:0006,NCER,6,1,adjacent_graphics_slots,False
acf:2162,acf:2162/acf:0006,NCER,6,acf:2162/acf:0007,NCER,7,1,adjacent_graphics_slots,False
acf:2162,acf:2162/acf:0007,NCER,7,acf:2162/acf:0008,NCER,8,1,adjacent_graphics_slots,False
acf:2163,acf:2163/acf:0001,NCLR,1,acf:2163/acf:0002,NCGR,2,1,adjacent_graphics_slots,False
acf:2163,acf:2163/acf:0002,NCGR,2,acf:2163/acf:0003,NCGR,3,1,adjacent_graphics_slots,False
acf:2163,acf:2163/acf:0003,NCGR,3,acf:2163/acf:0004,NCER,4,1,adjacent_graphics_slots,False
acf:2163,acf:2163/acf:0004,NCER,4,acf:2163/acf:0005,NCER,5,1,adjacent_graphics_slots,False
acf:2163,acf:2163/acf:0005,NCER,5,acf:2163/acf:0006,NCER,6,1,adjacent_graphics_slots,False
acf:2164,acf:2164/acf:0001,NCLR,1,acf:2164/acf:0002,NCGR,2,1,adjacent_graphics_slots,False
acf:2164,acf:2164/acf:0002,NCGR,2,acf:2164/acf:0003,NCGR,3,1,adjacent_graphics_slots,False
acf:2164,acf:2164/acf:0003,NCGR,3,acf:2164/acf:0004,NCER,4,1,adjacent_graphics_slots,False
acf:2164,acf:2164/acf:0004,NCER,4,acf:2164/acf:0005,NCER,5,1,adjacent_graphics_slots,False
acf:2165,acf:2165/acf:0001,NCLR,1,acf:2165/acf:0002,NCGR,2,1,adjacent_graphics_slots,False
acf:2165,acf:2165/acf:0002,NCGR,2,acf:2165/acf:0003,NCGR,3,1,adjacent_graphics_slots,False
acf:2165,acf:2165/acf:0003,NCGR,3,acf:2165/acf:0004,NCER,4,1,adjacent_graphics_slots,False
acf:2165,acf:2165/acf:0004,NCER,4,acf:2165/acf:0005,NCER,5,1,adjacent_graphics_slots,False
acf:2165,acf:2165/acf:0005,NCER,5,acf:2165/acf:0006,NCER,6,1,adjacent_graphics_slots,False
acf:2166,acf:2166/acf:0001,NCLR,1,acf:2166/acf:0002,NCGR,2,1,adjacent_graphics_slots,False
acf:2166,acf:2166/acf:0002,NCGR,2,acf:2166/acf:0003,NCGR,3,1,adjacent_graphics_slots,False
acf:2166,acf:2166/acf:0003,NCGR,3,acf:2166/acf:0004,NCER,4,1,adjacent_graphics_slots,False
acf:2166,acf:2166/acf:0004,NCER,4,acf:2166/acf:0005,NCER,5,1,adjacent_graphics_slots,False
acf:2166,acf:2166/acf:0005,NCER,5,acf:2166/acf:0006,NCER,6,1,adjacent_graphics_slots,False
acf:2167,acf:2167/acf:0001,NCLR,1,acf:2167/acf:0002,NCGR,2,1,adjacent_graphics_slots,False
acf:2167,acf:2167/acf:0002,NCGR,2,acf:2167/acf:0003,NCGR,3,1,adjacent_graphics_slots,False
acf:2167,acf:2167/acf:0003,NCGR,3,acf:2167/acf:0004,NCER,4,1,adjacent_graphics_slots,False
acf:2167,acf:2167/acf:0004,NCER,4,acf:2167/acf:0005,NCER,5,1,adjacent_graphics_slots,False
acf:2167,acf:2167/acf:0005,NCER,5,acf:2167/acf:0006,NCER,6,1,adjacent_graphics_slots,False
acf:2168,acf:2168/acf:0001,NCLR,1,acf:2168/acf:0002,NCGR,2,1,adjacent_graphics_slots,False
acf:2168,acf:2168/acf:0002,NCGR,2,acf:2168/acf:0003,NCGR,3,1,adjacent_graphics_slots,False
acf:2168,acf:2168/acf:0003,NCGR,3,acf:2168/acf:0004,NCER,4,1,adjacent_graphics_slots,False
acf:2168,acf:2168/acf:0004,NCER,4,acf:2168/acf:0005,NCER,5,1,adjacent_graphics_slots,False
acf:2168,acf:2168/acf:0005,NCER,5,acf:2168/acf:0006,NCER,6,1,adjacent_graphics_slots,False
acf:2169,acf:2169/acf:0001,NCLR,1,acf:2169/acf:0002,NCGR,2,1,adjacent_graphics_slots,False
acf:2169,acf:2169/acf:0002,NCGR,2,acf:2169/acf:0003,NCGR,3,1,adjacent_graphics_slots,False
acf:2169,acf:2169/acf:0003,NCGR,3,acf:2169/acf:0004,NCER,4,1,adjacent_graphics_slots,False
acf:2169,acf:2169/acf:0004,NCER,4,acf:2169/acf:0005,NCER,5,1,adjacent_graphics_slots,False
acf:2170,acf:2170/acf:0001,NCLR,1,acf:2170/acf:0002,NCGR,2,1,adjacent_graphics_slots,False
acf:2170,acf:2170/acf:0002,NCGR,2,acf:2170/acf:0003,NCER,3,1,adjacent_graphics_slots,False
acf:2170,acf:2170/acf:0003,NCER,3,acf:2170/acf:0004,NCER,4,1,adjacent_graphics_slots,False
acf:2171,acf:2171/acf:0001,NCLR,1,acf:2171/acf:0002,NCGR,2,1,adjacent_graphics_slots,False
acf:2171,acf:2171/acf:0002,NCGR,2,acf:2171/acf:0003,NCER,3,1,adjacent_graphics_slots,False
acf:2171,acf:2171/acf:0003,NCER,3,acf:2171/acf:0004,NCER,4,1,adjacent_graphics_slots,False
acf:2172,acf:2172/acf:0001,NCLR,1,acf:2172/acf:0002,NCGR,2,1,adjacent_graphics_slots,False
acf:2172,acf:2172/acf:0002,NCGR,2,acf:2172/acf:0003,NCER,3,1,adjacent_graphics_slots,False
acf:2173,acf:2173/acf:0001,NCLR,1,acf:2173/acf:0002,NCGR,2,1,adjacent_graphics_slots,False
acf:2173,acf:2173/acf:0002,NCGR,2,acf:2173/acf:0003,NCER,3,1,adjacent_graphics_slots,False
acf:2173,acf:2173/acf:0003,NCER,3,acf:2173/acf:0004,NCER,4,1,adjacent_graphics_slots,False
acf:2174,acf:2174/acf:0001,NCLR,1,acf:2174/acf:0002,NCGR,2,1,adjacent_graphics_slots,False
acf:2174,acf:2174/acf:0002,NCGR,2,acf:2174/acf:0003,NCER,3,1,adjacent_graphics_slots,False
acf:2174,acf:2174/acf:0003,NCER,3,acf:2174/acf:0004,NCER,4,1,adjacent_graphics_slots,False
acf:2175,acf:2175/acf:0001,NCLR,1,acf:2175/acf:0002,NCGR,2,1,adjacent_graphics_slots,False
acf:2175,acf:2175/acf:0002,NCGR,2,acf:2175/acf:0003,NCGR,3,1,adjacent_graphics_slots,False
acf:2175,acf:2175/acf:0003,NCGR,3,acf:2175/acf:0004,NCER,4,1,adjacent_graphics_slots,False
acf:2175,acf:2175/acf:0004,NCER,4,acf:2175/acf:0005,NCER,5,1,adjacent_graphics_slots,False
acf:2175,acf:2175/acf:0005,NCER,5,acf:2175/acf:0006,NCER,6,1,adjacent_graphics_slots,False
acf:2176,acf:2176/acf:0001,NCLR,1,acf:2176/acf:0002,NCGR,2,1,adjacent_graphics_slots,False
acf:2176,acf:2176/acf:0002,NCGR,2,acf:2176/acf:0003,NCGR,3,1,adjacent_graphics_slots,False
acf:2176,acf:2176/acf:0003,NCGR,3,acf:2176/acf:0004,NCGR,4,1,adjacent_graphics_slots,False
acf:2176,acf:2176/acf:0004,NCGR,4,acf:2176/acf:0005,NCER,5,1,adjacent_graphics_slots,False
acf:2176,acf:2176/acf:0005,NCER,5,acf:2176/acf:0006,NCER,6,1,adjacent_graphics_slots,False
acf:2176,acf:2176/acf:0006,NCER,6,acf:2176/acf:0007,NCER,7,1,adjacent_graphics_slots,False
acf:2176,acf:2176/acf:0007,NCER,7,acf:2176/acf:0008,NCER,8,1,adjacent_graphics_slots,False
acf:2177,acf:2177/acf:0001,NCLR,1,acf:2177/acf:0002,NCGR,2,1,adjacent_graphics_slots,False
acf:2177,acf:2177/acf:0002,NCGR,2,acf:2177/acf:0003,NCGR,3,1,adjacent_graphics_slots,False
acf:2177,acf:2177/acf:0003,NCGR,3,acf:2177/acf:0004,NCGR,4,1,adjacent_graphics_slots,False
acf:2177,acf:2177/acf:0004,NCGR,4,acf:2177/acf:0005,NCER,5,1,adjacent_graphics_slots,False
acf:2177,acf:2177/acf:0005,NCER,5,acf:2177/acf:0006,NCER,6,1,adjacent_graphics_slots,False
acf:2177,acf:2177/acf:0006,NCER,6,acf:2177/acf:0007,NCER,7,1,adjacent_graphics_slots,False
acf:2177,acf:2177/acf:0007,NCER,7,acf:2177/acf:0008,NCER,8,1,adjacent_graphics_slots,False
acf:2178,acf:2178/acf:0001,NCLR,1,acf:2178/acf:0002,NCGR,2,1,adjacent_graphics_slots,False
acf:2178,acf:2178/acf:0002,NCGR,2,acf:2178/acf:0003,NCGR,3,1,adjacent_graphics_slots,False
acf:2178,acf:2178/acf:0003,NCGR,3,acf:2178/acf:0004,NCGR,4,1,adjacent_graphics_slots,False
acf:2178,acf:2178/acf:0004,NCGR,4,acf:2178/acf:0005,NCER,5,1,adjacent_graphics_slots,False
acf:2178,acf:2178/acf:0005,NCER,5,acf:2178/acf:0006,NCER,6,1,adjacent_graphics_slots,False
acf:2178,acf:2178/acf:0006,NCER,6,acf:2178/acf:0007,NCER,7,1,adjacent_graphics_slots,False
acf:2178,acf:2178/acf:0007,NCER,7,acf:2178/acf:0008,NCER,8,1,adjacent_graphics_slots,False
acf:2179,acf:2179/acf:0001,NCLR,1,acf:2179/acf:0002,NCGR,2,1,adjacent_graphics_slots,False
acf:2179,acf:2179/acf:0002,NCGR,2,acf:2179/acf:0003,NCGR,3,1,adjacent_graphics_slots,False
acf:2179,acf:2179/acf:0003,NCGR,3,acf:2179/acf:0004,NCGR,4,1,adjacent_graphics_slots,False
acf:2179,acf:2179/acf:0004,NCGR,4,acf:2179/acf:0005,NCER,5,1,adjacent_graphics_slots,False
acf:2179,acf:2179/acf:0005,NCER,5,acf:2179/acf:0006,NCER,6,1,adjacent_graphics_slots,False
acf:2179,acf:2179/acf:0006,NCER,6,acf:2179/acf:0007,NCER,7,1,adjacent_graphics_slots,False
acf:2179,acf:2179/acf:0007,NCER,7,acf:2179/acf:0008,NCER,8,1,adjacent_graphics_slots,False
acf:2180,acf:2180/acf:0001,NCLR,1,acf:2180/acf:0002,NCGR,2,1,adjacent_graphics_slots,False
acf:2180,acf:2180/acf:0002,NCGR,2,acf:2180/acf:0003,NCGR,3,1,adjacent_graphics_slots,False
acf:2180,acf:2180/acf:0003,NCGR,3,acf:2180/acf:0004,NCER,4,1,adjacent_graphics_slots,False
acf:2180,acf:2180/acf:0004,NCER,4,acf:2180/acf:0005,NCER,5,1,adjacent_graphics_slots,False
acf:2180,acf:2180/acf:0005,NCER,5,acf:2180/acf:0006,NCER,6,1,adjacent_graphics_slots,False
acf:2181,acf:2181/acf:0001,NCLR,1,acf:2181/acf:0002,NCGR,2,1,adjacent_graphics_slots,False
acf:2181,acf:2181/acf:0002,NCGR,2,acf:2181/acf:0003,NCGR,3,1,adjacent_graphics_slots,False
acf:2181,acf:2181/acf:0003,NCGR,3,acf:2181/acf:0004,NCER,4,1,adjacent_graphics_slots,False
acf:2181,acf:2181/acf:0004,NCER,4,acf:2181/acf:0005,NCER,5,1,adjacent_graphics_slots,False
acf:2181,acf:2181/acf:0005,NCER,5,acf:2181/acf:0006,NCER,6,1,adjacent_graphics_slots,False
acf:2182,acf:2182/acf:0001,NCLR,1,acf:2182/acf:0002,NCGR,2,1,adjacent_graphics_slots,False
acf:2182,acf:2182/acf:0002,NCGR,2,acf:2182/acf:0003,NCGR,3,1,adjacent_graphics_slots,False
acf:2182,acf:2182/acf:0003,NCGR,3,acf:2182/acf:0004,NCER,4,1,adjacent_graphics_slots,False
acf:2182,acf:2182/acf:0004,NCER,4,acf:2182/acf:0005,NCER,5,1,adjacent_graphics_slots,False
acf:2183,acf:2183/acf:0001,NCLR,1,acf:2183/acf:0002,NCGR,2,1,adjacent_graphics_slots,False
acf:2183,acf:2183/acf:0002,NCGR,2,acf:2183/acf:0003,NCGR,3,1,adjacent_graphics_slots,False
acf:2183,acf:2183/acf:0003,NCGR,3,acf:2183/acf:0004,NCER,4,1,adjacent_graphics_slots,False
acf:2183,acf:2183/acf:0004,NCER,4,acf:2183/acf:0005,NCER,5,1,adjacent_graphics_slots,False
acf:2183,acf:2183/acf:0005,NCER,5,acf:2183/acf:0006,NCER,6,1,adjacent_graphics_slots,False
acf:2184,acf:2184/acf:0001,NCLR,1,acf:2184/acf:0002,NCGR,2,1,adjacent_graphics_slots,False
acf:2184,acf:2184/acf:0002,NCGR,2,acf:2184/acf:0003,NCER,3,1,adjacent_graphics_slots,False
acf:2185,acf:2185/acf:0001,NCLR,1,acf:2185/acf:0002,NCGR,2,1,adjacent_graphics_slots,False
acf:2185,acf:2185/acf:0002,NCGR,2,acf:2185/acf:0003,NCER,3,1,adjacent_graphics_slots,False
acf:2186,acf:2186/acf:0001,NCLR,1,acf:2186/acf:0002,NCGR,2,1,adjacent_graphics_slots,False
acf:2186,acf:2186/acf:0002,NCGR,2,acf:2186/acf:0003,NCER,3,1,adjacent_graphics_slots,False
acf:2187,acf:2187/acf:0001,NCLR,1,acf:2187/acf:0002,NCGR,2,1,adjacent_graphics_slots,False
acf:2187,acf:2187/acf:0002,NCGR,2,acf:2187/acf:0003,NCER,3,1,adjacent_graphics_slots,False
acf:2188,acf:2188/acf:0001,NCLR,1,acf:2188/acf:0002,NCGR,2,1,adjacent_graphics_slots,False
acf:2188,acf:2188/acf:0002,NCGR,2,acf:2188/acf:0003,NCER,3,1,adjacent_graphics_slots,False
acf:2188,acf:2188/acf:0003,NCER,3,acf:2188/acf:0004,NCER,4,1,adjacent_graphics_slots,False
acf:2189,acf:2189/acf:0001,NCLR,1,acf:2189/acf:0002,NCGR,2,1,adjacent_graphics_slots,False
acf:2189,acf:2189/acf:0002,NCGR,2,acf:2189/acf:0003,NCER,3,1,adjacent_graphics_slots,False
acf:2189,acf:2189/acf:0003,NCER,3,acf:2189/acf:0004,NCER,4,1,adjacent_graphics_slots,False
acf:2190,acf:2190/acf:0001,NCLR,1,acf:2190/acf:0002,NCGR,2,1,adjacent_graphics_slots,False
acf:2190,acf:2190/acf:0002,NCGR,2,acf:2190/acf:0003,NCER,3,1,adjacent_graphics_slots,False
acf:2190,acf:2190/acf:0003,NCER,3,acf:2190/acf:0004,NCER,4,1,adjacent_graphics_slots,False
acf:2191,acf:2191/acf:0001,NCLR,1,acf:2191/acf:0002,NCGR,2,1,adjacent_graphics_slots,False
acf:2191,acf:2191/acf:0002,NCGR,2,acf:2191/acf:0003,NCER,3,1,adjacent_graphics_slots,False
acf:2191,acf:2191/acf:0003,NCER,3,acf:2191/acf:0004,NCER,4,1,adjacent_graphics_slots,False
acf:2192,acf:2192/acf:0001,NCLR,1,acf:2192/acf:0002,NCGR,2,1,adjacent_graphics_slots,False
acf:2192,acf:2192/acf:0002,NCGR,2,acf:2192/acf:0003,NCER,3,1,adjacent_graphics_slots,False
acf:2192,acf:2192/acf:0003,NCER,3,acf:2192/acf:0004,NCER,4,1,adjacent_graphics_slots,False
acf:2193,acf:2193/acf:0001,NCLR,1,acf:2193/acf:0002,NCGR,2,1,adjacent_graphics_slots,False
acf:2193,acf:2193/acf:0002,NCGR,2,acf:2193/acf:0003,NCER,3,1,adjacent_graphics_slots,False
acf:2193,acf:2193/acf:0003,NCER,3,acf:2193/acf:0004,NCER,4,1,adjacent_graphics_slots,False
acf:2194,acf:2194/acf:0001,NCLR,1,acf:2194/acf:0002,NCGR,2,1,adjacent_graphics_slots,False
acf:2194,acf:2194/acf:0002,NCGR,2,acf:2194/acf:0003,NCER,3,1,adjacent_graphics_slots,False
acf:2195,acf:2195/acf:0001,NCLR,1,acf:2195/acf:0002,NCGR,2,1,adjacent_graphics_slots,False
acf:2195,acf:2195/acf:0002,NCGR,2,acf:2195/acf:0003,NCER,3,1,adjacent_graphics_slots,False
acf:2196,acf:2196/acf:0001,NCLR,1,acf:2196/acf:0002,NCGR,2,1,adjacent_graphics_slots,False
acf:2196,acf:2196/acf:0002,NCGR,2,acf:2196/acf:0003,NCER,3,1,adjacent_graphics_slots,False
acf:2197,acf:2197/acf:0001,NCLR,1,acf:2197/acf:0002,NCGR,2,1,adjacent_graphics_slots,False
acf:2197,acf:2197/acf:0002,NCGR,2,acf:2197/acf:0003,NCER,3,1,adjacent_graphics_slots,False
acf:2198,acf:2198/acf:0001,NCLR,1,acf:2198/acf:0002,NCGR,2,1,adjacent_graphics_slots,False
acf:2198,acf:2198/acf:0002,NCGR,2,acf:2198/acf:0003,NCER,3,1,adjacent_graphics_slots,False
acf:2199,acf:2199/acf:0001,NCLR,1,acf:2199/acf:0002,NCGR,2,1,adjacent_graphics_slots,False
acf:2199,acf:2199/acf:0002,NCGR,2,acf:2199/acf:0003,NCER,3,1,adjacent_graphics_slots,False
acf:2200,acf:2200/acf:0001,NCLR,1,acf:2200/acf:0002,NCGR,2,1,adjacent_graphics_slots,False
acf:2200,acf:2200/acf:0002,NCGR,2,acf:2200/acf:0003,NCER,3,1,adjacent_graphics_slots,False
acf:2200,acf:2200/acf:0003,NCER,3,acf:2200/acf:0004,NCER,4,1,adjacent_graphics_slots,False
acf:2201,acf:2201/acf:0001,NCLR,1,acf:2201/acf:0002,NCGR,2,1,adjacent_graphics_slots,False
acf:2201,acf:2201/acf:0002,NCGR,2,acf:2201/acf:0003,NCER,3,1,adjacent_graphics_slots,False
acf:2202,acf:2202/acf:0001,NCLR,1,acf:2202/acf:0002,NCGR,2,1,adjacent_graphics_slots,False
acf:2202,acf:2202/acf:0002,NCGR,2,acf:2202/acf:0003,NCER,3,1,adjacent_graphics_slots,False
acf:2202,acf:2202/acf:0003,NCER,3,acf:2202/acf:0004,NCER,4,1,adjacent_graphics_slots,False
acf:2202,acf:2202/acf:0004,NCER,4,acf:2202/acf:0005,NCER,5,1,adjacent_graphics_slots,False
acf:2202,acf:2202/acf:0005,NCER,5,acf:2202/acf:0006,NCER,6,1,adjacent_graphics_slots,False
acf:2202,acf:2202/acf:0006,NCER,6,acf:2202/acf:0007,NCER,7,1,adjacent_graphics_slots,False
acf:2203,acf:2203/acf:0001,NCLR,1,acf:2203/acf:0002,NCGR,2,1,adjacent_graphics_slots,False
acf:2203,acf:2203/acf:0002,NCGR,2,acf:2203/acf:0003,NCER,3,1,adjacent_graphics_slots,False
acf:2203,acf:2203/acf:0003,NCER,3,acf:2203/acf:0004,NCER,4,1,adjacent_graphics_slots,False
acf:2203,acf:2203/acf:0004,NCER,4,acf:2203/acf:0005,NCER,5,1,adjacent_graphics_slots,False
acf:2204,acf:2204/acf:0001,NCLR,1,acf:2204/acf:0002,NCGR,2,1,adjacent_graphics_slots,False
acf:2204,acf:2204/acf:0002,NCGR,2,acf:2204/acf:0003,NCER,3,1,adjacent_graphics_slots,False
acf:2205,acf:2205/acf:0001,NCLR,1,acf:2205/acf:0002,NCGR,2,1,adjacent_graphics_slots,False
acf:2205,acf:2205/acf:0002,NCGR,2,acf:2205/acf:0003,NCER,3,1,adjacent_graphics_slots,False
acf:2205,acf:2205/acf:0003,NCER,3,acf:2205/acf:0004,NCER,4,1,adjacent_graphics_slots,False
acf:2206,acf:2206/acf:0001,NCLR,1,acf:2206/acf:0002,NCGR,2,1,adjacent_graphics_slots,False
acf:2206,acf:2206/acf:0002,NCGR,2,acf:2206/acf:0003,NCER,3,1,adjacent_graphics_slots,False
acf:2206,acf:2206/acf:0003,NCER,3,acf:2206/acf:0004,NCER,4,1,adjacent_graphics_slots,False
acf:2207,acf:2207/acf:0001,NCLR,1,acf:2207/acf:0002,NCGR,2,1,adjacent_graphics_slots,False
acf:2207,acf:2207/acf:0002,NCGR,2,acf:2207/acf:0003,NCER,3,1,adjacent_graphics_slots,False
acf:2207,acf:2207/acf:0003,NCER,3,acf:2207/acf:0004,NCER,4,1,adjacent_graphics_slots,False
acf:2208,acf:2208/acf:0001,NCLR,1,acf:2208/acf:0002,NCGR,2,1,adjacent_graphics_slots,False
acf:2208,acf:2208/acf:0002,NCGR,2,acf:2208/acf:0003,NCER,3,1,adjacent_graphics_slots,False
acf:2208,acf:2208/acf:0003,NCER,3,acf:2208/acf:0004,NCER,4,1,adjacent_graphics_slots,False
acf:2209,acf:2209/acf:0001,NCLR,1,acf:2209/acf:0002,NCGR,2,1,adjacent_graphics_slots,False
acf:2209,acf:2209/acf:0002,NCGR,2,acf:2209/acf:0003,NCER,3,1,adjacent_graphics_slots,False
acf:2209,acf:2209/acf:0003,NCER,3,acf:2209/acf:0004,NCER,4,1,adjacent_graphics_slots,False
acf:2209,acf:2209/acf:0004,NCER,4,acf:2209/acf:0005,NCER,5,1,adjacent_graphics_slots,False
acf:2209,acf:2209/acf:0005,NCER,5,acf:2209/acf:0006,NCER,6,1,adjacent_graphics_slots,False
acf:2210,acf:2210/acf:0001,NCLR,1,acf:2210/acf:0002,NCGR,2,1,adjacent_graphics_slots,False
acf:2210,acf:2210/acf:0002,NCGR,2,acf:2210/acf:0003,NCER,3,1,adjacent_graphics_slots,False
acf:2211,acf:2211/acf:0001,NCLR,1,acf:2211/acf:0002,NCGR,2,1,adjacent_graphics_slots,False
acf:2211,acf:2211/acf:0002,NCGR,2,acf:2211/acf:0003,NCER,3,1,adjacent_graphics_slots,False
acf:2212,acf:2212/acf:0001,NCLR,1,acf:2212/acf:0002,NCGR,2,1,adjacent_graphics_slots,False
acf:2212,acf:2212/acf:0002,NCGR,2,acf:2212/acf:0003,NCER,3,1,adjacent_graphics_slots,False
acf:2212,acf:2212/acf:0003,NCER,3,acf:2212/acf:0004,NCER,4,1,adjacent_graphics_slots,False
acf:2212,acf:2212/acf:0004,NCER,4,acf:2212/acf:0005,NCER,5,1,adjacent_graphics_slots,False
acf:2213,acf:2213/acf:0001,NCLR,1,acf:2213/acf:0002,NCGR,2,1,adjacent_graphics_slots,False
acf:2213,acf:2213/acf:0002,NCGR,2,acf:2213/acf:0003,NCER,3,1,adjacent_graphics_slots,False
acf:2213,acf:2213/acf:0003,NCER,3,acf:2213/acf:0004,NCER,4,1,adjacent_graphics_slots,False
acf:2213,acf:2213/acf:0004,NCER,4,acf:2213/acf:0005,NCER,5,1,adjacent_graphics_slots,False
acf:2214,acf:2214/acf:0001,NCLR,1,acf:2214/acf:0002,NCGR,2,1,adjacent_graphics_slots,False
acf:2214,acf:2214/acf:0002,NCGR,2,acf:2214/acf:0003,NCER,3,1,adjacent_graphics_slots,False
acf:2214,acf:2214/acf:0003,NCER,3,acf:2214/acf:0004,NCER,4,1,adjacent_graphics_slots,False
acf:2214,acf:2214/acf:0004,NCER,4,acf:2214/acf:0005,NCER,5,1,adjacent_graphics_slots,False
acf:2215,acf:2215/acf:0001,NCLR,1,acf:2215/acf:0002,NCGR,2,1,adjacent_graphics_slots,False
acf:2215,acf:2215/acf:0002,NCGR,2,acf:2215/acf:0003,NCER,3,1,adjacent_graphics_slots,False
acf:2216,acf:2216/acf:0001,NCLR,1,acf:2216/acf:0002,NCGR,2,1,adjacent_graphics_slots,False
acf:2216,acf:2216/acf:0002,NCGR,2,acf:2216/acf:0003,NCER,3,1,adjacent_graphics_slots,False
acf:2217,acf:2217/acf:0001,NCLR,1,acf:2217/acf:0002,NCGR,2,1,adjacent_graphics_slots,False
acf:2217,acf:2217/acf:0002,NCGR,2,acf:2217/acf:0003,NCER,3,1,adjacent_graphics_slots,False
acf:2218,acf:2218/acf:0001,NCLR,1,acf:2218/acf:0002,NCGR,2,1,adjacent_graphics_slots,False
acf:2218,acf:2218/acf:0002,NCGR,2,acf:2218/acf:0003,NCER,3,1,adjacent_graphics_slots,False
acf:2218,acf:2218/acf:0003,NCER,3,acf:2218/acf:0004,NCER,4,1,adjacent_graphics_slots,False
acf:2218,acf:2218/acf:0004,NCER,4,acf:2218/acf:0005,NCER,5,1,adjacent_graphics_slots,False
acf:2219,acf:2219/acf:0001,NCLR,1,acf:2219/acf:0002,NCGR,2,1,adjacent_graphics_slots,False
acf:2219,acf:2219/acf:0002,NCGR,2,acf:2219/acf:0003,NCER,3,1,adjacent_graphics_slots,False
acf:2220,acf:2220/acf:0001,NCLR,1,acf:2220/acf:0002,NCGR,2,1,adjacent_graphics_slots,False
acf:2220,acf:2220/acf:0002,NCGR,2,acf:2220/acf:0003,NCER,3,1,adjacent_graphics_slots,False
acf:2221,acf:2221/acf:0001,NCLR,1,acf:2221/acf:0002,NCGR,2,1,adjacent_graphics_slots,False
acf:2221,acf:2221/acf:0002,NCGR,2,acf:2221/acf:0003,NCER,3,1,adjacent_graphics_slots,False
acf:2221,acf:2221/acf:0003,NCER,3,acf:2221/acf:0004,NCER,4,1,adjacent_graphics_slots,False
acf:2221,acf:2221/acf:0004,NCER,4,acf:2221/acf:0005,NCER,5,1,adjacent_graphics_slots,False
acf:2222,acf:2222/acf:0001,NCLR,1,acf:2222/acf:0002,NCGR,2,1,adjacent_graphics_slots,False
acf:2222,acf:2222/acf:0002,NCGR,2,acf:2222/acf:0003,NCER,3,1,adjacent_graphics_slots,False
acf:2222,acf:2222/acf:0003,NCER,3,acf:2222/acf:0004,NCER,4,1,adjacent_graphics_slots,False
acf:2222,acf:2222/acf:0004,NCER,4,acf:2222/acf:0005,NCER,5,1,adjacent_graphics_slots,False
acf:2222,acf:2222/acf:0005,NCER,5,acf:2222/acf:0006,NCER,6,1,adjacent_graphics_slots,False
acf:2223,acf:2223/acf:0001,NCLR,1,acf:2223/acf:0002,NCGR,2,1,adjacent_graphics_slots,False
acf:2223,acf:2223/acf:0002,NCGR,2,acf:2223/acf:0003,NCER,3,1,adjacent_graphics_slots,False
acf:2223,acf:2223/acf:0003,NCER,3,acf:2223/acf:0004,NCER,4,1,adjacent_graphics_slots,False
acf:2224,acf:2224/acf:0001,NCLR,1,acf:2224/acf:0002,NCGR,2,1,adjacent_graphics_slots,False
acf:2224,acf:2224/acf:0002,NCGR,2,acf:2224/acf:0003,NCER,3,1,adjacent_graphics_slots,False
acf:2225,acf:2225/acf:0001,NCLR,1,acf:2225/acf:0002,NCGR,2,1,adjacent_graphics_slots,False
acf:2225,acf:2225/acf:0002,NCGR,2,acf:2225/acf:0003,NCER,3,1,adjacent_graphics_slots,False
acf:2226,acf:2226/acf:0001,NCLR,1,acf:2226/acf:0002,NCGR,2,1,adjacent_graphics_slots,False
acf:2226,acf:2226/acf:0002,NCGR,2,acf:2226/acf:0003,NCER,3,1,adjacent_graphics_slots,False
acf:2227,acf:2227/acf:0001,NCLR,1,acf:2227/acf:0002,NCGR,2,1,adjacent_graphics_slots,False
acf:2227,acf:2227/acf:0002,NCGR,2,acf:2227/acf:0003,NCER,3,1,adjacent_graphics_slots,False
acf:2228,acf:2228/acf:0001,NCLR,1,acf:2228/acf:0002,NCGR,2,1,adjacent_graphics_slots,False
acf:2228,acf:2228/acf:0002,NCGR,2,acf:2228/acf:0003,NCER,3,1,adjacent_graphics_slots,False
acf:2228,acf:2228/acf:0003,NCER,3,acf:2228/acf:0004,NCER,4,1,adjacent_graphics_slots,False
acf:2228,acf:2228/acf:0004,NCER,4,acf:2228/acf:0005,NCER,5,1,adjacent_graphics_slots,False
acf:2229,acf:2229/acf:0001,NCLR,1,acf:2229/acf:0002,NCGR,2,1,adjacent_graphics_slots,False
acf:2229,acf:2229/acf:0002,NCGR,2,acf:2229/acf:0003,NCER,3,1,adjacent_graphics_slots,False
acf:2229,acf:2229/acf:0003,NCER,3,acf:2229/acf:0004,NCER,4,1,adjacent_graphics_slots,False
acf:2230,acf:2230/acf:0001,NCLR,1,acf:2230/acf:0002,NCGR,2,1,adjacent_graphics_slots,False
acf:2230,acf:2230/acf:0002,NCGR,2,acf:2230/acf:0003,NCER,3,1,adjacent_graphics_slots,False
acf:2230,acf:2230/acf:0003,NCER,3,acf:2230/acf:0004,NCER,4,1,adjacent_graphics_slots,False
acf:2231,acf:2231/acf:0001,NCLR,1,acf:2231/acf:0002,NCGR,2,1,adjacent_graphics_slots,False
acf:2231,acf:2231/acf:0002,NCGR,2,acf:2231/acf:0003,NCER,3,1,adjacent_graphics_slots,False
acf:2231,acf:2231/acf:0003,NCER,3,acf:2231/acf:0004,NCER,4,1,adjacent_graphics_slots,False
acf:2232,acf:2232/acf:0001,NCLR,1,acf:2232/acf:0002,NCGR,2,1,adjacent_graphics_slots,False
acf:2232,acf:2232/acf:0002,NCGR,2,acf:2232/acf:0003,NCER,3,1,adjacent_graphics_slots,False
acf:2232,acf:2232/acf:0003,NCER,3,acf:2232/acf:0004,NCER,4,1,adjacent_graphics_slots,False
acf:2233,acf:2233/acf:0001,NCLR,1,acf:2233/acf:0002,NCGR,2,1,adjacent_graphics_slots,False
acf:2233,acf:2233/acf:0002,NCGR,2,acf:2233/acf:0003,NCER,3,1,adjacent_graphics_slots,False
acf:2233,acf:2233/acf:0003,NCER,3,acf:2233/acf:0004,NCER,4,1,adjacent_graphics_slots,False
acf:2234,acf:2234/acf:0001,NCLR,1,acf:2234/acf:0002,NCGR,2,1,adjacent_graphics_slots,False
acf:2234,acf:2234/acf:0002,NCGR,2,acf:2234/acf:0003,NCER,3,1,adjacent_graphics_slots,False
acf:2234,acf:2234/acf:0003,NCER,3,acf:2234/acf:0004,NCER,4,1,adjacent_graphics_slots,False
acf:2235,acf:2235/acf:0001,NCLR,1,acf:2235/acf:0002,NCGR,2,1,adjacent_graphics_slots,False
acf:2235,acf:2235/acf:0002,NCGR,2,acf:2235/acf:0003,NCER,3,1,adjacent_graphics_slots,False
acf:2235,acf:2235/acf:0003,NCER,3,acf:2235/acf:0004,NCER,4,1,adjacent_graphics_slots,False
acf:2236,acf:2236/acf:0001,NCLR,1,acf:2236/acf:0002,NCGR,2,1,adjacent_graphics_slots,False
acf:2236,acf:2236/acf:0002,NCGR,2,acf:2236/acf:0003,NCER,3,1,adjacent_graphics_slots,False
acf:2236,acf:2236/acf:0003,NCER,3,acf:2236/acf:0004,NCER,4,1,adjacent_graphics_slots,False
acf:2237,acf:2237/acf:0001,NCLR,1,acf:2237/acf:0002,NCGR,2,1,adjacent_graphics_slots,False
acf:2237,acf:2237/acf:0002,NCGR,2,acf:2237/acf:0003,NCER,3,1,adjacent_graphics_slots,False
acf:2237,acf:2237/acf:0003,NCER,3,acf:2237/acf:0004,NCER,4,1,adjacent_graphics_slots,False
acf:2238,acf:2238/acf:0001,NCLR,1,acf:2238/acf:0002,NCGR,2,1,adjacent_graphics_slots,False
acf:2238,acf:2238/acf:0002,NCGR,2,acf:2238/acf:0003,NCER,3,1,adjacent_graphics_slots,False
acf:2238,acf:2238/acf:0003,NCER,3,acf:2238/acf:0004,NCER,4,1,adjacent_graphics_slots,False
acf:2239,acf:2239/acf:0001,NCLR,1,acf:2239/acf:0002,NCGR,2,1,adjacent_graphics_slots,False
acf:2239,acf:2239/acf:0002,NCGR,2,acf:2239/acf:0003,NCER,3,1,adjacent_graphics_slots,False
acf:2239,acf:2239/acf:0003,NCER,3,acf:2239/acf:0004,NCER,4,1,adjacent_graphics_slots,False
acf:2240,acf:2240/acf:0001,NCLR,1,acf:2240/acf:0002,NCGR,2,1,adjacent_graphics_slots,False
acf:2240,acf:2240/acf:0002,NCGR,2,acf:2240/acf:0003,NCER,3,1,adjacent_graphics_slots,False
acf:2241,acf:2241/acf:0001,NCLR,1,acf:2241/acf:0002,NCGR,2,1,adjacent_graphics_slots,False
acf:2241,acf:2241/acf:0002,NCGR,2,acf:2241/acf:0003,NCER,3,1,adjacent_graphics_slots,False
acf:2241,acf:2241/acf:0003,NCER,3,acf:2241/acf:0004,NCER,4,1,adjacent_graphics_slots,False
acf:2241,acf:2241/acf:0004,NCER,4,acf:2241/acf:0005,NCER,5,1,adjacent_graphics_slots,False
acf:2242,acf:2242/acf:0001,NCLR,1,acf:2242/acf:0002,NCGR,2,1,adjacent_graphics_slots,False
acf:2242,acf:2242/acf:0002,NCGR,2,acf:2242/acf:0003,NCER,3,1,adjacent_graphics_slots,False
acf:2242,acf:2242/acf:0003,NCER,3,acf:2242/acf:0004,NCER,4,1,adjacent_graphics_slots,False
acf:2243,acf:2243/acf:0001,NCLR,1,acf:2243/acf:0002,NCGR,2,1,adjacent_graphics_slots,False
acf:2243,acf:2243/acf:0002,NCGR,2,acf:2243/acf:0003,NCER,3,1,adjacent_graphics_slots,False
acf:2243,acf:2243/acf:0003,NCER,3,acf:2243/acf:0004,NCER,4,1,adjacent_graphics_slots,False
acf:2244,acf:2244/acf:0001,NCLR,1,acf:2244/acf:0002,NCGR,2,1,adjacent_graphics_slots,False
acf:2244,acf:2244/acf:0002,NCGR,2,acf:2244/acf:0003,NCER,3,1,adjacent_graphics_slots,False
acf:2244,acf:2244/acf:0003,NCER,3,acf:2244/acf:0004,NCER,4,1,adjacent_graphics_slots,False
acf:2244,acf:2244/acf:0004,NCER,4,acf:2244/acf:0005,NCER,5,1,adjacent_graphics_slots,False
acf:2245,acf:2245/acf:0001,NCLR,1,acf:2245/acf:0002,NCGR,2,1,adjacent_graphics_slots,False
acf:2245,acf:2245/acf:0002,NCGR,2,acf:2245/acf:0003,NCER,3,1,adjacent_graphics_slots,False
acf:2245,acf:2245/acf:0003,NCER,3,acf:2245/acf:0004,NCER,4,1,adjacent_graphics_slots,False
acf:2245,acf:2245/acf:0004,NCER,4,acf:2245/acf:0005,NCER,5,1,adjacent_graphics_slots,False
acf:2246,acf:2246/acf:0001,NCLR,1,acf:2246/acf:0002,NCGR,2,1,adjacent_graphics_slots,False
acf:2246,acf:2246/acf:0002,NCGR,2,acf:2246/acf:0003,NCER,3,1,adjacent_graphics_slots,False
acf:2246,acf:2246/acf:0003,NCER,3,acf:2246/acf:0004,NCER,4,1,adjacent_graphics_slots,False
acf:2246,acf:2246/acf:0004,NCER,4,acf:2246/acf:0005,NCER,5,1,adjacent_graphics_slots,False
acf:2247,acf:2247/acf:0001,NCLR,1,acf:2247/acf:0002,NCGR,2,1,adjacent_graphics_slots,False
acf:2247,acf:2247/acf:0002,NCGR,2,acf:2247/acf:0003,NCER,3,1,adjacent_graphics_slots,False
acf:2247,acf:2247/acf:0003,NCER,3,acf:2247/acf:0004,NCER,4,1,adjacent_graphics_slots,False
acf:2247,acf:2247/acf:0004,NCER,4,acf:2247/acf:0005,NCER,5,1,adjacent_graphics_slots,False
acf:2248,acf:2248/acf:0001,NCLR,1,acf:2248/acf:0002,NCGR,2,1,adjacent_graphics_slots,False
acf:2248,acf:2248/acf:0002,NCGR,2,acf:2248/acf:0003,NCER,3,1,adjacent_graphics_slots,False
acf:2248,acf:2248/acf:0003,NCER,3,acf:2248/acf:0004,NCER,4,1,adjacent_graphics_slots,False
acf:2248,acf:2248/acf:0004,NCER,4,acf:2248/acf:0005,NCER,5,1,adjacent_graphics_slots,False
acf:2249,acf:2249/acf:0001,NCLR,1,acf:2249/acf:0002,NCGR,2,1,adjacent_graphics_slots,False
acf:2249,acf:2249/acf:0002,NCGR,2,acf:2249/acf:0003,NCER,3,1,adjacent_graphics_slots,False
acf:2249,acf:2249/acf:0003,NCER,3,acf:2249/acf:0004,NCER,4,1,adjacent_graphics_slots,False
acf:2249,acf:2249/acf:0004,NCER,4,acf:2249/acf:0005,NCER,5,1,adjacent_graphics_slots,False
acf:2250,acf:2250/acf:0001,NCLR,1,acf:2250/acf:0002,NCGR,2,1,adjacent_graphics_slots,False
acf:2250,acf:2250/acf:0002,NCGR,2,acf:2250/acf:0003,NCER,3,1,adjacent_graphics_slots,False
acf:2250,acf:2250/acf:0003,NCER,3,acf:2250/acf:0004,NCER,4,1,adjacent_graphics_slots,False
acf:2250,acf:2250/acf:0004,NCER,4,acf:2250/acf:0005,NCER,5,1,adjacent_graphics_slots,False
acf:2251,acf:2251/acf:0001,NCLR,1,acf:2251/acf:0002,NCGR,2,1,adjacent_graphics_slots,False
acf:2251,acf:2251/acf:0002,NCGR,2,acf:2251/acf:0003,NCER,3,1,adjacent_graphics_slots,False
acf:2251,acf:2251/acf:0003,NCER,3,acf:2251/acf:0004,NCER,4,1,adjacent_graphics_slots,False
acf:2251,acf:2251/acf:0004,NCER,4,acf:2251/acf:0005,NCER,5,1,adjacent_graphics_slots,False
acf:2252,acf:2252/acf:0001,NCLR,1,acf:2252/acf:0002,NCGR,2,1,adjacent_graphics_slots,False
acf:2252,acf:2252/acf:0002,NCGR,2,acf:2252/acf:0003,NCER,3,1,adjacent_graphics_slots,False
acf:2252,acf:2252/acf:0003,NCER,3,acf:2252/acf:0004,NCER,4,1,adjacent_graphics_slots,False
acf:2252,acf:2252/acf:0004,NCER,4,acf:2252/acf:0005,NCER,5,1,adjacent_graphics_slots,False
acf:2253,acf:2253/acf:0001,NCLR,1,acf:2253/acf:0002,NCGR,2,1,adjacent_graphics_slots,False
acf:2253,acf:2253/acf:0002,NCGR,2,acf:2253/acf:0003,NCER,3,1,adjacent_graphics_slots,False
acf:2253,acf:2253/acf:0003,NCER,3,acf:2253/acf:0004,NCER,4,1,adjacent_graphics_slots,False
acf:2253,acf:2253/acf:0004,NCER,4,acf:2253/acf:0005,NCER,5,1,adjacent_graphics_slots,False
acf:2254,acf:2254/acf:0001,NCLR,1,acf:2254/acf:0002,NCGR,2,1,adjacent_graphics_slots,False
acf:2254,acf:2254/acf:0002,NCGR,2,acf:2254/acf:0003,NCER,3,1,adjacent_graphics_slots,False
acf:2254,acf:2254/acf:0003,NCER,3,acf:2254/acf:0004,NCER,4,1,adjacent_graphics_slots,False
acf:2254,acf:2254/acf:0004,NCER,4,acf:2254/acf:0005,NCER,5,1,adjacent_graphics_slots,False
acf:2255,acf:2255/acf:0001,NCLR,1,acf:2255/acf:0002,NCGR,2,1,adjacent_graphics_slots,False
acf:2255,acf:2255/acf:0002,NCGR,2,acf:2255/acf:0003,NCER,3,1,adjacent_graphics_slots,False
acf:2256,acf:2256/acf:0001,NCLR,1,acf:2256/acf:0002,NCGR,2,1,adjacent_graphics_slots,False
acf:2256,acf:2256/acf:0002,NCGR,2,acf:2256/acf:0003,NCER,3,1,adjacent_graphics_slots,False
acf:2256,acf:2256/acf:0003,NCER,3,acf:2256/acf:0004,NCER,4,1,adjacent_graphics_slots,False
acf:2257,acf:2257/acf:0001,NCLR,1,acf:2257/acf:0002,NCGR,2,1,adjacent_graphics_slots,False
acf:2257,acf:2257/acf:0002,NCGR,2,acf:2257/acf:0003,NCER,3,1,adjacent_graphics_slots,False
acf:2258,acf:2258/acf:0001,NCLR,1,acf:2258/acf:0002,NCGR,2,1,adjacent_graphics_slots,False
acf:2258,acf:2258/acf:0002,NCGR,2,acf:2258/acf:0003,NCER,3,1,adjacent_graphics_slots,False
acf:2258,acf:2258/acf:0003,NCER,3,acf:2258/acf:0004,NCER,4,1,adjacent_graphics_slots,False
acf:2258,acf:2258/acf:0004,NCER,4,acf:2258/acf:0005,NCER,5,1,adjacent_graphics_slots,False
acf:2259,acf:2259/acf:0001,NCLR,1,acf:2259/acf:0002,NCGR,2,1,adjacent_graphics_slots,False
acf:2259,acf:2259/acf:0002,NCGR,2,acf:2259/acf:0003,NCER,3,1,adjacent_graphics_slots,False
acf:2259,acf:2259/acf:0003,NCER,3,acf:2259/acf:0004,NCER,4,1,adjacent_graphics_slots,False
acf:2259,acf:2259/acf:0004,NCER,4,acf:2259/acf:0005,NCER,5,1,adjacent_graphics_slots,False
acf:2260,acf:2260/acf:0001,NCLR,1,acf:2260/acf:0002,NCGR,2,1,adjacent_graphics_slots,False
acf:2260,acf:2260/acf:0002,NCGR,2,acf:2260/acf:0003,NCER,3,1,adjacent_graphics_slots,False
acf:2260,acf:2260/acf:0003,NCER,3,acf:2260/acf:0004,NCER,4,1,adjacent_graphics_slots,False
acf:2260,acf:2260/acf:0004,NCER,4,acf:2260/acf:0005,NCER,5,1,adjacent_graphics_slots,False
acf:2261,acf:2261/acf:0001,NCLR,1,acf:2261/acf:0002,NCGR,2,1,adjacent_graphics_slots,False
acf:2261,acf:2261/acf:0002,NCGR,2,acf:2261/acf:0003,NCER,3,1,adjacent_graphics_slots,False
acf:2261,acf:2261/acf:0003,NCER,3,acf:2261/acf:0004,NCER,4,1,adjacent_graphics_slots,False
acf:2262,acf:2262/acf:0001,NCLR,1,acf:2262/acf:0002,NCGR,2,1,adjacent_graphics_slots,False
acf:2262,acf:2262/acf:0002,NCGR,2,acf:2262/acf:0003,NCER,3,1,adjacent_graphics_slots,False
acf:2263,acf:2263/acf:0001,NCLR,1,acf:2263/acf:0002,NCGR,2,1,adjacent_graphics_slots,False
acf:2263,acf:2263/acf:0002,NCGR,2,acf:2263/acf:0003,NCER,3,1,adjacent_graphics_slots,False
acf:2264,acf:2264/acf:0001,NCLR,1,acf:2264/acf:0002,NCGR,2,1,adjacent_graphics_slots,False
acf:2264,acf:2264/acf:0002,NCGR,2,acf:2264/acf:0003,NCER,3,1,adjacent_graphics_slots,False
acf:2264,acf:2264/acf:0003,NCER,3,acf:2264/acf:0004,NCER,4,1,adjacent_graphics_slots,False
acf:2265,acf:2265/acf:0001,NCLR,1,acf:2265/acf:0002,NCGR,2,1,adjacent_graphics_slots,False
acf:2265,acf:2265/acf:0002,NCGR,2,acf:2265/acf:0003,NCER,3,1,adjacent_graphics_slots,False
acf:2265,acf:2265/acf:0003,NCER,3,acf:2265/acf:0004,NCER,4,1,adjacent_graphics_slots,False
acf:2265,acf:2265/acf:0004,NCER,4,acf:2265/acf:0005,NCER,5,1,adjacent_graphics_slots,False
acf:2265,acf:2265/acf:0005,NCER,5,acf:2265/acf:0006,NCER,6,1,adjacent_graphics_slots,False
acf:2266,acf:2266/acf:0001,NCLR,1,acf:2266/acf:0002,NCGR,2,1,adjacent_graphics_slots,False
acf:2266,acf:2266/acf:0002,NCGR,2,acf:2266/acf:0003,NCER,3,1,adjacent_graphics_slots,False
acf:2266,acf:2266/acf:0003,NCER,3,acf:2266/acf:0004,NCER,4,1,adjacent_graphics_slots,False
acf:2266,acf:2266/acf:0004,NCER,4,acf:2266/acf:0005,NCER,5,1,adjacent_graphics_slots,False
acf:2266,acf:2266/acf:0005,NCER,5,acf:2266/acf:0006,NCER,6,1,adjacent_graphics_slots,False
acf:2266,acf:2266/acf:0006,NCER,6,acf:2266/acf:0007,NCER,7,1,adjacent_graphics_slots,False
acf:2267,acf:2267/acf:0001,NCLR,1,acf:2267/acf:0002,NCGR,2,1,adjacent_graphics_slots,False
acf:2267,acf:2267/acf:0002,NCGR,2,acf:2267/acf:0003,NCER,3,1,adjacent_graphics_slots,False
acf:2267,acf:2267/acf:0003,NCER,3,acf:2267/acf:0004,NCER,4,1,adjacent_graphics_slots,False
acf:2267,acf:2267/acf:0004,NCER,4,acf:2267/acf:0005,NCER,5,1,adjacent_graphics_slots,False
acf:2267,acf:2267/acf:0005,NCER,5,acf:2267/acf:0006,NCER,6,1,adjacent_graphics_slots,False
acf:2267,acf:2267/acf:0006,NCER,6,acf:2267/acf:0007,NCER,7,1,adjacent_graphics_slots,False
acf:2268,acf:2268/acf:0001,NCLR,1,acf:2268/acf:0002,NCGR,2,1,adjacent_graphics_slots,False
acf:2268,acf:2268/acf:0002,NCGR,2,acf:2268/acf:0003,NCER,3,1,adjacent_graphics_slots,False
acf:2268,acf:2268/acf:0003,NCER,3,acf:2268/acf:0004,NCER,4,1,adjacent_graphics_slots,False
acf:2268,acf:2268/acf:0004,NCER,4,acf:2268/acf:0005,NCER,5,1,adjacent_graphics_slots,False
acf:2269,acf:2269/acf:0001,NCLR,1,acf:2269/acf:0002,NCGR,2,1,adjacent_graphics_slots,False
acf:2269,acf:2269/acf:0002,NCGR,2,acf:2269/acf:0003,NCER,3,1,adjacent_graphics_slots,False
acf:2269,acf:2269/acf:0003,NCER,3,acf:2269/acf:0004,NCER,4,1,adjacent_graphics_slots,False
acf:2270,acf:2270/acf:0001,NCLR,1,acf:2270/acf:0002,NCGR,2,1,adjacent_graphics_slots,False
acf:2270,acf:2270/acf:0002,NCGR,2,acf:2270/acf:0003,NCER,3,1,adjacent_graphics_slots,False
acf:2270,acf:2270/acf:0003,NCER,3,acf:2270/acf:0004,NCER,4,1,adjacent_graphics_slots,False
acf:2271,acf:2271/acf:0001,NCLR,1,acf:2271/acf:0002,NCGR,2,1,adjacent_graphics_slots,False
acf:2271,acf:2271/acf:0002,NCGR,2,acf:2271/acf:0003,NCER,3,1,adjacent_graphics_slots,False
acf:2271,acf:2271/acf:0003,NCER,3,acf:2271/acf:0004,NCER,4,1,adjacent_graphics_slots,False
acf:2272,acf:2272/acf:0001,NCLR,1,acf:2272/acf:0002,NCGR,2,1,adjacent_graphics_slots,False
acf:2272,acf:2272/acf:0002,NCGR,2,acf:2272/acf:0003,NCER,3,1,adjacent_graphics_slots,False
acf:2272,acf:2272/acf:0003,NCER,3,acf:2272/acf:0004,NCER,4,1,adjacent_graphics_slots,False
acf:2273,acf:2273/acf:0001,NCLR,1,acf:2273/acf:0002,NCGR,2,1,adjacent_graphics_slots,False
acf:2273,acf:2273/acf:0002,NCGR,2,acf:2273/acf:0003,NCER,3,1,adjacent_graphics_slots,False
acf:2273,acf:2273/acf:0003,NCER,3,acf:2273/acf:0004,NCER,4,1,adjacent_graphics_slots,False
acf:2273,acf:2273/acf:0004,NCER,4,acf:2273/acf:0005,NCER,5,1,adjacent_graphics_slots,False
acf:2274,acf:2274/acf:0001,NCLR,1,acf:2274/acf:0002,NCGR,2,1,adjacent_graphics_slots,False
acf:2274,acf:2274/acf:0002,NCGR,2,acf:2274/acf:0003,NCER,3,1,adjacent_graphics_slots,False
acf:2274,acf:2274/acf:0003,NCER,3,acf:2274/acf:0004,NCER,4,1,adjacent_graphics_slots,False
acf:2274,acf:2274/acf:0004,NCER,4,acf:2274/acf:0005,NCER,5,1,adjacent_graphics_slots,False
acf:2275,acf:2275/acf:0001,NCLR,1,acf:2275/acf:0002,NCGR,2,1,adjacent_graphics_slots,False
acf:2275,acf:2275/acf:0002,NCGR,2,acf:2275/acf:0003,NCER,3,1,adjacent_graphics_slots,False
acf:2275,acf:2275/acf:0003,NCER,3,acf:2275/acf:0004,NCER,4,1,adjacent_graphics_slots,False
acf:2276,acf:2276/acf:0001,NCLR,1,acf:2276/acf:0002,NCGR,2,1,adjacent_graphics_slots,False
acf:2276,acf:2276/acf:0002,NCGR,2,acf:2276/acf:0003,NCER,3,1,adjacent_graphics_slots,False
acf:2276,acf:2276/acf:0003,NCER,3,acf:2276/acf:0004,NCER,4,1,adjacent_graphics_slots,False
acf:2276,acf:2276/acf:0004,NCER,4,acf:2276/acf:0005,NCER,5,1,adjacent_graphics_slots,False
acf:2277,acf:2277/acf:0001,NCLR,1,acf:2277/acf:0002,NCGR,2,1,adjacent_graphics_slots,False
acf:2277,acf:2277/acf:0002,NCGR,2,acf:2277/acf:0003,NCER,3,1,adjacent_graphics_slots,False
acf:2277,acf:2277/acf:0003,NCER,3,acf:2277/acf:0004,NCER,4,1,adjacent_graphics_slots,False
acf:2277,acf:2277/acf:0004,NCER,4,acf:2277/acf:0005,NCER,5,1,adjacent_graphics_slots,False
acf:2278,acf:2278/acf:0001,NCLR,1,acf:2278/acf:0002,NCGR,2,1,adjacent_graphics_slots,False
acf:2278,acf:2278/acf:0002,NCGR,2,acf:2278/acf:0003,NCER,3,1,adjacent_graphics_slots,False
acf:2278,acf:2278/acf:0003,NCER,3,acf:2278/acf:0004,NCER,4,1,adjacent_graphics_slots,False
acf:2278,acf:2278/acf:0004,NCER,4,acf:2278/acf:0005,NCER,5,1,adjacent_graphics_slots,False
acf:2278,acf:2278/acf:0005,NCER,5,acf:2278/acf:0006,NCER,6,1,adjacent_graphics_slots,False
acf:2279,acf:2279/acf:0001,NCLR,1,acf:2279/acf:0002,NCGR,2,1,adjacent_graphics_slots,False
acf:2279,acf:2279/acf:0002,NCGR,2,acf:2279/acf:0003,NCER,3,1,adjacent_graphics_slots,False
acf:2280,acf:2280/acf:0001,NCLR,1,acf:2280/acf:0002,NCGR,2,1,adjacent_graphics_slots,False
acf:2280,acf:2280/acf:0002,NCGR,2,acf:2280/acf:0003,NCER,3,1,adjacent_graphics_slots,False
acf:2281,acf:2281/acf:0001,NCLR,1,acf:2281/acf:0002,NCGR,2,1,adjacent_graphics_slots,False
acf:2281,acf:2281/acf:0002,NCGR,2,acf:2281/acf:0003,NCER,3,1,adjacent_graphics_slots,False
acf:2282,acf:2282/acf:0001,NCLR,1,acf:2282/acf:0002,NCGR,2,1,adjacent_graphics_slots,False
acf:2282,acf:2282/acf:0002,NCGR,2,acf:2282/acf:0003,NCER,3,1,adjacent_graphics_slots,False
acf:2282,acf:2282/acf:0003,NCER,3,acf:2282/acf:0004,NCER,4,1,adjacent_graphics_slots,False
acf:2283,acf:2283/acf:0001,NCLR,1,acf:2283/acf:0002,NCGR,2,1,adjacent_graphics_slots,False
acf:2283,acf:2283/acf:0002,NCGR,2,acf:2283/acf:0003,NCER,3,1,adjacent_graphics_slots,False
acf:2284,acf:2284/acf:0001,NCLR,1,acf:2284/acf:0002,NCGR,2,1,adjacent_graphics_slots,False
acf:2284,acf:2284/acf:0002,NCGR,2,acf:2284/acf:0003,NCER,3,1,adjacent_graphics_slots,False
acf:2285,acf:2285/acf:0001,NCLR,1,acf:2285/acf:0002,NCGR,2,1,adjacent_graphics_slots,False
acf:2285,acf:2285/acf:0002,NCGR,2,acf:2285/acf:0003,NCER,3,1,adjacent_graphics_slots,False
acf:2286,acf:2286/acf:0001,NCLR,1,acf:2286/acf:0002,NCGR,2,1,adjacent_graphics_slots,False
acf:2286,acf:2286/acf:0002,NCGR,2,acf:2286/acf:0003,NCER,3,1,adjacent_graphics_slots,False
acf:2286,acf:2286/acf:0003,NCER,3,acf:2286/acf:0004,NCER,4,1,adjacent_graphics_slots,False
acf:2286,acf:2286/acf:0004,NCER,4,acf:2286/acf:0005,NCER,5,1,adjacent_graphics_slots,False
acf:2287,acf:2287/acf:0001,NCLR,1,acf:2287/acf:0002,NCGR,2,1,adjacent_graphics_slots,False
acf:2287,acf:2287/acf:0002,NCGR,2,acf:2287/acf:0003,NCER,3,1,adjacent_graphics_slots,False
acf:2288,acf:2288/acf:0001,NCLR,1,acf:2288/acf:0002,NCGR,2,1,adjacent_graphics_slots,False
acf:2288,acf:2288/acf:0002,NCGR,2,acf:2288/acf:0003,NCER,3,1,adjacent_graphics_slots,False
acf:2288,acf:2288/acf:0003,NCER,3,acf:2288/acf:0004,NCER,4,1,adjacent_graphics_slots,False
acf:2289,acf:2289/acf:0001,NCLR,1,acf:2289/acf:0002,NCGR,2,1,adjacent_graphics_slots,False
acf:2289,acf:2289/acf:0002,NCGR,2,acf:2289/acf:0003,NCER,3,1,adjacent_graphics_slots,False
acf:2290,acf:2290/acf:0001,NCLR,1,acf:2290/acf:0002,NCGR,2,1,adjacent_graphics_slots,False
acf:2290,acf:2290/acf:0002,NCGR,2,acf:2290/acf:0003,NCER,3,1,adjacent_graphics_slots,False
acf:2290,acf:2290/acf:0003,NCER,3,acf:2290/acf:0004,NCER,4,1,adjacent_graphics_slots,False
acf:2290,acf:2290/acf:0004,NCER,4,acf:2290/acf:0005,NCER,5,1,adjacent_graphics_slots,False
acf:2291,acf:2291/acf:0001,NCLR,1,acf:2291/acf:0002,NCGR,2,1,adjacent_graphics_slots,False
acf:2291,acf:2291/acf:0002,NCGR,2,acf:2291/acf:0003,NCER,3,1,adjacent_graphics_slots,False
acf:2292,acf:2292/acf:0001,NCLR,1,acf:2292/acf:0002,NCGR,2,1,adjacent_graphics_slots,False
acf:2292,acf:2292/acf:0002,NCGR,2,acf:2292/acf:0003,NCER,3,1,adjacent_graphics_slots,False
acf:2293,acf:2293/acf:0001,NCLR,1,acf:2293/acf:0002,NCGR,2,1,adjacent_graphics_slots,False
acf:2293,acf:2293/acf:0002,NCGR,2,acf:2293/acf:0003,NCER,3,1,adjacent_graphics_slots,False
acf:2294,acf:2294/acf:0001,NCLR,1,acf:2294/acf:0002,NCGR,2,1,adjacent_graphics_slots,False
acf:2294,acf:2294/acf:0002,NCGR,2,acf:2294/acf:0003,NCER,3,1,adjacent_graphics_slots,False
acf:2295,acf:2295/acf:0001,NCLR,1,acf:2295/acf:0002,NCGR,2,1,adjacent_graphics_slots,False
acf:2295,acf:2295/acf:0002,NCGR,2,acf:2295/acf:0003,NCER,3,1,adjacent_graphics_slots,False
acf:2296,acf:2296/acf:0001,NCLR,1,acf:2296/acf:0002,NCGR,2,1,adjacent_graphics_slots,False
acf:2296,acf:2296/acf:0002,NCGR,2,acf:2296/acf:0003,NCER,3,1,adjacent_graphics_slots,False
acf:2297,acf:2297/acf:0001,NCLR,1,acf:2297/acf:0002,NCGR,2,1,adjacent_graphics_slots,False
acf:2297,acf:2297/acf:0002,NCGR,2,acf:2297/acf:0003,NCER,3,1,adjacent_graphics_slots,False
acf:2298,acf:2298/acf:0001,NCLR,1,acf:2298/acf:0002,NCGR,2,1,adjacent_graphics_slots,False
acf:2298,acf:2298/acf:0002,NCGR,2,acf:2298/acf:0003,NCER,3,1,adjacent_graphics_slots,False
acf:2299,acf:2299/acf:0001,NCLR,1,acf:2299/acf:0002,NCGR,2,1,adjacent_graphics_slots,False
acf:2299,acf:2299/acf:0002,NCGR,2,acf:2299/acf:0003,NCER,3,1,adjacent_graphics_slots,False
acf:2299,acf:2299/acf:0003,NCER,3,acf:2299/acf:0004,NCER,4,1,adjacent_graphics_slots,False
acf:2299,acf:2299/acf:0004,NCER,4,acf:2299/acf:0005,NCER,5,1,adjacent_graphics_slots,False
acf:2300,acf:2300/acf:0001,NCLR,1,acf:2300/acf:0002,NCGR,2,1,adjacent_graphics_slots,False
acf:2300,acf:2300/acf:0002,NCGR,2,acf:2300/acf:0003,NCER,3,1,adjacent_graphics_slots,False
acf:2301,acf:2301/acf:0001,NCLR,1,acf:2301/acf:0002,NCGR,2,1,adjacent_graphics_slots,False
acf:2301,acf:2301/acf:0002,NCGR,2,acf:2301/acf:0003,NCER,3,1,adjacent_graphics_slots,False
acf:2301,acf:2301/acf:0003,NCER,3,acf:2301/acf:0004,NCER,4,1,adjacent_graphics_slots,False
acf:2301,acf:2301/acf:0004,NCER,4,acf:2301/acf:0005,NCER,5,1,adjacent_graphics_slots,False
acf:2302,acf:2302/acf:0001,NCLR,1,acf:2302/acf:0002,NCGR,2,1,adjacent_graphics_slots,False
acf:2302,acf:2302/acf:0002,NCGR,2,acf:2302/acf:0003,NCER,3,1,adjacent_graphics_slots,False
acf:2302,acf:2302/acf:0003,NCER,3,acf:2302/acf:0004,NCER,4,1,adjacent_graphics_slots,False
acf:2302,acf:2302/acf:0004,NCER,4,acf:2302/acf:0005,NCER,5,1,adjacent_graphics_slots,False
acf:2303,acf:2303/acf:0001,NCLR,1,acf:2303/acf:0002,NCGR,2,1,adjacent_graphics_slots,False
acf:2303,acf:2303/acf:0002,NCGR,2,acf:2303/acf:0003,NCER,3,1,adjacent_graphics_slots,False
acf:2303,acf:2303/acf:0003,NCER,3,acf:2303/acf:0004,NCER,4,1,adjacent_graphics_slots,False
acf:2303,acf:2303/acf:0004,NCER,4,acf:2303/acf:0005,NCER,5,1,adjacent_graphics_slots,False
acf:2304,acf:2304/acf:0001,NCLR,1,acf:2304/acf:0002,NCGR,2,1,adjacent_graphics_slots,False
acf:2304,acf:2304/acf:0002,NCGR,2,acf:2304/acf:0003,NCER,3,1,adjacent_graphics_slots,False
acf:2304,acf:2304/acf:0003,NCER,3,acf:2304/acf:0004,NCER,4,1,adjacent_graphics_slots,False
acf:2304,acf:2304/acf:0004,NCER,4,acf:2304/acf:0005,NCER,5,1,adjacent_graphics_slots,False
acf:2305,acf:2305/acf:0001,NCLR,1,acf:2305/acf:0002,NCGR,2,1,adjacent_graphics_slots,False
acf:2305,acf:2305/acf:0002,NCGR,2,acf:2305/acf:0003,NCER,3,1,adjacent_graphics_slots,False
acf:2305,acf:2305/acf:0003,NCER,3,acf:2305/acf:0004,NCER,4,1,adjacent_graphics_slots,False
acf:2305,acf:2305/acf:0004,NCER,4,acf:2305/acf:0005,NCER,5,1,adjacent_graphics_slots,False
acf:2306,acf:2306/acf:0001,NCLR,1,acf:2306/acf:0002,NCGR,2,1,adjacent_graphics_slots,False
acf:2306,acf:2306/acf:0002,NCGR,2,acf:2306/acf:0003,NCER,3,1,adjacent_graphics_slots,False
acf:2306,acf:2306/acf:0003,NCER,3,acf:2306/acf:0004,NCER,4,1,adjacent_graphics_slots,False
acf:2306,acf:2306/acf:0004,NCER,4,acf:2306/acf:0005,NCER,5,1,adjacent_graphics_slots,False
acf:2307,acf:2307/acf:0001,NCLR,1,acf:2307/acf:0002,NCGR,2,1,adjacent_graphics_slots,False
acf:2307,acf:2307/acf:0002,NCGR,2,acf:2307/acf:0003,NCER,3,1,adjacent_graphics_slots,False
acf:2307,acf:2307/acf:0003,NCER,3,acf:2307/acf:0004,NCER,4,1,adjacent_graphics_slots,False
acf:2307,acf:2307/acf:0004,NCER,4,acf:2307/acf:0005,NCER,5,1,adjacent_graphics_slots,False
acf:2308,acf:2308/acf:0001,NCLR,1,acf:2308/acf:0002,NCGR,2,1,adjacent_graphics_slots,False
acf:2308,acf:2308/acf:0002,NCGR,2,acf:2308/acf:0003,NCER,3,1,adjacent_graphics_slots,False
acf:2308,acf:2308/acf:0003,NCER,3,acf:2308/acf:0004,NCER,4,1,adjacent_graphics_slots,False
acf:2308,acf:2308/acf:0004,NCER,4,acf:2308/acf:0005,NCER,5,1,adjacent_graphics_slots,False
acf:2309,acf:2309/acf:0001,NCLR,1,acf:2309/acf:0002,NCGR,2,1,adjacent_graphics_slots,False
acf:2309,acf:2309/acf:0002,NCGR,2,acf:2309/acf:0003,NCER,3,1,adjacent_graphics_slots,False
acf:2310,acf:2310/acf:0001,NCLR,1,acf:2310/acf:0002,NCGR,2,1,adjacent_graphics_slots,False
acf:2310,acf:2310/acf:0002,NCGR,2,acf:2310/acf:0003,NCER,3,1,adjacent_graphics_slots,False
acf:2310,acf:2310/acf:0003,NCER,3,acf:2310/acf:0004,NCER,4,1,adjacent_graphics_slots,False
acf:2311,acf:2311/acf:0001,NCLR,1,acf:2311/acf:0002,NCGR,2,1,adjacent_graphics_slots,False
acf:2311,acf:2311/acf:0002,NCGR,2,acf:2311/acf:0003,NCER,3,1,adjacent_graphics_slots,False
acf:2311,acf:2311/acf:0003,NCER,3,acf:2311/acf:0004,NCER,4,1,adjacent_graphics_slots,False
acf:2312,acf:2312/acf:0001,NCLR,1,acf:2312/acf:0002,NCGR,2,1,adjacent_graphics_slots,False
acf:2312,acf:2312/acf:0002,NCGR,2,acf:2312/acf:0003,NCER,3,1,adjacent_graphics_slots,False
acf:2312,acf:2312/acf:0003,NCER,3,acf:2312/acf:0004,NCER,4,1,adjacent_graphics_slots,False
acf:2313,acf:2313/acf:0001,NCLR,1,acf:2313/acf:0002,NCGR,2,1,adjacent_graphics_slots,False
acf:2313,acf:2313/acf:0002,NCGR,2,acf:2313/acf:0003,NCER,3,1,adjacent_graphics_slots,False
acf:2314,acf:2314/acf:0001,NCLR,1,acf:2314/acf:0002,NCGR,2,1,adjacent_graphics_slots,False
acf:2314,acf:2314/acf:0002,NCGR,2,acf:2314/acf:0003,NCER,3,1,adjacent_graphics_slots,False
acf:2315,acf:2315/acf:0001,NCLR,1,acf:2315/acf:0002,NCGR,2,1,adjacent_graphics_slots,False
acf:2315,acf:2315/acf:0002,NCGR,2,acf:2315/acf:0003,NCER,3,1,adjacent_graphics_slots,False
acf:2315,acf:2315/acf:0003,NCER,3,acf:2315/acf:0004,NCER,4,1,adjacent_graphics_slots,False
acf:2316,acf:2316/acf:0001,NCLR,1,acf:2316/acf:0002,NCGR,2,1,adjacent_graphics_slots,False
acf:2316,acf:2316/acf:0002,NCGR,2,acf:2316/acf:0003,NCER,3,1,adjacent_graphics_slots,False
acf:2316,acf:2316/acf:0003,NCER,3,acf:2316/acf:0004,NCER,4,1,adjacent_graphics_slots,False
acf:2317,acf:2317/acf:0001,NCLR,1,acf:2317/acf:0002,NCGR,2,1,adjacent_graphics_slots,False
acf:2317,acf:2317/acf:0002,NCGR,2,acf:2317/acf:0003,NCER,3,1,adjacent_graphics_slots,False
acf:2317,acf:2317/acf:0003,NCER,3,acf:2317/acf:0004,NCER,4,1,adjacent_graphics_slots,False
acf:2317,acf:2317/acf:0004,NCER,4,acf:2317/acf:0005,NCER,5,1,adjacent_graphics_slots,False
acf:2318,acf:2318/acf:0001,NCLR,1,acf:2318/acf:0002,NCGR,2,1,adjacent_graphics_slots,False
acf:2318,acf:2318/acf:0002,NCGR,2,acf:2318/acf:0003,NCER,3,1,adjacent_graphics_slots,False
acf:2318,acf:2318/acf:0003,NCER,3,acf:2318/acf:0004,NCER,4,1,adjacent_graphics_slots,False
acf:2318,acf:2318/acf:0004,NCER,4,acf:2318/acf:0005,NCER,5,1,adjacent_graphics_slots,False
acf:2319,acf:2319/acf:0001,NCLR,1,acf:2319/acf:0002,NCGR,2,1,adjacent_graphics_slots,False
acf:2319,acf:2319/acf:0002,NCGR,2,acf:2319/acf:0003,NCER,3,1,adjacent_graphics_slots,False
acf:2320,acf:2320/acf:0001,NCLR,1,acf:2320/acf:0002,NCGR,2,1,adjacent_graphics_slots,False
acf:2320,acf:2320/acf:0002,NCGR,2,acf:2320/acf:0003,NCER,3,1,adjacent_graphics_slots,False
acf:2320,acf:2320/acf:0003,NCER,3,acf:2320/acf:0004,NCER,4,1,adjacent_graphics_slots,False
acf:2320,acf:2320/acf:0004,NCER,4,acf:2320/acf:0005,NCER,5,1,adjacent_graphics_slots,False
acf:2321,acf:2321/acf:0001,NCLR,1,acf:2321/acf:0002,NCGR,2,1,adjacent_graphics_slots,False
acf:2321,acf:2321/acf:0002,NCGR,2,acf:2321/acf:0003,NCER,3,1,adjacent_graphics_slots,False
acf:2321,acf:2321/acf:0003,NCER,3,acf:2321/acf:0004,NCER,4,1,adjacent_graphics_slots,False
acf:2321,acf:2321/acf:0004,NCER,4,acf:2321/acf:0005,NCER,5,1,adjacent_graphics_slots,False
acf:2322,acf:2322/acf:0001,NCLR,1,acf:2322/acf:0002,NCGR,2,1,adjacent_graphics_slots,False
acf:2322,acf:2322/acf:0002,NCGR,2,acf:2322/acf:0003,NCER,3,1,adjacent_graphics_slots,False
acf:2323,acf:2323/acf:0001,NCLR,1,acf:2323/acf:0002,NCGR,2,1,adjacent_graphics_slots,False
acf:2323,acf:2323/acf:0002,NCGR,2,acf:2323/acf:0003,NCER,3,1,adjacent_graphics_slots,False
acf:2324,acf:2324/acf:0001,NCLR,1,acf:2324/acf:0002,NCGR,2,1,adjacent_graphics_slots,False
acf:2324,acf:2324/acf:0002,NCGR,2,acf:2324/acf:0003,NCER,3,1,adjacent_graphics_slots,False
acf:2324,acf:2324/acf:0003,NCER,3,acf:2324/acf:0004,NCER,4,1,adjacent_graphics_slots,False
acf:2325,acf:2325/acf:0001,NCLR,1,acf:2325/acf:0002,NCGR,2,1,adjacent_graphics_slots,False
acf:2325,acf:2325/acf:0002,NCGR,2,acf:2325/acf:0003,NCER,3,1,adjacent_graphics_slots,False
acf:2326,acf:2326/acf:0001,NCLR,1,acf:2326/acf:0002,NCGR,2,1,adjacent_graphics_slots,False
acf:2326,acf:2326/acf:0002,NCGR,2,acf:2326/acf:0003,NCER,3,1,adjacent_graphics_slots,False
acf:2326,acf:2326/acf:0003,NCER,3,acf:2326/acf:0004,NCER,4,1,adjacent_graphics_slots,False
acf:2327,acf:2327/acf:0001,NCLR,1,acf:2327/acf:0002,NCGR,2,1,adjacent_graphics_slots,False
acf:2327,acf:2327/acf:0002,NCGR,2,acf:2327/acf:0003,NCER,3,1,adjacent_graphics_slots,False
acf:2327,acf:2327/acf:0003,NCER,3,acf:2327/acf:0004,NCER,4,1,adjacent_graphics_slots,False
acf:2327,acf:2327/acf:0004,NCER,4,acf:2327/acf:0005,NCER,5,1,adjacent_graphics_slots,False
acf:2328,acf:2328/acf:0001,NCLR,1,acf:2328/acf:0002,NCGR,2,1,adjacent_graphics_slots,False
acf:2328,acf:2328/acf:0002,NCGR,2,acf:2328/acf:0003,NCER,3,1,adjacent_graphics_slots,False
acf:2328,acf:2328/acf:0003,NCER,3,acf:2328/acf:0004,NCER,4,1,adjacent_graphics_slots,False
acf:2328,acf:2328/acf:0004,NCER,4,acf:2328/acf:0005,NCER,5,1,adjacent_graphics_slots,False
acf:2329,acf:2329/acf:0001,NCLR,1,acf:2329/acf:0002,NCGR,2,1,adjacent_graphics_slots,False
acf:2329,acf:2329/acf:0002,NCGR,2,acf:2329/acf:0003,NCER,3,1,adjacent_graphics_slots,False
acf:2329,acf:2329/acf:0003,NCER,3,acf:2329/acf:0004,NCER,4,1,adjacent_graphics_slots,False
acf:2329,acf:2329/acf:0004,NCER,4,acf:2329/acf:0005,NCER,5,1,adjacent_graphics_slots,False
acf:2330,acf:2330/acf:0001,NCLR,1,acf:2330/acf:0002,NCGR,2,1,adjacent_graphics_slots,False
acf:2330,acf:2330/acf:0002,NCGR,2,acf:2330/acf:0003,NCER,3,1,adjacent_graphics_slots,False
acf:2331,acf:2331/acf:0001,NCLR,1,acf:2331/acf:0002,NCGR,2,1,adjacent_graphics_slots,False
acf:2331,acf:2331/acf:0002,NCGR,2,acf:2331/acf:0003,NCER,3,1,adjacent_graphics_slots,False
acf:2332,acf:2332/acf:0001,NCLR,1,acf:2332/acf:0002,NCGR,2,1,adjacent_graphics_slots,False
acf:2332,acf:2332/acf:0002,NCGR,2,acf:2332/acf:0003,NCER,3,1,adjacent_graphics_slots,False
acf:2332,acf:2332/acf:0003,NCER,3,acf:2332/acf:0004,NCER,4,1,adjacent_graphics_slots,False
acf:2332,acf:2332/acf:0004,NCER,4,acf:2332/acf:0005,NCER,5,1,adjacent_graphics_slots,False
acf:2332,acf:2332/acf:0005,NCER,5,acf:2332/acf:0006,NCER,6,1,adjacent_graphics_slots,False
acf:2333,acf:2333/acf:0001,NCLR,1,acf:2333/acf:0002,NCGR,2,1,adjacent_graphics_slots,False
acf:2333,acf:2333/acf:0002,NCGR,2,acf:2333/acf:0003,NCER,3,1,adjacent_graphics_slots,False
acf:2333,acf:2333/acf:0003,NCER,3,acf:2333/acf:0004,NCER,4,1,adjacent_graphics_slots,False
acf:2333,acf:2333/acf:0004,NCER,4,acf:2333/acf:0005,NCER,5,1,adjacent_graphics_slots,False
acf:2334,acf:2334/acf:0001,NCLR,1,acf:2334/acf:0002,NCGR,2,1,adjacent_graphics_slots,False
acf:2334,acf:2334/acf:0002,NCGR,2,acf:2334/acf:0003,NCER,3,1,adjacent_graphics_slots,False
acf:2334,acf:2334/acf:0003,NCER,3,acf:2334/acf:0004,NCER,4,1,adjacent_graphics_slots,False
acf:2334,acf:2334/acf:0004,NCER,4,acf:2334/acf:0005,NCER,5,1,adjacent_graphics_slots,False
acf:2335,acf:2335/acf:0001,NCLR,1,acf:2335/acf:0002,NCGR,2,1,adjacent_graphics_slots,False
acf:2335,acf:2335/acf:0002,NCGR,2,acf:2335/acf:0003,NCER,3,1,adjacent_graphics_slots,False
acf:2335,acf:2335/acf:0003,NCER,3,acf:2335/acf:0004,NCER,4,1,adjacent_graphics_slots,False
acf:2335,acf:2335/acf:0004,NCER,4,acf:2335/acf:0005,NCER,5,1,adjacent_graphics_slots,False
acf:2336,acf:2336/acf:0001,NCLR,1,acf:2336/acf:0002,NCGR,2,1,adjacent_graphics_slots,False
acf:2336,acf:2336/acf:0002,NCGR,2,acf:2336/acf:0003,NCER,3,1,adjacent_graphics_slots,False
acf:2336,acf:2336/acf:0003,NCER,3,acf:2336/acf:0004,NCER,4,1,adjacent_graphics_slots,False
acf:2336,acf:2336/acf:0004,NCER,4,acf:2336/acf:0005,NCER,5,1,adjacent_graphics_slots,False
acf:2337,acf:2337/acf:0001,NCLR,1,acf:2337/acf:0002,NCGR,2,1,adjacent_graphics_slots,False
acf:2337,acf:2337/acf:0002,NCGR,2,acf:2337/acf:0003,NCER,3,1,adjacent_graphics_slots,False
acf:2337,acf:2337/acf:0003,NCER,3,acf:2337/acf:0004,NCER,4,1,adjacent_graphics_slots,False
acf:2338,acf:2338/acf:0001,NCLR,1,acf:2338/acf:0002,NCGR,2,1,adjacent_graphics_slots,False
acf:2338,acf:2338/acf:0002,NCGR,2,acf:2338/acf:0003,NCER,3,1,adjacent_graphics_slots,False
acf:2338,acf:2338/acf:0003,NCER,3,acf:2338/acf:0004,NCER,4,1,adjacent_graphics_slots,False
acf:2338,acf:2338/acf:0004,NCER,4,acf:2338/acf:0005,NCER,5,1,adjacent_graphics_slots,False
acf:2339,acf:2339/acf:0001,NCLR,1,acf:2339/acf:0002,NCGR,2,1,adjacent_graphics_slots,False
acf:2339,acf:2339/acf:0002,NCGR,2,acf:2339/acf:0003,NCER,3,1,adjacent_graphics_slots,False
acf:2340,acf:2340/acf:0001,NCLR,1,acf:2340/acf:0002,NCGR,2,1,adjacent_graphics_slots,False
acf:2340,acf:2340/acf:0002,NCGR,2,acf:2340/acf:0003,NCER,3,1,adjacent_graphics_slots,False
acf:2341,acf:2341/acf:0001,NCLR,1,acf:2341/acf:0002,NCGR,2,1,adjacent_graphics_slots,False
acf:2341,acf:2341/acf:0002,NCGR,2,acf:2341/acf:0003,NCER,3,1,adjacent_graphics_slots,False
acf:2342,acf:2342/acf:0001,NCLR,1,acf:2342/acf:0002,NCGR,2,1,adjacent_graphics_slots,False
acf:2342,acf:2342/acf:0002,NCGR,2,acf:2342/acf:0003,NCER,3,1,adjacent_graphics_slots,False
acf:2342,acf:2342/acf:0003,NCER,3,acf:2342/acf:0004,NCER,4,1,adjacent_graphics_slots,False
acf:2343,acf:2343/acf:0001,NCLR,1,acf:2343/acf:0002,NCGR,2,1,adjacent_graphics_slots,False
acf:2343,acf:2343/acf:0002,NCGR,2,acf:2343/acf:0003,NCER,3,1,adjacent_graphics_slots,False
acf:2344,acf:2344/acf:0001,NCLR,1,acf:2344/acf:0002,NCGR,2,1,adjacent_graphics_slots,False
acf:2344,acf:2344/acf:0002,NCGR,2,acf:2344/acf:0003,NCER,3,1,adjacent_graphics_slots,False
acf:2344,acf:2344/acf:0003,NCER,3,acf:2344/acf:0004,NCER,4,1,adjacent_graphics_slots,False
acf:2345,acf:2345/acf:0001,NCLR,1,acf:2345/acf:0002,NCGR,2,1,adjacent_graphics_slots,False
acf:2345,acf:2345/acf:0002,NCGR,2,acf:2345/acf:0003,NCER,3,1,adjacent_graphics_slots,False
acf:2346,acf:2346/acf:0001,NCLR,1,acf:2346/acf:0002,NCGR,2,1,adjacent_graphics_slots,False
acf:2346,acf:2346/acf:0002,NCGR,2,acf:2346/acf:0003,NCER,3,1,adjacent_graphics_slots,False
acf:2347,acf:2347/acf:0001,NCLR,1,acf:2347/acf:0002,NCGR,2,1,adjacent_graphics_slots,False
acf:2347,acf:2347/acf:0002,NCGR,2,acf:2347/acf:0003,NCER,3,1,adjacent_graphics_slots,False
acf:2347,acf:2347/acf:0003,NCER,3,acf:2347/acf:0004,NCER,4,1,adjacent_graphics_slots,False
acf:2347,acf:2347/acf:0004,NCER,4,acf:2347/acf:0005,NCER,5,1,adjacent_graphics_slots,False
acf:2348,acf:2348/acf:0001,NCLR,1,acf:2348/acf:0002,NCGR,2,1,adjacent_graphics_slots,False
acf:2348,acf:2348/acf:0002,NCGR,2,acf:2348/acf:0003,NCER,3,1,adjacent_graphics_slots,False
acf:2348,acf:2348/acf:0003,NCER,3,acf:2348/acf:0004,NCER,4,1,adjacent_graphics_slots,False
acf:2348,acf:2348/acf:0004,NCER,4,acf:2348/acf:0005,NCER,5,1,adjacent_graphics_slots,False
acf:2349,acf:2349/acf:0001,NCLR,1,acf:2349/acf:0002,NCGR,2,1,adjacent_graphics_slots,False
acf:2349,acf:2349/acf:0002,NCGR,2,acf:2349/acf:0003,NCER,3,1,adjacent_graphics_slots,False
acf:2349,acf:2349/acf:0003,NCER,3,acf:2349/acf:0004,NCER,4,1,adjacent_graphics_slots,False
acf:2349,acf:2349/acf:0004,NCER,4,acf:2349/acf:0005,NCER,5,1,adjacent_graphics_slots,False
acf:2350,acf:2350/acf:0001,NCLR,1,acf:2350/acf:0002,NCGR,2,1,adjacent_graphics_slots,False
acf:2350,acf:2350/acf:0002,NCGR,2,acf:2350/acf:0003,NCER,3,1,adjacent_graphics_slots,False
acf:2350,acf:2350/acf:0003,NCER,3,acf:2350/acf:0004,NCER,4,1,adjacent_graphics_slots,False
acf:2350,acf:2350/acf:0004,NCER,4,acf:2350/acf:0005,NCER,5,1,adjacent_graphics_slots,False
acf:2351,acf:2351/acf:0001,NCLR,1,acf:2351/acf:0002,NCGR,2,1,adjacent_graphics_slots,False
acf:2351,acf:2351/acf:0002,NCGR,2,acf:2351/acf:0003,NCER,3,1,adjacent_graphics_slots,False
acf:2351,acf:2351/acf:0003,NCER,3,acf:2351/acf:0004,NCER,4,1,adjacent_graphics_slots,False
acf:2351,acf:2351/acf:0004,NCER,4,acf:2351/acf:0005,NCER,5,1,adjacent_graphics_slots,False
acf:2352,acf:2352/acf:0001,NCLR,1,acf:2352/acf:0002,NCGR,2,1,adjacent_graphics_slots,False
acf:2352,acf:2352/acf:0002,NCGR,2,acf:2352/acf:0003,NCER,3,1,adjacent_graphics_slots,False
acf:2352,acf:2352/acf:0003,NCER,3,acf:2352/acf:0004,NCER,4,1,adjacent_graphics_slots,False
acf:2352,acf:2352/acf:0004,NCER,4,acf:2352/acf:0005,NCER,5,1,adjacent_graphics_slots,False
acf:2352,acf:2352/acf:0005,NCER,5,acf:2352/acf:0006,NCER,6,1,adjacent_graphics_slots,False
acf:2352,acf:2352/acf:0006,NCER,6,acf:2352/acf:0007,NCER,7,1,adjacent_graphics_slots,False
acf:2353,acf:2353/acf:0001,NCLR,1,acf:2353/acf:0002,NCGR,2,1,adjacent_graphics_slots,False
acf:2353,acf:2353/acf:0002,NCGR,2,acf:2353/acf:0003,NCER,3,1,adjacent_graphics_slots,False
acf:2353,acf:2353/acf:0003,NCER,3,acf:2353/acf:0004,NCER,4,1,adjacent_graphics_slots,False
acf:2353,acf:2353/acf:0004,NCER,4,acf:2353/acf:0005,NCER,5,1,adjacent_graphics_slots,False
acf:2354,acf:2354/acf:0001,NCLR,1,acf:2354/acf:0002,NCGR,2,1,adjacent_graphics_slots,False
acf:2354,acf:2354/acf:0002,NCGR,2,acf:2354/acf:0003,NCER,3,1,adjacent_graphics_slots,False
acf:2355,acf:2355/acf:0001,NCLR,1,acf:2355/acf:0002,NCGR,2,1,adjacent_graphics_slots,False
acf:2355,acf:2355/acf:0002,NCGR,2,acf:2355/acf:0003,NCER,3,1,adjacent_graphics_slots,False
acf:2356,acf:2356/acf:0001,NCLR,1,acf:2356/acf:0002,NCGR,2,1,adjacent_graphics_slots,False
acf:2356,acf:2356/acf:0002,NCGR,2,acf:2356/acf:0003,NCER,3,1,adjacent_graphics_slots,False
acf:2356,acf:2356/acf:0003,NCER,3,acf:2356/acf:0004,NCER,4,1,adjacent_graphics_slots,False
acf:2357,acf:2357/acf:0001,NCLR,1,acf:2357/acf:0002,NCGR,2,1,adjacent_graphics_slots,False
acf:2357,acf:2357/acf:0002,NCGR,2,acf:2357/acf:0003,NCER,3,1,adjacent_graphics_slots,False
acf:2357,acf:2357/acf:0003,NCER,3,acf:2357/acf:0004,NCER,4,1,adjacent_graphics_slots,False
acf:2357,acf:2357/acf:0004,NCER,4,acf:2357/acf:0005,NCER,5,1,adjacent_graphics_slots,False
acf:2358,acf:2358/acf:0001,NCLR,1,acf:2358/acf:0002,NCGR,2,1,adjacent_graphics_slots,False
acf:2358,acf:2358/acf:0002,NCGR,2,acf:2358/acf:0003,NCER,3,1,adjacent_graphics_slots,False
acf:2359,acf:2359/acf:0001,NCLR,1,acf:2359/acf:0002,NCGR,2,1,adjacent_graphics_slots,False
acf:2359,acf:2359/acf:0002,NCGR,2,acf:2359/acf:0003,NCER,3,1,adjacent_graphics_slots,False
acf:2360,acf:2360/acf:0001,NCLR,1,acf:2360/acf:0002,NCGR,2,1,adjacent_graphics_slots,False
acf:2360,acf:2360/acf:0002,NCGR,2,acf:2360/acf:0003,NCER,3,1,adjacent_graphics_slots,False
acf:2361,acf:2361/acf:0001,NCLR,1,acf:2361/acf:0002,NCGR,2,1,adjacent_graphics_slots,False
acf:2361,acf:2361/acf:0002,NCGR,2,acf:2361/acf:0003,NCER,3,1,adjacent_graphics_slots,False
acf:2362,acf:2362/acf:0001,NCLR,1,acf:2362/acf:0002,NCGR,2,1,adjacent_graphics_slots,False
acf:2362,acf:2362/acf:0002,NCGR,2,acf:2362/acf:0003,NCER,3,1,adjacent_graphics_slots,False
acf:2363,acf:2363/acf:0001,NCLR,1,acf:2363/acf:0002,NCGR,2,1,adjacent_graphics_slots,False
acf:2363,acf:2363/acf:0002,NCGR,2,acf:2363/acf:0003,NCER,3,1,adjacent_graphics_slots,False
acf:2364,acf:2364/acf:0001,NCLR,1,acf:2364/acf:0002,NCGR,2,1,adjacent_graphics_slots,False
acf:2364,acf:2364/acf:0002,NCGR,2,acf:2364/acf:0003,NCER,3,1,adjacent_graphics_slots,False
acf:2365,acf:2365/acf:0001,NCLR,1,acf:2365/acf:0002,NCGR,2,1,adjacent_graphics_slots,False
acf:2365,acf:2365/acf:0002,NCGR,2,acf:2365/acf:0003,NCER,3,1,adjacent_graphics_slots,False
acf:2366,acf:2366/acf:0001,NCLR,1,acf:2366/acf:0002,NCGR,2,1,adjacent_graphics_slots,False
acf:2366,acf:2366/acf:0002,NCGR,2,acf:2366/acf:0003,NCER,3,1,adjacent_graphics_slots,False
acf:2367,acf:2367/acf:0001,NCLR,1,acf:2367/acf:0002,NCGR,2,1,adjacent_graphics_slots,False
acf:2367,acf:2367/acf:0002,NCGR,2,acf:2367/acf:0003,NCER,3,1,adjacent_graphics_slots,False
acf:2368,acf:2368/acf:0001,NCLR,1,acf:2368/acf:0002,NCGR,2,1,adjacent_graphics_slots,False
acf:2368,acf:2368/acf:0002,NCGR,2,acf:2368/acf:0003,NCER,3,1,adjacent_graphics_slots,False
acf:2369,acf:2369/acf:0001,NCLR,1,acf:2369/acf:0002,NCGR,2,1,adjacent_graphics_slots,False
acf:2369,acf:2369/acf:0002,NCGR,2,acf:2369/acf:0003,NCER,3,1,adjacent_graphics_slots,False
acf:2370,acf:2370/acf:0001,NCLR,1,acf:2370/acf:0002,NCGR,2,1,adjacent_graphics_slots,False
acf:2370,acf:2370/acf:0002,NCGR,2,acf:2370/acf:0003,NCER,3,1,adjacent_graphics_slots,False
acf:2371,acf:2371/acf:0001,NCLR,1,acf:2371/acf:0002,NCGR,2,1,adjacent_graphics_slots,False
acf:2371,acf:2371/acf:0002,NCGR,2,acf:2371/acf:0003,NCER,3,1,adjacent_graphics_slots,False
acf:2372,acf:2372/acf:0001,NCLR,1,acf:2372/acf:0002,NCGR,2,1,adjacent_graphics_slots,False
acf:2372,acf:2372/acf:0002,NCGR,2,acf:2372/acf:0003,NCER,3,1,adjacent_graphics_slots,False
acf:2373,acf:2373/acf:0001,NCLR,1,acf:2373/acf:0002,NCGR,2,1,adjacent_graphics_slots,False
acf:2373,acf:2373/acf:0002,NCGR,2,acf:2373/acf:0003,NCER,3,1,adjacent_graphics_slots,False
acf:2373,acf:2373/acf:0003,NCER,3,acf:2373/acf:0004,NCER,4,1,adjacent_graphics_slots,False
acf:2373,acf:2373/acf:0004,NCER,4,acf:2373/acf:0005,NCER,5,1,adjacent_graphics_slots,False
acf:2374,acf:2374/acf:0001,NCLR,1,acf:2374/acf:0002,NCGR,2,1,adjacent_graphics_slots,False
acf:2374,acf:2374/acf:0002,NCGR,2,acf:2374/acf:0003,NCER,3,1,adjacent_graphics_slots,False
acf:2375,acf:2375/acf:0001,NCLR,1,acf:2375/acf:0002,NCGR,2,1,adjacent_graphics_slots,False
acf:2375,acf:2375/acf:0002,NCGR,2,acf:2375/acf:0003,NCER,3,1,adjacent_graphics_slots,False
acf:2376,acf:2376/acf:0001,NCLR,1,acf:2376/acf:0002,NCGR,2,1,adjacent_graphics_slots,False
acf:2376,acf:2376/acf:0002,NCGR,2,acf:2376/acf:0003,NCER,3,1,adjacent_graphics_slots,False
acf:2377,acf:2377/acf:0001,NCLR,1,acf:2377/acf:0002,NCGR,2,1,adjacent_graphics_slots,False
acf:2377,acf:2377/acf:0002,NCGR,2,acf:2377/acf:0003,NCER,3,1,adjacent_graphics_slots,False
acf:2377,acf:2377/acf:0003,NCER,3,acf:2377/acf:0004,NCER,4,1,adjacent_graphics_slots,False
acf:2377,acf:2377/acf:0004,NCER,4,acf:2377/acf:0005,NCER,5,1,adjacent_graphics_slots,False
acf:2377,acf:2377/acf:0005,NCER,5,acf:2377/acf:0006,NCER,6,1,adjacent_graphics_slots,False
acf:2377,acf:2377/acf:0006,NCER,6,acf:2377/acf:0007,NCER,7,1,adjacent_graphics_slots,False
acf:2378,acf:2378/acf:0001,NCLR,1,acf:2378/acf:0002,NCGR,2,1,adjacent_graphics_slots,False
acf:2378,acf:2378/acf:0002,NCGR,2,acf:2378/acf:0003,NCER,3,1,adjacent_graphics_slots,False
acf:2378,acf:2378/acf:0003,NCER,3,acf:2378/acf:0004,NCER,4,1,adjacent_graphics_slots,False
acf:2378,acf:2378/acf:0004,NCER,4,acf:2378/acf:0005,NCER,5,1,adjacent_graphics_slots,False
acf:2378,acf:2378/acf:0005,NCER,5,acf:2378/acf:0006,NCER,6,1,adjacent_graphics_slots,False
acf:2378,acf:2378/acf:0006,NCER,6,acf:2378/acf:0007,NCER,7,1,adjacent_graphics_slots,False
acf:2379,acf:2379/acf:0001,NCLR,1,acf:2379/acf:0002,NCGR,2,1,adjacent_graphics_slots,False
acf:2379,acf:2379/acf:0002,NCGR,2,acf:2379/acf:0003,NCER,3,1,adjacent_graphics_slots,False
acf:2379,acf:2379/acf:0003,NCER,3,acf:2379/acf:0004,NCER,4,1,adjacent_graphics_slots,False
acf:2379,acf:2379/acf:0004,NCER,4,acf:2379/acf:0005,NCER,5,1,adjacent_graphics_slots,False
acf:2379,acf:2379/acf:0005,NCER,5,acf:2379/acf:0006,NCER,6,1,adjacent_graphics_slots,False
acf:2379,acf:2379/acf:0006,NCER,6,acf:2379/acf:0007,NCER,7,1,adjacent_graphics_slots,False
acf:2380,acf:2380/acf:0001,NCLR,1,acf:2380/acf:0002,NCGR,2,1,adjacent_graphics_slots,False
acf:2380,acf:2380/acf:0002,NCGR,2,acf:2380/acf:0003,NCER,3,1,adjacent_graphics_slots,False
acf:2380,acf:2380/acf:0003,NCER,3,acf:2380/acf:0004,NCER,4,1,adjacent_graphics_slots,False
acf:2380,acf:2380/acf:0004,NCER,4,acf:2380/acf:0005,NCER,5,1,adjacent_graphics_slots,False
acf:2381,acf:2381/acf:0001,NCLR,1,acf:2381/acf:0002,NCGR,2,1,adjacent_graphics_slots,False
acf:2381,acf:2381/acf:0002,NCGR,2,acf:2381/acf:0003,NCER,3,1,adjacent_graphics_slots,False
acf:2381,acf:2381/acf:0003,NCER,3,acf:2381/acf:0004,NCER,4,1,adjacent_graphics_slots,False
acf:2381,acf:2381/acf:0004,NCER,4,acf:2381/acf:0005,NCER,5,1,adjacent_graphics_slots,False
acf:2382,acf:2382/acf:0001,NCLR,1,acf:2382/acf:0002,NCGR,2,1,adjacent_graphics_slots,False
acf:2382,acf:2382/acf:0002,NCGR,2,acf:2382/acf:0003,NCER,3,1,adjacent_graphics_slots,False
acf:2382,acf:2382/acf:0003,NCER,3,acf:2382/acf:0004,NCER,4,1,adjacent_graphics_slots,False
acf:2382,acf:2382/acf:0004,NCER,4,acf:2382/acf:0005,NCER,5,1,adjacent_graphics_slots,False
acf:2383,acf:2383/acf:0001,NCLR,1,acf:2383/acf:0002,NCGR,2,1,adjacent_graphics_slots,False
acf:2383,acf:2383/acf:0002,NCGR,2,acf:2383/acf:0003,NCER,3,1,adjacent_graphics_slots,False
acf:2384,acf:2384/acf:0001,NCLR,1,acf:2384/acf:0002,NCGR,2,1,adjacent_graphics_slots,False
acf:2384,acf:2384/acf:0002,NCGR,2,acf:2384/acf:0003,NCER,3,1,adjacent_graphics_slots,False
acf:2384,acf:2384/acf:0003,NCER,3,acf:2384/acf:0004,NCER,4,1,adjacent_graphics_slots,False
acf:2384,acf:2384/acf:0004,NCER,4,acf:2384/acf:0005,NCER,5,1,adjacent_graphics_slots,False
acf:2385,acf:2385/acf:0001,NCLR,1,acf:2385/acf:0002,NCGR,2,1,adjacent_graphics_slots,False
acf:2385,acf:2385/acf:0002,NCGR,2,acf:2385/acf:0003,NCER,3,1,adjacent_graphics_slots,False
acf:2385,acf:2385/acf:0003,NCER,3,acf:2385/acf:0004,NCER,4,1,adjacent_graphics_slots,False
acf:2385,acf:2385/acf:0004,NCER,4,acf:2385/acf:0005,NCER,5,1,adjacent_graphics_slots,False
acf:2386,acf:2386/acf:0001,NCLR,1,acf:2386/acf:0002,NCGR,2,1,adjacent_graphics_slots,False
acf:2386,acf:2386/acf:0002,NCGR,2,acf:2386/acf:0003,NCER,3,1,adjacent_graphics_slots,False
acf:2386,acf:2386/acf:0003,NCER,3,acf:2386/acf:0004,NCER,4,1,adjacent_graphics_slots,False
acf:2386,acf:2386/acf:0004,NCER,4,acf:2386/acf:0005,NCER,5,1,adjacent_graphics_slots,False
acf:2387,acf:2387/acf:0001,NCLR,1,acf:2387/acf:0002,NCGR,2,1,adjacent_graphics_slots,False
acf:2387,acf:2387/acf:0002,NCGR,2,acf:2387/acf:0003,NCER,3,1,adjacent_graphics_slots,False
acf:2387,acf:2387/acf:0003,NCER,3,acf:2387/acf:0004,NCER,4,1,adjacent_graphics_slots,False
acf:2387,acf:2387/acf:0004,NCER,4,acf:2387/acf:0005,NCER,5,1,adjacent_graphics_slots,False
acf:2388,acf:2388/acf:0001,NCLR,1,acf:2388/acf:0002,NCGR,2,1,adjacent_graphics_slots,False
acf:2388,acf:2388/acf:0002,NCGR,2,acf:2388/acf:0003,NCER,3,1,adjacent_graphics_slots,False
acf:2388,acf:2388/acf:0003,NCER,3,acf:2388/acf:0004,NCER,4,1,adjacent_graphics_slots,False
acf:2388,acf:2388/acf:0004,NCER,4,acf:2388/acf:0005,NCER,5,1,adjacent_graphics_slots,False
acf:2389,acf:2389/acf:0001,NCLR,1,acf:2389/acf:0002,NCGR,2,1,adjacent_graphics_slots,False
acf:2389,acf:2389/acf:0002,NCGR,2,acf:2389/acf:0003,NCER,3,1,adjacent_graphics_slots,False
acf:2390,acf:2390/acf:0001,NCLR,1,acf:2390/acf:0002,NCGR,2,1,adjacent_graphics_slots,False
acf:2390,acf:2390/acf:0002,NCGR,2,acf:2390/acf:0003,NCER,3,1,adjacent_graphics_slots,False
acf:2391,acf:2391/acf:0001,NCLR,1,acf:2391/acf:0002,NCGR,2,1,adjacent_graphics_slots,False
acf:2391,acf:2391/acf:0002,NCGR,2,acf:2391/acf:0003,NCER,3,1,adjacent_graphics_slots,False
acf:2391,acf:2391/acf:0003,NCER,3,acf:2391/acf:0004,NCER,4,1,adjacent_graphics_slots,False
acf:2392,acf:2392/acf:0001,NCLR,1,acf:2392/acf:0002,NCGR,2,1,adjacent_graphics_slots,False
acf:2392,acf:2392/acf:0002,NCGR,2,acf:2392/acf:0003,NCER,3,1,adjacent_graphics_slots,False
acf:2393,acf:2393/acf:0001,NCLR,1,acf:2393/acf:0002,NCGR,2,1,adjacent_graphics_slots,False
acf:2393,acf:2393/acf:0002,NCGR,2,acf:2393/acf:0003,NCER,3,1,adjacent_graphics_slots,False
acf:2394,acf:2394/acf:0001,NCLR,1,acf:2394/acf:0002,NCGR,2,1,adjacent_graphics_slots,False
acf:2394,acf:2394/acf:0002,NCGR,2,acf:2394/acf:0003,NCER,3,1,adjacent_graphics_slots,False
acf:2395,acf:2395/acf:0001,NCLR,1,acf:2395/acf:0002,NCGR,2,1,adjacent_graphics_slots,False
acf:2395,acf:2395/acf:0002,NCGR,2,acf:2395/acf:0003,NCER,3,1,adjacent_graphics_slots,False
acf:2396,acf:2396/acf:0001,NCLR,1,acf:2396/acf:0002,NCGR,2,1,adjacent_graphics_slots,False
acf:2396,acf:2396/acf:0002,NCGR,2,acf:2396/acf:0003,NCER,3,1,adjacent_graphics_slots,False
acf:2396,acf:2396/acf:0003,NCER,3,acf:2396/acf:0004,NCER,4,1,adjacent_graphics_slots,False
acf:2397,acf:2397/acf:0001,NCLR,1,acf:2397/acf:0002,NCGR,2,1,adjacent_graphics_slots,False
acf:2397,acf:2397/acf:0002,NCGR,2,acf:2397/acf:0003,NCER,3,1,adjacent_graphics_slots,False
acf:2397,acf:2397/acf:0003,NCER,3,acf:2397/acf:0004,NCER,4,1,adjacent_graphics_slots,False
acf:2398,acf:2398/acf:0001,NCLR,1,acf:2398/acf:0002,NCGR,2,1,adjacent_graphics_slots,False
acf:2398,acf:2398/acf:0002,NCGR,2,acf:2398/acf:0003,NCER,3,1,adjacent_graphics_slots,False
acf:2398,acf:2398/acf:0003,NCER,3,acf:2398/acf:0004,NCER,4,1,adjacent_graphics_slots,False
acf:2398,acf:2398/acf:0004,NCER,4,acf:2398/acf:0005,NCER,5,1,adjacent_graphics_slots,False
acf:2399,acf:2399/acf:0001,NCLR,1,acf:2399/acf:0002,NCGR,2,1,adjacent_graphics_slots,False
acf:2399,acf:2399/acf:0002,NCGR,2,acf:2399/acf:0003,NCER,3,1,adjacent_graphics_slots,False
acf:2400,acf:2400/acf:0001,NCLR,1,acf:2400/acf:0002,NCGR,2,1,adjacent_graphics_slots,False
acf:2400,acf:2400/acf:0002,NCGR,2,acf:2400/acf:0003,NCER,3,1,adjacent_graphics_slots,False
acf:2401,acf:2401/acf:0001,NCLR,1,acf:2401/acf:0002,NCGR,2,1,adjacent_graphics_slots,False
acf:2401,acf:2401/acf:0002,NCGR,2,acf:2401/acf:0003,NCER,3,1,adjacent_graphics_slots,False
acf:2402,acf:2402/acf:0001,NCLR,1,acf:2402/acf:0002,NCGR,2,1,adjacent_graphics_slots,False
acf:2402,acf:2402/acf:0002,NCGR,2,acf:2402/acf:0003,NCER,3,1,adjacent_graphics_slots,False
acf:2403,acf:2403/acf:0001,NCLR,1,acf:2403/acf:0002,NCGR,2,1,adjacent_graphics_slots,False
acf:2403,acf:2403/acf:0002,NCGR,2,acf:2403/acf:0003,NCER,3,1,adjacent_graphics_slots,False
acf:2404,acf:2404/acf:0001,NCLR,1,acf:2404/acf:0002,NCGR,2,1,adjacent_graphics_slots,False
acf:2404,acf:2404/acf:0002,NCGR,2,acf:2404/acf:0003,NCER,3,1,adjacent_graphics_slots,False
acf:2405,acf:2405/acf:0001,NCLR,1,acf:2405/acf:0002,NCGR,2,1,adjacent_graphics_slots,False
acf:2405,acf:2405/acf:0002,NCGR,2,acf:2405/acf:0003,NCER,3,1,adjacent_graphics_slots,False
acf:2405,acf:2405/acf:0003,NCER,3,acf:2405/acf:0004,NCER,4,1,adjacent_graphics_slots,False
acf:2405,acf:2405/acf:0004,NCER,4,acf:2405/acf:0005,NCER,5,1,adjacent_graphics_slots,False
acf:2405,acf:2405/acf:0005,NCER,5,acf:2405/acf:0006,NCER,6,1,adjacent_graphics_slots,False
acf:2405,acf:2405/acf:0006,NCER,6,acf:2405/acf:0007,NCER,7,1,adjacent_graphics_slots,False
acf:2406,acf:2406/acf:0001,NCLR,1,acf:2406/acf:0002,NCGR,2,1,adjacent_graphics_slots,False
acf:2406,acf:2406/acf:0002,NCGR,2,acf:2406/acf:0003,NCER,3,1,adjacent_graphics_slots,False
acf:2407,acf:2407/acf:0001,NCLR,1,acf:2407/acf:0002,NCGR,2,1,adjacent_graphics_slots,False
acf:2407,acf:2407/acf:0002,NCGR,2,acf:2407/acf:0003,NCER,3,1,adjacent_graphics_slots,False
acf:2407,acf:2407/acf:0003,NCER,3,acf:2407/acf:0004,NCER,4,1,adjacent_graphics_slots,False
acf:2407,acf:2407/acf:0004,NCER,4,acf:2407/acf:0005,NCER,5,1,adjacent_graphics_slots,False
acf:2407,acf:2407/acf:0005,NCER,5,acf:2407/acf:0006,NCER,6,1,adjacent_graphics_slots,False
acf:2407,acf:2407/acf:0006,NCER,6,acf:2407/acf:0007,NCER,7,1,adjacent_graphics_slots,False
acf:2408,acf:2408/acf:0001,NCLR,1,acf:2408/acf:0002,NCGR,2,1,adjacent_graphics_slots,False
acf:2408,acf:2408/acf:0002,NCGR,2,acf:2408/acf:0003,NCER,3,1,adjacent_graphics_slots,False
acf:2408,acf:2408/acf:0003,NCER,3,acf:2408/acf:0004,NCER,4,1,adjacent_graphics_slots,False
acf:2408,acf:2408/acf:0004,NCER,4,acf:2408/acf:0005,NCER,5,1,adjacent_graphics_slots,False
acf:2408,acf:2408/acf:0005,NCER,5,acf:2408/acf:0006,NCER,6,1,adjacent_graphics_slots,False
acf:2408,acf:2408/acf:0006,NCER,6,acf:2408/acf:0007,NCER,7,1,adjacent_graphics_slots,False
acf:2409,acf:2409/acf:0001,NCLR,1,acf:2409/acf:0002,NCGR,2,1,adjacent_graphics_slots,False
acf:2409,acf:2409/acf:0002,NCGR,2,acf:2409/acf:0003,NCER,3,1,adjacent_graphics_slots,False
acf:2409,acf:2409/acf:0003,NCER,3,acf:2409/acf:0004,NCER,4,1,adjacent_graphics_slots,False
acf:2409,acf:2409/acf:0004,NCER,4,acf:2409/acf:0005,NCER,5,1,adjacent_graphics_slots,False
acf:2410,acf:2410/acf:0001,NCLR,1,acf:2410/acf:0002,NCGR,2,1,adjacent_graphics_slots,False
acf:2410,acf:2410/acf:0002,NCGR,2,acf:2410/acf:0003,NCER,3,1,adjacent_graphics_slots,False
acf:2411,acf:2411/acf:0001,NCLR,1,acf:2411/acf:0002,NCGR,2,1,adjacent_graphics_slots,False
acf:2411,acf:2411/acf:0002,NCGR,2,acf:2411/acf:0003,NCER,3,1,adjacent_graphics_slots,False
acf:2412,acf:2412/acf:0001,NCLR,1,acf:2412/acf:0002,NCGR,2,1,adjacent_graphics_slots,False
acf:2412,acf:2412/acf:0002,NCGR,2,acf:2412/acf:0003,NCER,3,1,adjacent_graphics_slots,False
acf:2412,acf:2412/acf:0003,NCER,3,acf:2412/acf:0004,NCER,4,1,adjacent_graphics_slots,False
acf:2412,acf:2412/acf:0004,NCER,4,acf:2412/acf:0005,NCER,5,1,adjacent_graphics_slots,False
acf:2413,acf:2413/acf:0001,NCLR,1,acf:2413/acf:0002,NCGR,2,1,adjacent_graphics_slots,False
acf:2413,acf:2413/acf:0002,NCGR,2,acf:2413/acf:0003,NCER,3,1,adjacent_graphics_slots,False
acf:2414,acf:2414/acf:0001,NCLR,1,acf:2414/acf:0002,NCGR,2,1,adjacent_graphics_slots,False
acf:2414,acf:2414/acf:0002,NCGR,2,acf:2414/acf:0003,NCER,3,1,adjacent_graphics_slots,False
acf:2414,acf:2414/acf:0003,NCER,3,acf:2414/acf:0004,NCER,4,1,adjacent_graphics_slots,False
acf:2414,acf:2414/acf:0004,NCER,4,acf:2414/acf:0005,NCER,5,1,adjacent_graphics_slots,False
acf:2415,acf:2415/acf:0001,NCLR,1,acf:2415/acf:0002,NCGR,2,1,adjacent_graphics_slots,False
acf:2415,acf:2415/acf:0002,NCGR,2,acf:2415/acf:0003,NCER,3,1,adjacent_graphics_slots,False
acf:2415,acf:2415/acf:0003,NCER,3,acf:2415/acf:0004,NCER,4,1,adjacent_graphics_slots,False
acf:2415,acf:2415/acf:0004,NCER,4,acf:2415/acf:0005,NCER,5,1,adjacent_graphics_slots,False
acf:2416,acf:2416/acf:0001,NCLR,1,acf:2416/acf:0002,NCGR,2,1,adjacent_graphics_slots,False
acf:2416,acf:2416/acf:0002,NCGR,2,acf:2416/acf:0003,NCER,3,1,adjacent_graphics_slots,False
acf:2416,acf:2416/acf:0003,NCER,3,acf:2416/acf:0004,NCER,4,1,adjacent_graphics_slots,False
acf:2416,acf:2416/acf:0004,NCER,4,acf:2416/acf:0005,NCER,5,1,adjacent_graphics_slots,False
acf:2417,acf:2417/acf:0001,NCLR,1,acf:2417/acf:0002,NCGR,2,1,adjacent_graphics_slots,False
acf:2417,acf:2417/acf:0002,NCGR,2,acf:2417/acf:0003,NCER,3,1,adjacent_graphics_slots,False
acf:2417,acf:2417/acf:0003,NCER,3,acf:2417/acf:0004,NCER,4,1,adjacent_graphics_slots,False
acf:2417,acf:2417/acf:0004,NCER,4,acf:2417/acf:0005,NCER,5,1,adjacent_graphics_slots,False
acf:2418,acf:2418/acf:0001,NCLR,1,acf:2418/acf:0002,NCGR,2,1,adjacent_graphics_slots,False
acf:2418,acf:2418/acf:0002,NCGR,2,acf:2418/acf:0003,NCER,3,1,adjacent_graphics_slots,False
acf:2418,acf:2418/acf:0003,NCER,3,acf:2418/acf:0004,NCER,4,1,adjacent_graphics_slots,False
acf:2419,acf:2419/acf:0001,NCLR,1,acf:2419/acf:0002,NCGR,2,1,adjacent_graphics_slots,False
acf:2419,acf:2419/acf:0002,NCGR,2,acf:2419/acf:0003,NCER,3,1,adjacent_graphics_slots,False
acf:2420,acf:2420/acf:0001,NCLR,1,acf:2420/acf:0002,NCGR,2,1,adjacent_graphics_slots,False
acf:2420,acf:2420/acf:0002,NCGR,2,acf:2420/acf:0003,NCER,3,1,adjacent_graphics_slots,False
acf:2420,acf:2420/acf:0003,NCER,3,acf:2420/acf:0004,NCER,4,1,adjacent_graphics_slots,False
acf:2421,acf:2421/acf:0001,NCLR,1,acf:2421/acf:0002,NCGR,2,1,adjacent_graphics_slots,False
acf:2421,acf:2421/acf:0002,NCGR,2,acf:2421/acf:0003,NCER,3,1,adjacent_graphics_slots,False
acf:2422,acf:2422/acf:0001,NCLR,1,acf:2422/acf:0002,NCGR,2,1,adjacent_graphics_slots,False
acf:2422,acf:2422/acf:0002,NCGR,2,acf:2422/acf:0003,NCER,3,1,adjacent_graphics_slots,False
acf:2423,acf:2423/acf:0001,NCLR,1,acf:2423/acf:0002,NCGR,2,1,adjacent_graphics_slots,False
acf:2423,acf:2423/acf:0002,NCGR,2,acf:2423/acf:0003,NCER,3,1,adjacent_graphics_slots,False
acf:2424,acf:2424/acf:0001,NCLR,1,acf:2424/acf:0002,NCGR,2,1,adjacent_graphics_slots,False
acf:2424,acf:2424/acf:0002,NCGR,2,acf:2424/acf:0003,NCER,3,1,adjacent_graphics_slots,False
acf:2425,acf:2425/acf:0001,NCLR,1,acf:2425/acf:0002,NCGR,2,1,adjacent_graphics_slots,False
acf:2425,acf:2425/acf:0002,NCGR,2,acf:2425/acf:0003,NCER,3,1,adjacent_graphics_slots,False
acf:2426,acf:2426/acf:0001,NCLR,1,acf:2426/acf:0002,NCGR,2,1,adjacent_graphics_slots,False
acf:2426,acf:2426/acf:0002,NCGR,2,acf:2426/acf:0003,NCER,3,1,adjacent_graphics_slots,False
acf:2426,acf:2426/acf:0003,NCER,3,acf:2426/acf:0004,NCER,4,1,adjacent_graphics_slots,False
acf:2426,acf:2426/acf:0004,NCER,4,acf:2426/acf:0005,NCER,5,1,adjacent_graphics_slots,False
acf:2427,acf:2427/acf:0001,NCLR,1,acf:2427/acf:0002,NCGR,2,1,adjacent_graphics_slots,False
acf:2427,acf:2427/acf:0002,NCGR,2,acf:2427/acf:0003,NCER,3,1,adjacent_graphics_slots,False
acf:2428,acf:2428/acf:0001,NCLR,1,acf:2428/acf:0002,NCGR,2,1,adjacent_graphics_slots,False
acf:2428,acf:2428/acf:0002,NCGR,2,acf:2428/acf:0003,NCER,3,1,adjacent_graphics_slots,False
acf:2429,acf:2429/acf:0001,NCLR,1,acf:2429/acf:0002,NCGR,2,1,adjacent_graphics_slots,False
acf:2429,acf:2429/acf:0002,NCGR,2,acf:2429/acf:0003,NCER,3,1,adjacent_graphics_slots,False
acf:2429,acf:2429/acf:0003,NCER,3,acf:2429/acf:0004,NCER,4,1,adjacent_graphics_slots,False
acf:2429,acf:2429/acf:0004,NCER,4,acf:2429/acf:0005,NCER,5,1,adjacent_graphics_slots,False
acf:2430,acf:2430/acf:0001,NCLR,1,acf:2430/acf:0002,NCGR,2,1,adjacent_graphics_slots,False
acf:2430,acf:2430/acf:0002,NCGR,2,acf:2430/acf:0003,NCER,3,1,adjacent_graphics_slots,False
acf:2430,acf:2430/acf:0003,NCER,3,acf:2430/acf:0004,NCER,4,1,adjacent_graphics_slots,False
acf:2430,acf:2430/acf:0004,NCER,4,acf:2430/acf:0005,NCER,5,1,adjacent_graphics_slots,False
acf:2430,acf:2430/acf:0005,NCER,5,acf:2430/acf:0006,NCER,6,1,adjacent_graphics_slots,False
acf:2431,acf:2431/acf:0001,NCLR,1,acf:2431/acf:0002,NCGR,2,1,adjacent_graphics_slots,False
acf:2431,acf:2431/acf:0002,NCGR,2,acf:2431/acf:0003,NCER,3,1,adjacent_graphics_slots,False
acf:2432,acf:2432/acf:0001,NCLR,1,acf:2432/acf:0002,NCGR,2,1,adjacent_graphics_slots,False
acf:2432,acf:2432/acf:0002,NCGR,2,acf:2432/acf:0003,NCER,3,1,adjacent_graphics_slots,False
acf:2432,acf:2432/acf:0003,NCER,3,acf:2432/acf:0004,NCER,4,1,adjacent_graphics_slots,False
acf:2432,acf:2432/acf:0004,NCER,4,acf:2432/acf:0005,NCER,5,1,adjacent_graphics_slots,False
acf:2433,acf:2433/acf:0001,NCLR,1,acf:2433/acf:0002,NCGR,2,1,adjacent_graphics_slots,False
acf:2433,acf:2433/acf:0002,NCGR,2,acf:2433/acf:0003,NCER,3,1,adjacent_graphics_slots,False
acf:2433,acf:2433/acf:0003,NCER,3,acf:2433/acf:0004,NCER,4,1,adjacent_graphics_slots,False
acf:2434,acf:2434/acf:0001,NCLR,1,acf:2434/acf:0002,NCGR,2,1,adjacent_graphics_slots,False
acf:2434,acf:2434/acf:0002,NCGR,2,acf:2434/acf:0003,NCER,3,1,adjacent_graphics_slots,False
acf:2434,acf:2434/acf:0003,NCER,3,acf:2434/acf:0004,NCER,4,1,adjacent_graphics_slots,False
acf:2434,acf:2434/acf:0004,NCER,4,acf:2434/acf:0005,NCER,5,1,adjacent_graphics_slots,False
acf:2435,acf:2435/acf:0001,NCLR,1,acf:2435/acf:0002,NCGR,2,1,adjacent_graphics_slots,False
acf:2435,acf:2435/acf:0002,NCGR,2,acf:2435/acf:0003,NCER,3,1,adjacent_graphics_slots,False
acf:2435,acf:2435/acf:0003,NCER,3,acf:2435/acf:0004,NCER,4,1,adjacent_graphics_slots,False
acf:2436,acf:2436/acf:0001,NCLR,1,acf:2436/acf:0002,NCGR,2,1,adjacent_graphics_slots,False
acf:2436,acf:2436/acf:0002,NCGR,2,acf:2436/acf:0003,NCER,3,1,adjacent_graphics_slots,False
acf:2436,acf:2436/acf:0003,NCER,3,acf:2436/acf:0004,NCER,4,1,adjacent_graphics_slots,False
acf:2436,acf:2436/acf:0004,NCER,4,acf:2436/acf:0005,NCER,5,1,adjacent_graphics_slots,False
acf:2437,acf:2437/acf:0001,NCLR,1,acf:2437/acf:0002,NCGR,2,1,adjacent_graphics_slots,False
acf:2437,acf:2437/acf:0002,NCGR,2,acf:2437/acf:0003,NCER,3,1,adjacent_graphics_slots,False
acf:2437,acf:2437/acf:0003,NCER,3,acf:2437/acf:0004,NCER,4,1,adjacent_graphics_slots,False
acf:2437,acf:2437/acf:0004,NCER,4,acf:2437/acf:0005,NCER,5,1,adjacent_graphics_slots,False
acf:2438,acf:2438/acf:0001,NCLR,1,acf:2438/acf:0002,NCGR,2,1,adjacent_graphics_slots,False
acf:2438,acf:2438/acf:0002,NCGR,2,acf:2438/acf:0003,NCER,3,1,adjacent_graphics_slots,False
acf:2438,acf:2438/acf:0003,NCER,3,acf:2438/acf:0004,NCER,4,1,adjacent_graphics_slots,False
acf:2438,acf:2438/acf:0004,NCER,4,acf:2438/acf:0005,NCER,5,1,adjacent_graphics_slots,False
acf:2439,acf:2439/acf:0001,NCLR,1,acf:2439/acf:0002,NCGR,2,1,adjacent_graphics_slots,False
acf:2439,acf:2439/acf:0002,NCGR,2,acf:2439/acf:0003,NCER,3,1,adjacent_graphics_slots,False
acf:2439,acf:2439/acf:0003,NCER,3,acf:2439/acf:0004,NCER,4,1,adjacent_graphics_slots,False
acf:2439,acf:2439/acf:0004,NCER,4,acf:2439/acf:0005,NCER,5,1,adjacent_graphics_slots,False
acf:2440,acf:2440/acf:0001,NCLR,1,acf:2440/acf:0002,NCGR,2,1,adjacent_graphics_slots,False
acf:2440,acf:2440/acf:0002,NCGR,2,acf:2440/acf:0003,NCER,3,1,adjacent_graphics_slots,False
acf:2440,acf:2440/acf:0003,NCER,3,acf:2440/acf:0004,NCER,4,1,adjacent_graphics_slots,False
acf:2440,acf:2440/acf:0004,NCER,4,acf:2440/acf:0005,NCER,5,1,adjacent_graphics_slots,False
acf:2441,acf:2441/acf:0001,NCLR,1,acf:2441/acf:0002,NCGR,2,1,adjacent_graphics_slots,False
acf:2441,acf:2441/acf:0002,NCGR,2,acf:2441/acf:0003,NCER,3,1,adjacent_graphics_slots,False
acf:2441,acf:2441/acf:0003,NCER,3,acf:2441/acf:0004,NCER,4,1,adjacent_graphics_slots,False
acf:2441,acf:2441/acf:0004,NCER,4,acf:2441/acf:0005,NCER,5,1,adjacent_graphics_slots,False
acf:2442,acf:2442/acf:0001,NCLR,1,acf:2442/acf:0002,NCGR,2,1,adjacent_graphics_slots,False
acf:2442,acf:2442/acf:0002,NCGR,2,acf:2442/acf:0003,NCER,3,1,adjacent_graphics_slots,False
acf:2442,acf:2442/acf:0003,NCER,3,acf:2442/acf:0004,NCER,4,1,adjacent_graphics_slots,False
acf:2442,acf:2442/acf:0004,NCER,4,acf:2442/acf:0005,NCER,5,1,adjacent_graphics_slots,False
acf:2443,acf:2443/acf:0001,NCLR,1,acf:2443/acf:0002,NCGR,2,1,adjacent_graphics_slots,False
acf:2443,acf:2443/acf:0002,NCGR,2,acf:2443/acf:0003,NCER,3,1,adjacent_graphics_slots,False
acf:2443,acf:2443/acf:0003,NCER,3,acf:2443/acf:0004,NCER,4,1,adjacent_graphics_slots,False
acf:2443,acf:2443/acf:0004,NCER,4,acf:2443/acf:0005,NCER,5,1,adjacent_graphics_slots,False
acf:2444,acf:2444/acf:0001,NCLR,1,acf:2444/acf:0002,NCGR,2,1,adjacent_graphics_slots,False
acf:2444,acf:2444/acf:0002,NCGR,2,acf:2444/acf:0003,NCER,3,1,adjacent_graphics_slots,False
acf:2444,acf:2444/acf:0003,NCER,3,acf:2444/acf:0004,NCER,4,1,adjacent_graphics_slots,False
acf:2445,acf:2445/acf:0001,NCLR,1,acf:2445/acf:0002,NCGR,2,1,adjacent_graphics_slots,False
acf:2445,acf:2445/acf:0002,NCGR,2,acf:2445/acf:0003,NCER,3,1,adjacent_graphics_slots,False
acf:2446,acf:2446/acf:0001,NCLR,1,acf:2446/acf:0002,NCGR,2,1,adjacent_graphics_slots,False
acf:2446,acf:2446/acf:0002,NCGR,2,acf:2446/acf:0003,NCER,3,1,adjacent_graphics_slots,False
acf:2447,acf:2447/acf:0001,NCLR,1,acf:2447/acf:0002,NCGR,2,1,adjacent_graphics_slots,False
acf:2447,acf:2447/acf:0002,NCGR,2,acf:2447/acf:0003,NCER,3,1,adjacent_graphics_slots,False
acf:2448,acf:2448/acf:0001,NCLR,1,acf:2448/acf:0002,NCGR,2,1,adjacent_graphics_slots,False
acf:2448,acf:2448/acf:0002,NCGR,2,acf:2448/acf:0003,NCER,3,1,adjacent_graphics_slots,False
acf:2449,acf:2449/acf:0001,NCLR,1,acf:2449/acf:0002,NCGR,2,1,adjacent_graphics_slots,False
acf:2449,acf:2449/acf:0002,NCGR,2,acf:2449/acf:0003,NCER,3,1,adjacent_graphics_slots,False
acf:2450,acf:2450/acf:0001,NCLR,1,acf:2450/acf:0002,NCGR,2,1,adjacent_graphics_slots,False
acf:2450,acf:2450/acf:0002,NCGR,2,acf:2450/acf:0003,NCER,3,1,adjacent_graphics_slots,False
acf:2451,acf:2451/acf:0001,NCLR,1,acf:2451/acf:0002,NCGR,2,1,adjacent_graphics_slots,False
acf:2451,acf:2451/acf:0002,NCGR,2,acf:2451/acf:0003,NCER,3,1,adjacent_graphics_slots,False
acf:2452,acf:2452/acf:0001,NCLR,1,acf:2452/acf:0002,NCGR,2,1,adjacent_graphics_slots,False
acf:2452,acf:2452/acf:0002,NCGR,2,acf:2452/acf:0003,NCER,3,1,adjacent_graphics_slots,False
acf:2452,acf:2452/acf:0003,NCER,3,acf:2452/acf:0004,NCER,4,1,adjacent_graphics_slots,False
acf:2452,acf:2452/acf:0004,NCER,4,acf:2452/acf:0005,NCER,5,1,adjacent_graphics_slots,False
acf:2453,acf:2453/acf:0001,NCLR,1,acf:2453/acf:0002,NCGR,2,1,adjacent_graphics_slots,False
acf:2453,acf:2453/acf:0002,NCGR,2,acf:2453/acf:0003,NCER,3,1,adjacent_graphics_slots,False
acf:2454,acf:2454/acf:0001,NCLR,1,acf:2454/acf:0002,NCGR,2,1,adjacent_graphics_slots,False
acf:2454,acf:2454/acf:0002,NCGR,2,acf:2454/acf:0003,NCER,3,1,adjacent_graphics_slots,False
acf:2455,acf:2455/acf:0001,NCLR,1,acf:2455/acf:0002,NCGR,2,1,adjacent_graphics_slots,False
acf:2455,acf:2455/acf:0002,NCGR,2,acf:2455/acf:0003,NCER,3,1,adjacent_graphics_slots,False
acf:2456,acf:2456/acf:0001,NCLR,1,acf:2456/acf:0002,NCGR,2,1,adjacent_graphics_slots,False
acf:2456,acf:2456/acf:0002,NCGR,2,acf:2456/acf:0003,NCER,3,1,adjacent_graphics_slots,False
acf:2457,acf:2457/acf:0001,NCLR,1,acf:2457/acf:0002,NCGR,2,1,adjacent_graphics_slots,False
acf:2457,acf:2457/acf:0002,NCGR,2,acf:2457/acf:0003,NCER,3,1,adjacent_graphics_slots,False
acf:2458,acf:2458/acf:0001,NCLR,1,acf:2458/acf:0002,NCGR,2,1,adjacent_graphics_slots,False
acf:2458,acf:2458/acf:0002,NCGR,2,acf:2458/acf:0003,NCER,3,1,adjacent_graphics_slots,False
acf:2459,acf:2459/acf:0001,NCLR,1,acf:2459/acf:0002,NCGR,2,1,adjacent_graphics_slots,False
acf:2459,acf:2459/acf:0002,NCGR,2,acf:2459/acf:0003,NCER,3,1,adjacent_graphics_slots,False
acf:2460,acf:2460/acf:0001,NCLR,1,acf:2460/acf:0002,NCGR,2,1,adjacent_graphics_slots,False
acf:2460,acf:2460/acf:0002,NCGR,2,acf:2460/acf:0003,NCER,3,1,adjacent_graphics_slots,False
acf:2461,acf:2461/acf:0001,NCLR,1,acf:2461/acf:0002,NCGR,2,1,adjacent_graphics_slots,False
acf:2461,acf:2461/acf:0002,NCGR,2,acf:2461/acf:0003,NCGR,3,1,adjacent_graphics_slots,False
acf:2461,acf:2461/acf:0003,NCGR,3,acf:2461/acf:0004,NCER,4,1,adjacent_graphics_slots,False
acf:2461,acf:2461/acf:0004,NCER,4,acf:2461/acf:0005,NCER,5,1,adjacent_graphics_slots,False
acf:2461,acf:2461/acf:0005,NCER,5,acf:2461/acf:0006,NCER,6,1,adjacent_graphics_slots,False
acf:2461,acf:2461/acf:0006,NCER,6,acf:2461/acf:0007,NCER,7,1,adjacent_graphics_slots,False
acf:2461,acf:2461/acf:0007,NCER,7,acf:2461/acf:0008,NCER,8,1,adjacent_graphics_slots,False
acf:2461,acf:2461/acf:0008,NCER,8,acf:2461/acf:0009,NCER,9,1,adjacent_graphics_slots,False
acf:2461,acf:2461/acf:0009,NCER,9,acf:2461/acf:0010,NCER,10,1,adjacent_graphics_slots,False
acf:2461,acf:2461/acf:0010,NCER,10,acf:2461/acf:0011,NCER,11,1,adjacent_graphics_slots,False
acf:2461,acf:2461/acf:0011,NCER,11,acf:2461/acf:0012,NCER,12,1,adjacent_graphics_slots,False
acf:2461,acf:2461/acf:0012,NCER,12,acf:2461/acf:0013,NCER,13,1,adjacent_graphics_slots,False
acf:2461,acf:2461/acf:0013,NCER,13,acf:2461/acf:0014,NCER,14,1,adjacent_graphics_slots,False
acf:2461,acf:2461/acf:0014,NCER,14,acf:2461/acf:0015,NCER,15,1,adjacent_graphics_slots,False
acf:2461,acf:2461/acf:0015,NCER,15,acf:2461/acf:0016,NCER,16,1,adjacent_graphics_slots,False
acf:2461,acf:2461/acf:0016,NCER,16,acf:2461/acf:0017,NCER,17,1,adjacent_graphics_slots,False
acf:2461,acf:2461/acf:0017,NCER,17,acf:2461/acf:0018,NCER,18,1,adjacent_graphics_slots,False
acf:2461,acf:2461/acf:0018,NCER,18,acf:2461/acf:0019,NCER,19,1,adjacent_graphics_slots,False
acf:2461,acf:2461/acf:0019,NCER,19,acf:2461/acf:0020,NCER,20,1,adjacent_graphics_slots,False
acf:2462,acf:2462/acf:0001,NCLR,1,acf:2462/acf:0002,NCGR,2,1,adjacent_graphics_slots,False
acf:2462,acf:2462/acf:0002,NCGR,2,acf:2462/acf:0003,NCGR,3,1,adjacent_graphics_slots,False
acf:2462,acf:2462/acf:0003,NCGR,3,acf:2462/acf:0004,NCER,4,1,adjacent_graphics_slots,False
acf:2462,acf:2462/acf:0004,NCER,4,acf:2462/acf:0005,NCER,5,1,adjacent_graphics_slots,False
acf:2462,acf:2462/acf:0005,NCER,5,acf:2462/acf:0006,NCER,6,1,adjacent_graphics_slots,False
acf:2462,acf:2462/acf:0006,NCER,6,acf:2462/acf:0007,NCER,7,1,adjacent_graphics_slots,False
acf:2462,acf:2462/acf:0007,NCER,7,acf:2462/acf:0008,NCER,8,1,adjacent_graphics_slots,False
acf:2462,acf:2462/acf:0008,NCER,8,acf:2462/acf:0009,NCER,9,1,adjacent_graphics_slots,False
acf:2462,acf:2462/acf:0009,NCER,9,acf:2462/acf:0010,NCER,10,1,adjacent_graphics_slots,False
acf:2462,acf:2462/acf:0010,NCER,10,acf:2462/acf:0011,NCER,11,1,adjacent_graphics_slots,False
acf:2463,acf:2463/acf:0001,NCLR,1,acf:2463/acf:0002,NCGR,2,1,adjacent_graphics_slots,False
acf:2463,acf:2463/acf:0002,NCGR,2,acf:2463/acf:0003,NCER,3,1,adjacent_graphics_slots,False
acf:2464,acf:2464/acf:0001,NCLR,1,acf:2464/acf:0002,NCGR,2,1,adjacent_graphics_slots,False
acf:2464,acf:2464/acf:0002,NCGR,2,acf:2464/acf:0003,NCER,3,1,adjacent_graphics_slots,False
acf:2465,acf:2465/acf:0001,NCLR,1,acf:2465/acf:0002,NCGR,2,1,adjacent_graphics_slots,False
acf:2465,acf:2465/acf:0002,NCGR,2,acf:2465/acf:0003,NCER,3,1,adjacent_graphics_slots,False
acf:2465,acf:2465/acf:0003,NCER,3,acf:2465/acf:0004,NCER,4,1,adjacent_graphics_slots,False
acf:2466,acf:2466/acf:0001,NCLR,1,acf:2466/acf:0002,NCGR,2,1,adjacent_graphics_slots,False
acf:2466,acf:2466/acf:0002,NCGR,2,acf:2466/acf:0003,NCER,3,1,adjacent_graphics_slots,False
acf:2466,acf:2466/acf:0003,NCER,3,acf:2466/acf:0004,NCER,4,1,adjacent_graphics_slots,False
acf:2467,acf:2467/acf:0001,NCLR,1,acf:2467/acf:0002,NCGR,2,1,adjacent_graphics_slots,False
acf:2467,acf:2467/acf:0002,NCGR,2,acf:2467/acf:0003,NCER,3,1,adjacent_graphics_slots,False
acf:2467,acf:2467/acf:0003,NCER,3,acf:2467/acf:0004,NCER,4,1,adjacent_graphics_slots,False
acf:2468,acf:2468/acf:0001,NCLR,1,acf:2468/acf:0002,NCGR,2,1,adjacent_graphics_slots,False
acf:2468,acf:2468/acf:0002,NCGR,2,acf:2468/acf:0003,NCER,3,1,adjacent_graphics_slots,False
acf:2468,acf:2468/acf:0003,NCER,3,acf:2468/acf:0004,NCER,4,1,adjacent_graphics_slots,False
acf:2469,acf:2469/acf:0001,NCLR,1,acf:2469/acf:0002,NCGR,2,1,adjacent_graphics_slots,False
acf:2469,acf:2469/acf:0002,NCGR,2,acf:2469/acf:0003,NCER,3,1,adjacent_graphics_slots,False
acf:2469,acf:2469/acf:0003,NCER,3,acf:2469/acf:0004,NCER,4,1,adjacent_graphics_slots,False
acf:2470,acf:2470/acf:0001,NCLR,1,acf:2470/acf:0002,NCGR,2,1,adjacent_graphics_slots,False
acf:2470,acf:2470/acf:0002,NCGR,2,acf:2470/acf:0003,NCER,3,1,adjacent_graphics_slots,False
acf:2470,acf:2470/acf:0003,NCER,3,acf:2470/acf:0004,NCER,4,1,adjacent_graphics_slots,False
acf:2471,acf:2471/acf:0001,NCLR,1,acf:2471/acf:0002,NCGR,2,1,adjacent_graphics_slots,False
acf:2471,acf:2471/acf:0002,NCGR,2,acf:2471/acf:0003,NCER,3,1,adjacent_graphics_slots,False
acf:2471,acf:2471/acf:0003,NCER,3,acf:2471/acf:0004,NCER,4,1,adjacent_graphics_slots,False
acf:2471,acf:2471/acf:0004,NCER,4,acf:2471/acf:0005,NCER,5,1,adjacent_graphics_slots,False
acf:2472,acf:2472/acf:0001,NCLR,1,acf:2472/acf:0002,NCGR,2,1,adjacent_graphics_slots,False
acf:2472,acf:2472/acf:0002,NCGR,2,acf:2472/acf:0003,NCER,3,1,adjacent_graphics_slots,False
acf:2472,acf:2472/acf:0003,NCER,3,acf:2472/acf:0004,NCER,4,1,adjacent_graphics_slots,False
acf:2472,acf:2472/acf:0004,NCER,4,acf:2472/acf:0005,NCER,5,1,adjacent_graphics_slots,False
acf:2473,acf:2473/acf:0001,NCLR,1,acf:2473/acf:0002,NCGR,2,1,adjacent_graphics_slots,False
acf:2473,acf:2473/acf:0002,NCGR,2,acf:2473/acf:0003,NCER,3,1,adjacent_graphics_slots,False
acf:2473,acf:2473/acf:0003,NCER,3,acf:2473/acf:0004,NCER,4,1,adjacent_graphics_slots,False
acf:2473,acf:2473/acf:0004,NCER,4,acf:2473/acf:0005,NCER,5,1,adjacent_graphics_slots,False
acf:2473,acf:2473/acf:0005,NCER,5,acf:2473/acf:0006,NCER,6,1,adjacent_graphics_slots,False
acf:2473,acf:2473/acf:0006,NCER,6,acf:2473/acf:0007,NCER,7,1,adjacent_graphics_slots,False
acf:2474,acf:2474/acf:0001,NCLR,1,acf:2474/acf:0002,NCGR,2,1,adjacent_graphics_slots,False
acf:2474,acf:2474/acf:0002,NCGR,2,acf:2474/acf:0003,NCER,3,1,adjacent_graphics_slots,False
acf:2474,acf:2474/acf:0003,NCER,3,acf:2474/acf:0004,NCER,4,1,adjacent_graphics_slots,False
acf:2474,acf:2474/acf:0004,NCER,4,acf:2474/acf:0005,NCER,5,1,adjacent_graphics_slots,False
acf:2474,acf:2474/acf:0005,NCER,5,acf:2474/acf:0006,NCER,6,1,adjacent_graphics_slots,False
acf:2474,acf:2474/acf:0006,NCER,6,acf:2474/acf:0007,NCER,7,1,adjacent_graphics_slots,False
acf:2475,acf:2475/acf:0001,NCLR,1,acf:2475/acf:0002,NCGR,2,1,adjacent_graphics_slots,False
acf:2475,acf:2475/acf:0002,NCGR,2,acf:2475/acf:0003,NCER,3,1,adjacent_graphics_slots,False
acf:2476,acf:2476/acf:0001,NCLR,1,acf:2476/acf:0002,NCGR,2,1,adjacent_graphics_slots,False
acf:2476,acf:2476/acf:0002,NCGR,2,acf:2476/acf:0003,NCER,3,1,adjacent_graphics_slots,False
acf:2476,acf:2476/acf:0003,NCER,3,acf:2476/acf:0004,NCER,4,1,adjacent_graphics_slots,False
acf:2476,acf:2476/acf:0004,NCER,4,acf:2476/acf:0005,NCER,5,1,adjacent_graphics_slots,False
acf:2477,acf:2477/acf:0001,NCLR,1,acf:2477/acf:0002,NCGR,2,1,adjacent_graphics_slots,False
acf:2477,acf:2477/acf:0002,NCGR,2,acf:2477/acf:0003,NCER,3,1,adjacent_graphics_slots,False
acf:2477,acf:2477/acf:0003,NCER,3,acf:2477/acf:0004,NCER,4,1,adjacent_graphics_slots,False
acf:2477,acf:2477/acf:0004,NCER,4,acf:2477/acf:0005,NCER,5,1,adjacent_graphics_slots,False
acf:2478,acf:2478/acf:0001,NCLR,1,acf:2478/acf:0002,NCGR,2,1,adjacent_graphics_slots,False
acf:2478,acf:2478/acf:0002,NCGR,2,acf:2478/acf:0003,NCER,3,1,adjacent_graphics_slots,False
acf:2478,acf:2478/acf:0003,NCER,3,acf:2478/acf:0004,NCER,4,1,adjacent_graphics_slots,False
acf:2478,acf:2478/acf:0004,NCER,4,acf:2478/acf:0005,NCER,5,1,adjacent_graphics_slots,False
acf:2526,acf:2526/acf:0001,NCLR,1,acf:2526/acf:0002,NCGR,2,1,adjacent_graphics_slots,False
acf:2526,acf:2526/acf:0002,NCGR,2,acf:2526/acf:0003,NCER,3,1,adjacent_graphics_slots,False
acf:2527,acf:2527/acf:0001,NCLR,1,acf:2527/acf:0002,NCGR,2,1,adjacent_graphics_slots,False
acf:2527,acf:2527/acf:0002,NCGR,2,acf:2527/acf:0003,NCER,3,1,adjacent_graphics_slots,False
acf:2528,acf:2528/acf:0001,NCLR,1,acf:2528/acf:0002,NCGR,2,1,adjacent_graphics_slots,False
acf:2528,acf:2528/acf:0002,NCGR,2,acf:2528/acf:0003,NCER,3,1,adjacent_graphics_slots,False
acf:6357,acf:6357/acf:0001,NCLR,1,acf:6357/acf:0002,NCGR,2,1,adjacent_graphics_slots,False
acf:6357,acf:6357/acf:0002,NCGR,2,acf:6357/acf:0003,NCER,3,1,adjacent_graphics_slots,False
acf:6358,acf:6358/acf:0001,NCLR,1,acf:6358/acf:0002,NCGR,2,1,adjacent_graphics_slots,False
acf:6358,acf:6358/acf:0002,NCGR,2,acf:6358/acf:0003,NCER,3,1,adjacent_graphics_slots,False
acf:6359,acf:6359/acf:0001,NCLR,1,acf:6359/acf:0002,NCGR,2,1,adjacent_graphics_slots,False
acf:6359,acf:6359/acf:0002,NCGR,2,acf:6359/acf:0003,NCER,3,1,adjacent_graphics_slots,False
acf:6360,acf:6360/acf:0001,NCLR,1,acf:6360/acf:0002,NCGR,2,1,adjacent_graphics_slots,False
acf:6360,acf:6360/acf:0002,NCGR,2,acf:6360/acf:0003,NCER,3,1,adjacent_graphics_slots,False
acf:6361,acf:6361/acf:0001,NCLR,1,acf:6361/acf:0002,NCGR,2,1,adjacent_graphics_slots,False
acf:6361,acf:6361/acf:0002,NCGR,2,acf:6361/acf:0003,NCER,3,1,adjacent_graphics_slots,False
acf:6362,acf:6362/acf:0001,NCLR,1,acf:6362/acf:0002,NCGR,2,1,adjacent_graphics_slots,False
acf:6362,acf:6362/acf:0002,NCGR,2,acf:6362/acf:0003,NCER,3,1,adjacent_graphics_slots,False
acf:6363,acf:6363/acf:0001,NCLR,1,acf:6363/acf:0002,NCGR,2,1,adjacent_graphics_slots,False
acf:6363,acf:6363/acf:0002,NCGR,2,acf:6363/acf:0003,NCER,3,1,adjacent_graphics_slots,False
acf:6364,acf:6364/acf:0001,NCLR,1,acf:6364/acf:0002,NCGR,2,1,adjacent_graphics_slots,False
acf:6364,acf:6364/acf:0002,NCGR,2,acf:6364/acf:0003,NCER,3,1,adjacent_graphics_slots,False
acf:6365,acf:6365/acf:0001,NCLR,1,acf:6365/acf:0002,NCGR,2,1,adjacent_graphics_slots,False
acf:6365,acf:6365/acf:0002,NCGR,2,acf:6365/acf:0003,NCER,3,1,adjacent_graphics_slots,False
acf:6366,acf:6366/acf:0001,NCLR,1,acf:6366/acf:0002,NCGR,2,1,adjacent_graphics_slots,False
acf:6366,acf:6366/acf:0002,NCGR,2,acf:6366/acf:0003,NCGR,3,1,adjacent_graphics_slots,False
acf:6366,acf:6366/acf:0003,NCGR,3,acf:6366/acf:0004,NCER,4,1,adjacent_graphics_slots,False
acf:6366,acf:6366/acf:0004,NCER,4,acf:6366/acf:0005,NCER,5,1,adjacent_graphics_slots,False
acf:6367,acf:6367/acf:0001,NCLR,1,acf:6367/acf:0002,NCGR,2,1,adjacent_graphics_slots,False
acf:6367,acf:6367/acf:0002,NCGR,2,acf:6367/acf:0003,NCER,3,1,adjacent_graphics_slots,False
acf:6368,acf:6368/acf:0001,NCLR,1,acf:6368/acf:0002,NCGR,2,1,adjacent_graphics_slots,False
acf:6368,acf:6368/acf:0002,NCGR,2,acf:6368/acf:0003,NCER,3,1,adjacent_graphics_slots,False
acf:6369,acf:6369/acf:0001,NCLR,1,acf:6369/acf:0002,NCGR,2,1,adjacent_graphics_slots,False
acf:6369,acf:6369/acf:0002,NCGR,2,acf:6369/acf:0003,NCER,3,1,adjacent_graphics_slots,False
acf:6370,acf:6370/acf:0001,NCLR,1,acf:6370/acf:0002,NCGR,2,1,adjacent_graphics_slots,False
acf:6370,acf:6370/acf:0002,NCGR,2,acf:6370/acf:0003,NCER,3,1,adjacent_graphics_slots,False
acf:6371,acf:6371/acf:0001,NCLR,1,acf:6371/acf:0002,NCGR,2,1,adjacent_graphics_slots,False
acf:6371,acf:6371/acf:0002,NCGR,2,acf:6371/acf:0003,NCER,3,1,adjacent_graphics_slots,False
acf:6372,acf:6372/acf:0001,NCLR,1,acf:6372/acf:0002,NCGR,2,1,adjacent_graphics_slots,False
acf:6372,acf:6372/acf:0002,NCGR,2,acf:6372/acf:0003,NCER,3,1,adjacent_graphics_slots,False
acf:6373,acf:6373/acf:0001,NCLR,1,acf:6373/acf:0002,NCGR,2,1,adjacent_graphics_slots,False
acf:6373,acf:6373/acf:0002,NCGR,2,acf:6373/acf:0003,NCER,3,1,adjacent_graphics_slots,False
acf:6374,acf:6374/acf:0001,NCLR,1,acf:6374/acf:0002,NCGR,2,1,adjacent_graphics_slots,False
acf:6374,acf:6374/acf:0002,NCGR,2,acf:6374/acf:0003,NCER,3,1,adjacent_graphics_slots,False
acf:6375,acf:6375/acf:0001,NCLR,1,acf:6375/acf:0002,NCGR,2,1,adjacent_graphics_slots,False
acf:6375,acf:6375/acf:0002,NCGR,2,acf:6375/acf:0003,NCER,3,1,adjacent_graphics_slots,False
acf:6376,acf:6376/acf:0001,NCLR,1,acf:6376/acf:0002,NCGR,2,1,adjacent_graphics_slots,False
acf:6376,acf:6376/acf:0002,NCGR,2,acf:6376/acf:0003,NCER,3,1,adjacent_graphics_slots,False
acf:6377,acf:6377/acf:0001,NCLR,1,acf:6377/acf:0002,NCGR,2,1,adjacent_graphics_slots,False
acf:6377,acf:6377/acf:0002,NCGR,2,acf:6377/acf:0003,NCER,3,1,adjacent_graphics_slots,False
acf:6378,acf:6378/acf:0001,NCLR,1,acf:6378/acf:0002,NCGR,2,1,adjacent_graphics_slots,False
acf:6378,acf:6378/acf:0002,NCGR,2,acf:6378/acf:0003,NCER,3,1,adjacent_graphics_slots,False
acf:6379,acf:6379/acf:0001,NCLR,1,acf:6379/acf:0002,NCGR,2,1,adjacent_graphics_slots,False
acf:6379,acf:6379/acf:0002,NCGR,2,acf:6379/acf:0003,NCER,3,1,adjacent_graphics_slots,False
acf:6380,acf:6380/acf:0001,NCLR,1,acf:6380/acf:0002,NCGR,2,1,adjacent_graphics_slots,False
acf:6380,acf:6380/acf:0002,NCGR,2,acf:6380/acf:0003,NCER,3,1,adjacent_graphics_slots,False
acf:6381,acf:6381/acf:0001,NCLR,1,acf:6381/acf:0002,NCGR,2,1,adjacent_graphics_slots,False
acf:6381,acf:6381/acf:0002,NCGR,2,acf:6381/acf:0003,NCER,3,1,adjacent_graphics_slots,False
acf:6382,acf:6382/acf:0001,NCLR,1,acf:6382/acf:0002,NCGR,2,1,adjacent_graphics_slots,False
acf:6382,acf:6382/acf:0002,NCGR,2,acf:6382/acf:0003,NCER,3,1,adjacent_graphics_slots,False
acf:6383,acf:6383/acf:0001,NCLR,1,acf:6383/acf:0002,NCGR,2,1,adjacent_graphics_slots,False
acf:6383,acf:6383/acf:0002,NCGR,2,acf:6383/acf:0003,NCER,3,1,adjacent_graphics_slots,False
acf:6384,acf:6384/acf:0001,NCLR,1,acf:6384/acf:0002,NCGR,2,1,adjacent_graphics_slots,False
acf:6384,acf:6384/acf:0002,NCGR,2,acf:6384/acf:0003,NCER,3,1,adjacent_graphics_slots,False
acf:6385,acf:6385/acf:0001,NCLR,1,acf:6385/acf:0002,NCGR,2,1,adjacent_graphics_slots,False
acf:6385,acf:6385/acf:0002,NCGR,2,acf:6385/acf:0003,NCER,3,1,adjacent_graphics_slots,False
acf:6386,acf:6386/acf:0001,NCLR,1,acf:6386/acf:0002,NCGR,2,1,adjacent_graphics_slots,False
acf:6386,acf:6386/acf:0002,NCGR,2,acf:6386/acf:0003,NCER,3,1,adjacent_graphics_slots,False
acf:6387,acf:6387/acf:0001,NCLR,1,acf:6387/acf:0002,NCGR,2,1,adjacent_graphics_slots,False
acf:6387,acf:6387/acf:0002,NCGR,2,acf:6387/acf:0003,NCER,3,1,adjacent_graphics_slots,False
acf:6388,acf:6388/acf:0001,NCLR,1,acf:6388/acf:0002,NCGR,2,1,adjacent_graphics_slots,False
acf:6388,acf:6388/acf:0002,NCGR,2,acf:6388/acf:0003,NCER,3,1,adjacent_graphics_slots,False
acf:6389,acf:6389/acf:0001,NCLR,1,acf:6389/acf:0002,NCGR,2,1,adjacent_graphics_slots,False
acf:6389,acf:6389/acf:0002,NCGR,2,acf:6389/acf:0003,NCER,3,1,adjacent_graphics_slots,False
acf:6390,acf:6390/acf:0001,NCLR,1,acf:6390/acf:0002,NCGR,2,1,adjacent_graphics_slots,False
acf:6390,acf:6390/acf:0002,NCGR,2,acf:6390/acf:0003,NCER,3,1,adjacent_graphics_slots,False
acf:6391,acf:6391/acf:0001,NCLR,1,acf:6391/acf:0002,NCGR,2,1,adjacent_graphics_slots,False
acf:6391,acf:6391/acf:0002,NCGR,2,acf:6391/acf:0003,NCER,3,1,adjacent_graphics_slots,False
acf:6392,acf:6392/acf:0001,NCLR,1,acf:6392/acf:0002,NCGR,2,1,adjacent_graphics_slots,False
acf:6392,acf:6392/acf:0002,NCGR,2,acf:6392/acf:0003,NCER,3,1,adjacent_graphics_slots,False
acf:6393,acf:6393/acf:0001,NCLR,1,acf:6393/acf:0002,NCGR,2,1,adjacent_graphics_slots,False
acf:6393,acf:6393/acf:0002,NCGR,2,acf:6393/acf:0003,NCER,3,1,adjacent_graphics_slots,False
acf:6394,acf:6394/acf:0001,NCLR,1,acf:6394/acf:0002,NCGR,2,1,adjacent_graphics_slots,False
acf:6394,acf:6394/acf:0002,NCGR,2,acf:6394/acf:0003,NCER,3,1,adjacent_graphics_slots,False
acf:6395,acf:6395/acf:0001,NCLR,1,acf:6395/acf:0002,NCGR,2,1,adjacent_graphics_slots,False
acf:6395,acf:6395/acf:0002,NCGR,2,acf:6395/acf:0003,NCER,3,1,adjacent_graphics_slots,False
acf:6396,acf:6396/acf:0001,NCLR,1,acf:6396/acf:0002,NCGR,2,1,adjacent_graphics_slots,False
acf:6396,acf:6396/acf:0002,NCGR,2,acf:6396/acf:0003,NCER,3,1,adjacent_graphics_slots,False
acf:6397,acf:6397/acf:0001,NCLR,1,acf:6397/acf:0002,NCGR,2,1,adjacent_graphics_slots,False
acf:6397,acf:6397/acf:0002,NCGR,2,acf:6397/acf:0003,NCER,3,1,adjacent_graphics_slots,False
acf:6398,acf:6398/acf:0001,NCLR,1,acf:6398/acf:0002,NCGR,2,1,adjacent_graphics_slots,False
acf:6398,acf:6398/acf:0002,NCGR,2,acf:6398/acf:0003,NCER,3,1,adjacent_graphics_slots,False
acf:6399,acf:6399/acf:0001,NCLR,1,acf:6399/acf:0002,NCGR,2,1,adjacent_graphics_slots,False
acf:6399,acf:6399/acf:0002,NCGR,2,acf:6399/acf:0003,NCER,3,1,adjacent_graphics_slots,False
acf:6400,acf:6400/acf:0001,NCLR,1,acf:6400/acf:0002,NCGR,2,1,adjacent_graphics_slots,False
acf:6400,acf:6400/acf:0002,NCGR,2,acf:6400/acf:0003,NCER,3,1,adjacent_graphics_slots,False
acf:6401,acf:6401/acf:0001,NCLR,1,acf:6401/acf:0002,NCGR,2,1,adjacent_graphics_slots,False
acf:6401,acf:6401/acf:0002,NCGR,2,acf:6401/acf:0003,NCER,3,1,adjacent_graphics_slots,False
acf:6409,acf:6409/acf:0001,NCLR,1,acf:6409/acf:0002,NCGR,2,1,adjacent_graphics_slots,False
acf:6409,acf:6409/acf:0002,NCGR,2,acf:6409/acf:0003,NCER,3,1,adjacent_graphics_slots,False
acf:6410,acf:6410/acf:0001,NCLR,1,acf:6410/acf:0002,NCGR,2,1,adjacent_graphics_slots,False
acf:6410,acf:6410/acf:0002,NCGR,2,acf:6410/acf:0003,NCER,3,1,adjacent_graphics_slots,False
acf:6411,acf:6411/acf:0001,NCLR,1,acf:6411/acf:0002,NCGR,2,1,adjacent_graphics_slots,False
acf:6411,acf:6411/acf:0002,NCGR,2,acf:6411/acf:0003,NCER,3,1,adjacent_graphics_slots,False
acf:6412,acf:6412/acf:0001,NCLR,1,acf:6412/acf:0002,NCGR,2,1,adjacent_graphics_slots,False
acf:6412,acf:6412/acf:0002,NCGR,2,acf:6412/acf:0003,NCER,3,1,adjacent_graphics_slots,False
acf:6414,acf:6414/acf:0001,NCLR,1,acf:6414/acf:0002,NCGR,2,1,adjacent_graphics_slots,False
acf:6414,acf:6414/acf:0002,NCGR,2,acf:6414/acf:0003,NCER,3,1,adjacent_graphics_slots,False
acf:6415,acf:6415/acf:0001,NCLR,1,acf:6415/acf:0002,NCGR,2,1,adjacent_graphics_slots,False
acf:6415,acf:6415/acf:0002,NCGR,2,acf:6415/acf:0003,NCER,3,1,adjacent_graphics_slots,False
acf:6416,acf:6416/acf:0001,NCLR,1,acf:6416/acf:0002,NCGR,2,1,adjacent_graphics_slots,False
acf:6416,acf:6416/acf:0002,NCGR,2,acf:6416/acf:0003,NCER,3,1,adjacent_graphics_slots,False
acf:6417,acf:6417/acf:0001,NCLR,1,acf:6417/acf:0002,NCGR,2,1,adjacent_graphics_slots,False
acf:6417,acf:6417/acf:0002,NCGR,2,acf:6417/acf:0003,NCER,3,1,adjacent_graphics_slots,False
acf:6418,acf:6418/acf:0001,NCLR,1,acf:6418/acf:0002,NCGR,2,1,adjacent_graphics_slots,False
acf:6418,acf:6418/acf:0002,NCGR,2,acf:6418/acf:0003,NCER,3,1,adjacent_graphics_slots,False
acf:6419,acf:6419/acf:0001,NCLR,1,acf:6419/acf:0002,NCGR,2,1,adjacent_graphics_slots,False
acf:6419,acf:6419/acf:0002,NCGR,2,acf:6419/acf:0003,NCER,3,1,adjacent_graphics_slots,False
acf:6420,acf:6420/acf:0001,NCLR,1,acf:6420/acf:0002,NCGR,2,1,adjacent_graphics_slots,False
acf:6420,acf:6420/acf:0002,NCGR,2,acf:6420/acf:0003,NCER,3,1,adjacent_graphics_slots,False
acf:6421,acf:6421/acf:0001,NCLR,1,acf:6421/acf:0002,NCGR,2,1,adjacent_graphics_slots,False
acf:6421,acf:6421/acf:0002,NCGR,2,acf:6421/acf:0003,NCER,3,1,adjacent_graphics_slots,False
acf:6422,acf:6422/acf:0001,NCLR,1,acf:6422/acf:0002,NCGR,2,1,adjacent_graphics_slots,False
acf:6422,acf:6422/acf:0002,NCGR,2,acf:6422/acf:0003,NCER,3,1,adjacent_graphics_slots,False
acf:6423,acf:6423/acf:0001,NCLR,1,acf:6423/acf:0002,NCGR,2,1,adjacent_graphics_slots,False
acf:6423,acf:6423/acf:0002,NCGR,2,acf:6423/acf:0003,NCER,3,1,adjacent_graphics_slots,False
acf:6424,acf:6424/acf:0001,NCLR,1,acf:6424/acf:0002,NCGR,2,1,adjacent_graphics_slots,False
acf:6424,acf:6424/acf:0002,NCGR,2,acf:6424/acf:0003,NCER,3,1,adjacent_graphics_slots,False
acf:6425,acf:6425/acf:0001,NCLR,1,acf:6425/acf:0002,NCGR,2,1,adjacent_graphics_slots,False
acf:6425,acf:6425/acf:0002,NCGR,2,acf:6425/acf:0003,NCER,3,1,adjacent_graphics_slots,False
acf:6426,acf:6426/acf:0001,NCLR,1,acf:6426/acf:0002,NCGR,2,1,adjacent_graphics_slots,False
acf:6426,acf:6426/acf:0002,NCGR,2,acf:6426/acf:0003,NCER,3,1,adjacent_graphics_slots,False
acf:6427,acf:6427/acf:0001,NCLR,1,acf:6427/acf:0002,NCGR,2,1,adjacent_graphics_slots,False
acf:6427,acf:6427/acf:0002,NCGR,2,acf:6427/acf:0003,NCER,3,1,adjacent_graphics_slots,False
acf:6428,acf:6428/acf:0001,NCLR,1,acf:6428/acf:0002,NCGR,2,1,adjacent_graphics_slots,False
acf:6428,acf:6428/acf:0002,NCGR,2,acf:6428/acf:0003,NCER,3,1,adjacent_graphics_slots,False
acf:6429,acf:6429/acf:0001,NCLR,1,acf:6429/acf:0002,NCGR,2,1,adjacent_graphics_slots,False
acf:6429,acf:6429/acf:0002,NCGR,2,acf:6429/acf:0003,NCER,3,1,adjacent_graphics_slots,False
acf:6430,acf:6430/acf:0001,NCLR,1,acf:6430/acf:0002,NCGR,2,1,adjacent_graphics_slots,False
acf:6430,acf:6430/acf:0002,NCGR,2,acf:6430/acf:0003,NCER,3,1,adjacent_graphics_slots,False
acf:6431,acf:6431/acf:0001,NCLR,1,acf:6431/acf:0002,NCGR,2,1,adjacent_graphics_slots,False
acf:6431,acf:6431/acf:0002,NCGR,2,acf:6431/acf:0003,NCER,3,1,adjacent_graphics_slots,False
acf:6432,acf:6432/acf:0001,NCLR,1,acf:6432/acf:0002,NCGR,2,1,adjacent_graphics_slots,False
acf:6432,acf:6432/acf:0002,NCGR,2,acf:6432/acf:0003,NCER,3,1,adjacent_graphics_slots,False
acf:6433,acf:6433/acf:0001,NCLR,1,acf:6433/acf:0002,NCGR,2,1,adjacent_graphics_slots,False
acf:6433,acf:6433/acf:0002,NCGR,2,acf:6433/acf:0003,NCER,3,1,adjacent_graphics_slots,False
acf:6434,acf:6434/acf:0001,NCLR,1,acf:6434/acf:0002,NCGR,2,1,adjacent_graphics_slots,False
acf:6434,acf:6434/acf:0002,NCGR,2,acf:6434/acf:0003,NCER,3,1,adjacent_graphics_slots,False
acf:6435,acf:6435/acf:0001,NCLR,1,acf:6435/acf:0002,NCGR,2,1,adjacent_graphics_slots,False
acf:6435,acf:6435/acf:0002,NCGR,2,acf:6435/acf:0003,NCER,3,1,adjacent_graphics_slots,False
acf:6436,acf:6436/acf:0001,NCLR,1,acf:6436/acf:0002,NCGR,2,1,adjacent_graphics_slots,False
acf:6436,acf:6436/acf:0002,NCGR,2,acf:6436/acf:0003,NCER,3,1,adjacent_graphics_slots,False
acf:6437,acf:6437/acf:0001,NCLR,1,acf:6437/acf:0002,NCGR,2,1,adjacent_graphics_slots,False
acf:6437,acf:6437/acf:0002,NCGR,2,acf:6437/acf:0003,NCER,3,1,adjacent_graphics_slots,False
acf:6438,acf:6438/acf:0001,NCLR,1,acf:6438/acf:0002,NCGR,2,1,adjacent_graphics_slots,False
acf:6438,acf:6438/acf:0002,NCGR,2,acf:6438/acf:0003,NCER,3,1,adjacent_graphics_slots,False
acf:6439,acf:6439/acf:0001,NCLR,1,acf:6439/acf:0002,NCGR,2,1,adjacent_graphics_slots,False
acf:6439,acf:6439/acf:0002,NCGR,2,acf:6439/acf:0003,NCER,3,1,adjacent_graphics_slots,False
acf:6440,acf:6440/acf:0001,NCLR,1,acf:6440/acf:0002,NCGR,2,1,adjacent_graphics_slots,False
acf:6440,acf:6440/acf:0002,NCGR,2,acf:6440/acf:0003,NCER,3,1,adjacent_graphics_slots,False
acf:6441,acf:6441/acf:0001,NCLR,1,acf:6441/acf:0002,NCGR,2,1,adjacent_graphics_slots,False
acf:6441,acf:6441/acf:0002,NCGR,2,acf:6441/acf:0003,NCER,3,1,adjacent_graphics_slots,False
acf:6442,acf:6442/acf:0001,NCLR,1,acf:6442/acf:0002,NCGR,2,1,adjacent_graphics_slots,False
acf:6442,acf:6442/acf:0002,NCGR,2,acf:6442/acf:0003,NCER,3,1,adjacent_graphics_slots,False
acf:6443,acf:6443/acf:0001,NCLR,1,acf:6443/acf:0002,NCGR,2,1,adjacent_graphics_slots,False
acf:6443,acf:6443/acf:0002,NCGR,2,acf:6443/acf:0003,NCER,3,1,adjacent_graphics_slots,False
acf:6444,acf:6444/acf:0001,NCLR,1,acf:6444/acf:0002,NCGR,2,1,adjacent_graphics_slots,False
acf:6444,acf:6444/acf:0002,NCGR,2,acf:6444/acf:0003,NCER,3,1,adjacent_graphics_slots,False
acf:6445,acf:6445/acf:0001,NCLR,1,acf:6445/acf:0002,NCGR,2,1,adjacent_graphics_slots,False
acf:6445,acf:6445/acf:0002,NCGR,2,acf:6445/acf:0003,NCER,3,1,adjacent_graphics_slots,False
acf:6446,acf:6446/acf:0001,NCLR,1,acf:6446/acf:0002,NCGR,2,1,adjacent_graphics_slots,False
acf:6446,acf:6446/acf:0002,NCGR,2,acf:6446/acf:0003,NCER,3,1,adjacent_graphics_slots,False
acf:6447,acf:6447/acf:0001,NCLR,1,acf:6447/acf:0002,NCGR,2,1,adjacent_graphics_slots,False
acf:6447,acf:6447/acf:0002,NCGR,2,acf:6447/acf:0003,NCER,3,1,adjacent_graphics_slots,False
acf:6448,acf:6448/acf:0001,NCLR,1,acf:6448/acf:0002,NCGR,2,1,adjacent_graphics_slots,False
acf:6448,acf:6448/acf:0002,NCGR,2,acf:6448/acf:0003,NCER,3,1,adjacent_graphics_slots,False
acf:6449,acf:6449/acf:0001,NCLR,1,acf:6449/acf:0002,NCGR,2,1,adjacent_graphics_slots,False
acf:6449,acf:6449/acf:0002,NCGR,2,acf:6449/acf:0003,NCER,3,1,adjacent_graphics_slots,False
acf:6450,acf:6450/acf:0001,NCLR,1,acf:6450/acf:0002,NCGR,2,1,adjacent_graphics_slots,False
acf:6450,acf:6450/acf:0002,NCGR,2,acf:6450/acf:0003,NCER,3,1,adjacent_graphics_slots,False
acf:6451,acf:6451/acf:0001,NCLR,1,acf:6451/acf:0002,NCGR,2,1,adjacent_graphics_slots,False
acf:6451,acf:6451/acf:0002,NCGR,2,acf:6451/acf:0003,NCER,3,1,adjacent_graphics_slots,False
acf:6451,acf:6451/acf:0003,NCER,3,acf:6451/acf:0004,NCER,4,1,adjacent_graphics_slots,False
acf:6451,acf:6451/acf:0004,NCER,4,acf:6451/acf:0005,NCER,5,1,adjacent_graphics_slots,False
acf:6452,acf:6452/acf:0001,NCLR,1,acf:6452/acf:0002,NCGR,2,1,adjacent_graphics_slots,False
acf:6452,acf:6452/acf:0002,NCGR,2,acf:6452/acf:0003,NCER,3,1,adjacent_graphics_slots,False
acf:6453,acf:6453/acf:0001,NCLR,1,acf:6453/acf:0002,NCGR,2,1,adjacent_graphics_slots,False
acf:6453,acf:6453/acf:0002,NCGR,2,acf:6453/acf:0003,NCER,3,1,adjacent_graphics_slots,False
acf:6454,acf:6454/acf:0001,NCLR,1,acf:6454/acf:0002,NCGR,2,1,adjacent_graphics_slots,False
acf:6454,acf:6454/acf:0002,NCGR,2,acf:6454/acf:0003,NCER,3,1,adjacent_graphics_slots,False
acf:6455,acf:6455/acf:0001,NCLR,1,acf:6455/acf:0002,NCGR,2,1,adjacent_graphics_slots,False
acf:6455,acf:6455/acf:0002,NCGR,2,acf:6455/acf:0003,NCER,3,1,adjacent_graphics_slots,False
acf:6456,acf:6456/acf:0001,NCLR,1,acf:6456/acf:0002,NCGR,2,1,adjacent_graphics_slots,False
acf:6456,acf:6456/acf:0002,NCGR,2,acf:6456/acf:0003,NCER,3,1,adjacent_graphics_slots,False
acf:6457,acf:6457/acf:0001,NCLR,1,acf:6457/acf:0002,NCGR,2,1,adjacent_graphics_slots,False
acf:6457,acf:6457/acf:0002,NCGR,2,acf:6457/acf:0003,NCER,3,1,adjacent_graphics_slots,False
acf:6458,acf:6458/acf:0001,NCLR,1,acf:6458/acf:0002,NCGR,2,1,adjacent_graphics_slots,False
acf:6458,acf:6458/acf:0002,NCGR,2,acf:6458/acf:0003,NCER,3,1,adjacent_graphics_slots,False
acf:6459,acf:6459/acf:0001,NCLR,1,acf:6459/acf:0002,NCGR,2,1,adjacent_graphics_slots,False
acf:6459,acf:6459/acf:0002,NCGR,2,acf:6459/acf:0003,NCER,3,1,adjacent_graphics_slots,False
acf:6460,acf:6460/acf:0001,NCLR,1,acf:6460/acf:0002,NCGR,2,1,adjacent_graphics_slots,False
acf:6460,acf:6460/acf:0002,NCGR,2,acf:6460/acf:0003,NCER,3,1,adjacent_graphics_slots,False
acf:6461,acf:6461/acf:0001,NCLR,1,acf:6461/acf:0002,NCGR,2,1,adjacent_graphics_slots,False
acf:6461,acf:6461/acf:0002,NCGR,2,acf:6461/acf:0003,NCER,3,1,adjacent_graphics_slots,False
acf:6462,acf:6462/acf:0001,NCLR,1,acf:6462/acf:0002,NCGR,2,1,adjacent_graphics_slots,False
acf:6462,acf:6462/acf:0002,NCGR,2,acf:6462/acf:0003,NCER,3,1,adjacent_graphics_slots,False
acf:6463,acf:6463/acf:0001,NCLR,1,acf:6463/acf:0002,NCGR,2,1,adjacent_graphics_slots,False
acf:6463,acf:6463/acf:0002,NCGR,2,acf:6463/acf:0003,NCER,3,1,adjacent_graphics_slots,False
acf:6464,acf:6464/acf:0001,NCLR,1,acf:6464/acf:0002,NCGR,2,1,adjacent_graphics_slots,False
acf:6464,acf:6464/acf:0002,NCGR,2,acf:6464/acf:0003,NCER,3,1,adjacent_graphics_slots,False
acf:6465,acf:6465/acf:0001,NCLR,1,acf:6465/acf:0002,NCGR,2,1,adjacent_graphics_slots,False
acf:6465,acf:6465/acf:0002,NCGR,2,acf:6465/acf:0003,NCER,3,1,adjacent_graphics_slots,False
acf:6466,acf:6466/acf:0001,NCLR,1,acf:6466/acf:0002,NCGR,2,1,adjacent_graphics_slots,False
acf:6466,acf:6466/acf:0002,NCGR,2,acf:6466/acf:0003,NCER,3,1,adjacent_graphics_slots,False
acf:6467,acf:6467/acf:0001,NCLR,1,acf:6467/acf:0002,NCGR,2,1,adjacent_graphics_slots,False
acf:6467,acf:6467/acf:0002,NCGR,2,acf:6467/acf:0003,NCER,3,1,adjacent_graphics_slots,False
acf:6468,acf:6468/acf:0001,NCLR,1,acf:6468/acf:0002,NCGR,2,1,adjacent_graphics_slots,False
acf:6468,acf:6468/acf:0002,NCGR,2,acf:6468/acf:0003,NCER,3,1,adjacent_graphics_slots,False
acf:6469,acf:6469/acf:0001,NCLR,1,acf:6469/acf:0002,NCGR,2,1,adjacent_graphics_slots,False
acf:6469,acf:6469/acf:0002,NCGR,2,acf:6469/acf:0003,NCER,3,1,adjacent_graphics_slots,False
acf:6470,acf:6470/acf:0001,NCLR,1,acf:6470/acf:0002,NCGR,2,1,adjacent_graphics_slots,False
acf:6470,acf:6470/acf:0002,NCGR,2,acf:6470/acf:0003,NCER,3,1,adjacent_graphics_slots,False
acf:6471,acf:6471/acf:0001,NCLR,1,acf:6471/acf:0002,NCGR,2,1,adjacent_graphics_slots,False
acf:6471,acf:6471/acf:0002,NCGR,2,acf:6471/acf:0003,NCER,3,1,adjacent_graphics_slots,False
acf:6472,acf:6472/acf:0001,NCLR,1,acf:6472/acf:0002,NCGR,2,1,adjacent_graphics_slots,False
acf:6472,acf:6472/acf:0002,NCGR,2,acf:6472/acf:0003,NCER,3,1,adjacent_graphics_slots,False
acf:6473,acf:6473/acf:0001,NCLR,1,acf:6473/acf:0002,NCGR,2,1,adjacent_graphics_slots,False
acf:6473,acf:6473/acf:0002,NCGR,2,acf:6473/acf:0003,NCER,3,1,adjacent_graphics_slots,False
acf:6474,acf:6474/acf:0001,NCLR,1,acf:6474/acf:0002,NCGR,2,1,adjacent_graphics_slots,False
acf:6474,acf:6474/acf:0002,NCGR,2,acf:6474/acf:0003,NCER,3,1,adjacent_graphics_slots,False
acf:6475,acf:6475/acf:0001,NCLR,1,acf:6475/acf:0002,NCGR,2,1,adjacent_graphics_slots,False
acf:6475,acf:6475/acf:0002,NCGR,2,acf:6475/acf:0003,NCER,3,1,adjacent_graphics_slots,False
acf:6476,acf:6476/acf:0001,NCLR,1,acf:6476/acf:0002,NCGR,2,1,adjacent_graphics_slots,False
acf:6476,acf:6476/acf:0002,NCGR,2,acf:6476/acf:0003,NCER,3,1,adjacent_graphics_slots,False
acf:6477,acf:6477/acf:0001,NCLR,1,acf:6477/acf:0002,NCGR,2,1,adjacent_graphics_slots,False
acf:6477,acf:6477/acf:0002,NCGR,2,acf:6477/acf:0003,NCER,3,1,adjacent_graphics_slots,False
acf:6478,acf:6478/acf:0001,NCLR,1,acf:6478/acf:0002,NCGR,2,1,adjacent_graphics_slots,False
acf:6478,acf:6478/acf:0002,NCGR,2,acf:6478/acf:0003,NCER,3,1,adjacent_graphics_slots,False
acf:6479,acf:6479/acf:0001,NCLR,1,acf:6479/acf:0002,NCGR,2,1,adjacent_graphics_slots,False
acf:6479,acf:6479/acf:0002,NCGR,2,acf:6479/acf:0003,NCER,3,1,adjacent_graphics_slots,False
acf:6480,acf:6480/acf:0001,NCLR,1,acf:6480/acf:0002,NCGR,2,1,adjacent_graphics_slots,False
acf:6480,acf:6480/acf:0002,NCGR,2,acf:6480/acf:0003,NCER,3,1,adjacent_graphics_slots,False
acf:6481,acf:6481/acf:0001,NCLR,1,acf:6481/acf:0002,NCGR,2,1,adjacent_graphics_slots,False
acf:6481,acf:6481/acf:0002,NCGR,2,acf:6481/acf:0003,NCER,3,1,adjacent_graphics_slots,False
acf:6482,acf:6482/acf:0001,NCLR,1,acf:6482/acf:0002,NCGR,2,1,adjacent_graphics_slots,False
acf:6482,acf:6482/acf:0002,NCGR,2,acf:6482/acf:0003,NCER,3,1,adjacent_graphics_slots,False
acf:6483,acf:6483/acf:0001,NCLR,1,acf:6483/acf:0002,NCGR,2,1,adjacent_graphics_slots,False
acf:6483,acf:6483/acf:0002,NCGR,2,acf:6483/acf:0003,NCER,3,1,adjacent_graphics_slots,False
acf:6484,acf:6484/acf:0001,NCLR,1,acf:6484/acf:0002,NCGR,2,1,adjacent_graphics_slots,False
acf:6484,acf:6484/acf:0002,NCGR,2,acf:6484/acf:0003,NCER,3,1,adjacent_graphics_slots,False
acf:6485,acf:6485/acf:0001,NCLR,1,acf:6485/acf:0002,NCGR,2,1,adjacent_graphics_slots,False
acf:6485,acf:6485/acf:0002,NCGR,2,acf:6485/acf:0003,NCER,3,1,adjacent_graphics_slots,False
acf:6486,acf:6486/acf:0001,NCLR,1,acf:6486/acf:0002,NCGR,2,1,adjacent_graphics_slots,False
acf:6486,acf:6486/acf:0002,NCGR,2,acf:6486/acf:0003,NCER,3,1,adjacent_graphics_slots,False
acf:6487,acf:6487/acf:0001,NCLR,1,acf:6487/acf:0002,NCGR,2,1,adjacent_graphics_slots,False
acf:6487,acf:6487/acf:0002,NCGR,2,acf:6487/acf:0003,NCER,3,1,adjacent_graphics_slots,False
acf:6488,acf:6488/acf:0001,NCLR,1,acf:6488/acf:0002,NCGR,2,1,adjacent_graphics_slots,False
acf:6488,acf:6488/acf:0002,NCGR,2,acf:6488/acf:0003,NCER,3,1,adjacent_graphics_slots,False
acf:6489,acf:6489/acf:0001,NCLR,1,acf:6489/acf:0002,NCGR,2,1,adjacent_graphics_slots,False
acf:6489,acf:6489/acf:0002,NCGR,2,acf:6489/acf:0003,NCER,3,1,adjacent_graphics_slots,False
acf:6490,acf:6490/acf:0001,NCLR,1,acf:6490/acf:0002,NCGR,2,1,adjacent_graphics_slots,False
acf:6490,acf:6490/acf:0002,NCGR,2,acf:6490/acf:0003,NCER,3,1,adjacent_graphics_slots,False
acf:6491,acf:6491/acf:0001,NCLR,1,acf:6491/acf:0002,NCGR,2,1,adjacent_graphics_slots,False
acf:6491,acf:6491/acf:0002,NCGR,2,acf:6491/acf:0003,NCER,3,1,adjacent_graphics_slots,False
acf:6492,acf:6492/acf:0001,NCLR,1,acf:6492/acf:0002,NCGR,2,1,adjacent_graphics_slots,False
acf:6492,acf:6492/acf:0002,NCGR,2,acf:6492/acf:0003,NCER,3,1,adjacent_graphics_slots,False
acf:6493,acf:6493/acf:0001,NCLR,1,acf:6493/acf:0002,NCGR,2,1,adjacent_graphics_slots,False
acf:6493,acf:6493/acf:0002,NCGR,2,acf:6493/acf:0003,NCER,3,1,adjacent_graphics_slots,False
acf:6494,acf:6494/acf:0001,NCLR,1,acf:6494/acf:0002,NCGR,2,1,adjacent_graphics_slots,False
acf:6494,acf:6494/acf:0002,NCGR,2,acf:6494/acf:0003,NCER,3,1,adjacent_graphics_slots,False
acf:6495,acf:6495/acf:0001,NCLR,1,acf:6495/acf:0002,NCGR,2,1,adjacent_graphics_slots,False
acf:6495,acf:6495/acf:0002,NCGR,2,acf:6495/acf:0003,NCER,3,1,adjacent_graphics_slots,False
acf:6496,acf:6496/acf:0001,NCLR,1,acf:6496/acf:0002,NCGR,2,1,adjacent_graphics_slots,False
acf:6496,acf:6496/acf:0002,NCGR,2,acf:6496/acf:0003,NCER,3,1,adjacent_graphics_slots,False
acf:6497,acf:6497/acf:0001,NCLR,1,acf:6497/acf:0002,NCGR,2,1,adjacent_graphics_slots,False
acf:6497,acf:6497/acf:0002,NCGR,2,acf:6497/acf:0003,NCER,3,1,adjacent_graphics_slots,False
acf:6498,acf:6498/acf:0001,NCLR,1,acf:6498/acf:0002,NCGR,2,1,adjacent_graphics_slots,False
acf:6498,acf:6498/acf:0002,NCGR,2,acf:6498/acf:0003,NCER,3,1,adjacent_graphics_slots,False
acf:6499,acf:6499/acf:0001,NCLR,1,acf:6499/acf:0002,NCGR,2,1,adjacent_graphics_slots,False
acf:6499,acf:6499/acf:0002,NCGR,2,acf:6499/acf:0003,NCER,3,1,adjacent_graphics_slots,False
acf:6500,acf:6500/acf:0001,NCLR,1,acf:6500/acf:0002,NCGR,2,1,adjacent_graphics_slots,False
acf:6500,acf:6500/acf:0002,NCGR,2,acf:6500/acf:0003,NCER,3,1,adjacent_graphics_slots,False
acf:6501,acf:6501/acf:0001,NCLR,1,acf:6501/acf:0002,NCGR,2,1,adjacent_graphics_slots,False
acf:6501,acf:6501/acf:0002,NCGR,2,acf:6501/acf:0003,NCER,3,1,adjacent_graphics_slots,False
acf:6502,acf:6502/acf:0001,NCLR,1,acf:6502/acf:0002,NCGR,2,1,adjacent_graphics_slots,False
acf:6502,acf:6502/acf:0002,NCGR,2,acf:6502/acf:0003,NCER,3,1,adjacent_graphics_slots,False
acf:6503,acf:6503/acf:0001,NCLR,1,acf:6503/acf:0002,NCGR,2,1,adjacent_graphics_slots,False
acf:6503,acf:6503/acf:0002,NCGR,2,acf:6503/acf:0003,NCER,3,1,adjacent_graphics_slots,False
acf:6504,acf:6504/acf:0001,NCLR,1,acf:6504/acf:0002,NCGR,2,1,adjacent_graphics_slots,False
acf:6504,acf:6504/acf:0002,NCGR,2,acf:6504/acf:0003,NCER,3,1,adjacent_graphics_slots,False
acf:6505,acf:6505/acf:0001,NCLR,1,acf:6505/acf:0002,NCGR,2,1,adjacent_graphics_slots,False
acf:6505,acf:6505/acf:0002,NCGR,2,acf:6505/acf:0003,NCER,3,1,adjacent_graphics_slots,False
acf:6506,acf:6506/acf:0001,NCLR,1,acf:6506/acf:0002,NCGR,2,1,adjacent_graphics_slots,False
acf:6506,acf:6506/acf:0002,NCGR,2,acf:6506/acf:0003,NCER,3,1,adjacent_graphics_slots,False
acf:6507,acf:6507/acf:0001,NCLR,1,acf:6507/acf:0002,NCGR,2,1,adjacent_graphics_slots,False
acf:6507,acf:6507/acf:0002,NCGR,2,acf:6507/acf:0003,NCER,3,1,adjacent_graphics_slots,False
acf:6508,acf:6508/acf:0001,NCLR,1,acf:6508/acf:0002,NCGR,2,1,adjacent_graphics_slots,False
acf:6508,acf:6508/acf:0002,NCGR,2,acf:6508/acf:0003,NCER,3,1,adjacent_graphics_slots,False
acf:6509,acf:6509/acf:0001,NCLR,1,acf:6509/acf:0002,NCGR,2,1,adjacent_graphics_slots,False
acf:6509,acf:6509/acf:0002,NCGR,2,acf:6509/acf:0003,NCER,3,1,adjacent_graphics_slots,False
acf:6510,acf:6510/acf:0001,NCLR,1,acf:6510/acf:0002,NCGR,2,1,adjacent_graphics_slots,False
acf:6510,acf:6510/acf:0002,NCGR,2,acf:6510/acf:0003,NCER,3,1,adjacent_graphics_slots,False
acf:6511,acf:6511/acf:0001,NCLR,1,acf:6511/acf:0002,NCGR,2,1,adjacent_graphics_slots,False
acf:6511,acf:6511/acf:0002,NCGR,2,acf:6511/acf:0003,NCER,3,1,adjacent_graphics_slots,False
acf:6512,acf:6512/acf:0001,NCLR,1,acf:6512/acf:0002,NCGR,2,1,adjacent_graphics_slots,False
acf:6512,acf:6512/acf:0002,NCGR,2,acf:6512/acf:0003,NCER,3,1,adjacent_graphics_slots,False
acf:6513,acf:6513/acf:0001,NCLR,1,acf:6513/acf:0002,NCGR,2,1,adjacent_graphics_slots,False
acf:6513,acf:6513/acf:0002,NCGR,2,acf:6513/acf:0003,NCER,3,1,adjacent_graphics_slots,False
acf:6514,acf:6514/acf:0001,NCLR,1,acf:6514/acf:0002,NCGR,2,1,adjacent_graphics_slots,False
acf:6514,acf:6514/acf:0002,NCGR,2,acf:6514/acf:0003,NCER,3,1,adjacent_graphics_slots,False
acf:6515,acf:6515/acf:0001,NCLR,1,acf:6515/acf:0002,NCGR,2,1,adjacent_graphics_slots,False
acf:6515,acf:6515/acf:0002,NCGR,2,acf:6515/acf:0003,NCER,3,1,adjacent_graphics_slots,False
acf:6516,acf:6516/acf:0001,NCLR,1,acf:6516/acf:0002,NCGR,2,1,adjacent_graphics_slots,False
acf:6516,acf:6516/acf:0002,NCGR,2,acf:6516/acf:0003,NCER,3,1,adjacent_graphics_slots,False
acf:6517,acf:6517/acf:0001,NCLR,1,acf:6517/acf:0002,NCGR,2,1,adjacent_graphics_slots,False
acf:6517,acf:6517/acf:0002,NCGR,2,acf:6517/acf:0003,NCER,3,1,adjacent_graphics_slots,False
acf:6518,acf:6518/acf:0001,NCLR,1,acf:6518/acf:0002,NCGR,2,1,adjacent_graphics_slots,False
acf:6518,acf:6518/acf:0002,NCGR,2,acf:6518/acf:0003,NCER,3,1,adjacent_graphics_slots,False
acf:6519,acf:6519/acf:0001,NCLR,1,acf:6519/acf:0002,NCGR,2,1,adjacent_graphics_slots,False
acf:6519,acf:6519/acf:0002,NCGR,2,acf:6519/acf:0003,NCER,3,1,adjacent_graphics_slots,False
acf:6520,acf:6520/acf:0001,NCLR,1,acf:6520/acf:0002,NCGR,2,1,adjacent_graphics_slots,False
acf:6520,acf:6520/acf:0002,NCGR,2,acf:6520/acf:0003,NCER,3,1,adjacent_graphics_slots,False
acf:6521,acf:6521/acf:0001,NCLR,1,acf:6521/acf:0002,NCGR,2,1,adjacent_graphics_slots,False
acf:6521,acf:6521/acf:0002,NCGR,2,acf:6521/acf:0003,NCER,3,1,adjacent_graphics_slots,False
acf:6522,acf:6522/acf:0001,NCLR,1,acf:6522/acf:0002,NCGR,2,1,adjacent_graphics_slots,False
acf:6522,acf:6522/acf:0002,NCGR,2,acf:6522/acf:0003,NCER,3,1,adjacent_graphics_slots,False
acf:6523,acf:6523/acf:0001,NCLR,1,acf:6523/acf:0002,NCGR,2,1,adjacent_graphics_slots,False
acf:6523,acf:6523/acf:0002,NCGR,2,acf:6523/acf:0003,NCER,3,1,adjacent_graphics_slots,False
acf:6524,acf:6524/acf:0001,NCLR,1,acf:6524/acf:0002,NCGR,2,1,adjacent_graphics_slots,False
acf:6524,acf:6524/acf:0002,NCGR,2,acf:6524/acf:0003,NCER,3,1,adjacent_graphics_slots,False
acf:6525,acf:6525/acf:0001,NCLR,1,acf:6525/acf:0002,NCGR,2,1,adjacent_graphics_slots,False
acf:6525,acf:6525/acf:0002,NCGR,2,acf:6525/acf:0003,NCER,3,1,adjacent_graphics_slots,False
acf:6526,acf:6526/acf:0001,NCLR,1,acf:6526/acf:0002,NCGR,2,1,adjacent_graphics_slots,False
acf:6526,acf:6526/acf:0002,NCGR,2,acf:6526/acf:0003,NCER,3,1,adjacent_graphics_slots,False
acf:6527,acf:6527/acf:0001,NCLR,1,acf:6527/acf:0002,NCGR,2,1,adjacent_graphics_slots,False
acf:6527,acf:6527/acf:0002,NCGR,2,acf:6527/acf:0003,NCER,3,1,adjacent_graphics_slots,False
acf:6528,acf:6528/acf:0001,NCLR,1,acf:6528/acf:0002,NCGR,2,1,adjacent_graphics_slots,False
acf:6528,acf:6528/acf:0002,NCGR,2,acf:6528/acf:0003,NCER,3,1,adjacent_graphics_slots,False
acf:6529,acf:6529/acf:0001,NCLR,1,acf:6529/acf:0002,NCGR,2,1,adjacent_graphics_slots,False
acf:6529,acf:6529/acf:0002,NCGR,2,acf:6529/acf:0003,NCER,3,1,adjacent_graphics_slots,False
acf:6530,acf:6530/acf:0001,NCLR,1,acf:6530/acf:0002,NCGR,2,1,adjacent_graphics_slots,False
acf:6530,acf:6530/acf:0002,NCGR,2,acf:6530/acf:0003,NCER,3,1,adjacent_graphics_slots,False
acf:6531,acf:6531/acf:0001,NCLR,1,acf:6531/acf:0002,NCGR,2,1,adjacent_graphics_slots,False
acf:6531,acf:6531/acf:0002,NCGR,2,acf:6531/acf:0003,NCER,3,1,adjacent_graphics_slots,False
acf:6532,acf:6532/acf:0001,NCLR,1,acf:6532/acf:0002,NCGR,2,1,adjacent_graphics_slots,False
acf:6532,acf:6532/acf:0002,NCGR,2,acf:6532/acf:0003,NCER,3,1,adjacent_graphics_slots,False
acf:6533,acf:6533/acf:0001,NCLR,1,acf:6533/acf:0002,NCGR,2,1,adjacent_graphics_slots,False
acf:6533,acf:6533/acf:0002,NCGR,2,acf:6533/acf:0003,NCER,3,1,adjacent_graphics_slots,False
acf:6534,acf:6534/acf:0001,NCLR,1,acf:6534/acf:0002,NCGR,2,1,adjacent_graphics_slots,False
acf:6534,acf:6534/acf:0002,NCGR,2,acf:6534/acf:0003,NCER,3,1,adjacent_graphics_slots,False
acf:6535,acf:6535/acf:0001,NCLR,1,acf:6535/acf:0002,NCGR,2,1,adjacent_graphics_slots,False
acf:6535,acf:6535/acf:0002,NCGR,2,acf:6535/acf:0003,NCER,3,1,adjacent_graphics_slots,False
acf:6536,acf:6536/acf:0001,NCLR,1,acf:6536/acf:0002,NCGR,2,1,adjacent_graphics_slots,False
acf:6536,acf:6536/acf:0002,NCGR,2,acf:6536/acf:0003,NCER,3,1,adjacent_graphics_slots,False
acf:6537,acf:6537/acf:0001,NCLR,1,acf:6537/acf:0002,NCGR,2,1,adjacent_graphics_slots,False
acf:6537,acf:6537/acf:0002,NCGR,2,acf:6537/acf:0003,NCER,3,1,adjacent_graphics_slots,False
acf:6538,acf:6538/acf:0001,NCLR,1,acf:6538/acf:0002,NCGR,2,1,adjacent_graphics_slots,False
acf:6538,acf:6538/acf:0002,NCGR,2,acf:6538/acf:0003,NCER,3,1,adjacent_graphics_slots,False
acf:6539,acf:6539/acf:0001,NCLR,1,acf:6539/acf:0002,NCGR,2,1,adjacent_graphics_slots,False
acf:6539,acf:6539/acf:0002,NCGR,2,acf:6539/acf:0003,NCER,3,1,adjacent_graphics_slots,False
acf:6540,acf:6540/acf:0001,NCLR,1,acf:6540/acf:0002,NCGR,2,1,adjacent_graphics_slots,False
acf:6540,acf:6540/acf:0002,NCGR,2,acf:6540/acf:0003,NCER,3,1,adjacent_graphics_slots,False
acf:6541,acf:6541/acf:0001,NCLR,1,acf:6541/acf:0002,NCGR,2,1,adjacent_graphics_slots,False
acf:6541,acf:6541/acf:0002,NCGR,2,acf:6541/acf:0003,NCER,3,1,adjacent_graphics_slots,False
acf:6542,acf:6542/acf:0001,NCLR,1,acf:6542/acf:0002,NCGR,2,1,adjacent_graphics_slots,False
acf:6542,acf:6542/acf:0002,NCGR,2,acf:6542/acf:0003,NCER,3,1,adjacent_graphics_slots,False
acf:6543,acf:6543/acf:0001,NCLR,1,acf:6543/acf:0002,NCGR,2,1,adjacent_graphics_slots,False
acf:6543,acf:6543/acf:0002,NCGR,2,acf:6543/acf:0003,NCER,3,1,adjacent_graphics_slots,False
acf:6544,acf:6544/acf:0001,NCLR,1,acf:6544/acf:0002,NCGR,2,1,adjacent_graphics_slots,False
acf:6544,acf:6544/acf:0002,NCGR,2,acf:6544/acf:0003,NCER,3,1,adjacent_graphics_slots,False
acf:6545,acf:6545/acf:0001,NCLR,1,acf:6545/acf:0002,NCGR,2,1,adjacent_graphics_slots,False
acf:6545,acf:6545/acf:0002,NCGR,2,acf:6545/acf:0003,NCER,3,1,adjacent_graphics_slots,False
acf:6546,acf:6546/acf:0001,NCLR,1,acf:6546/acf:0002,NCGR,2,1,adjacent_graphics_slots,False
acf:6546,acf:6546/acf:0002,NCGR,2,acf:6546/acf:0003,NCER,3,1,adjacent_graphics_slots,False
acf:6547,acf:6547/acf:0001,NCLR,1,acf:6547/acf:0002,NCGR,2,1,adjacent_graphics_slots,False
acf:6547,acf:6547/acf:0002,NCGR,2,acf:6547/acf:0003,NCER,3,1,adjacent_graphics_slots,False
acf:6548,acf:6548/acf:0001,NCLR,1,acf:6548/acf:0002,NCGR,2,1,adjacent_graphics_slots,False
acf:6548,acf:6548/acf:0002,NCGR,2,acf:6548/acf:0003,NCER,3,1,adjacent_graphics_slots,False
acf:6549,acf:6549/acf:0001,NCLR,1,acf:6549/acf:0002,NCGR,2,1,adjacent_graphics_slots,False
acf:6549,acf:6549/acf:0002,NCGR,2,acf:6549/acf:0003,NCER,3,1,adjacent_graphics_slots,False
acf:6550,acf:6550/acf:0001,NCLR,1,acf:6550/acf:0002,NCGR,2,1,adjacent_graphics_slots,False
acf:6550,acf:6550/acf:0002,NCGR,2,acf:6550/acf:0003,NCER,3,1,adjacent_graphics_slots,False
acf:6551,acf:6551/acf:0001,NCLR,1,acf:6551/acf:0002,NCGR,2,1,adjacent_graphics_slots,False
acf:6551,acf:6551/acf:0002,NCGR,2,acf:6551/acf:0003,NCER,3,1,adjacent_graphics_slots,False
acf:6552,acf:6552/acf:0001,NCLR,1,acf:6552/acf:0002,NCGR,2,1,adjacent_graphics_slots,False
acf:6552,acf:6552/acf:0002,NCGR,2,acf:6552/acf:0003,NCER,3,1,adjacent_graphics_slots,False
acf:6553,acf:6553/acf:0001,NCLR,1,acf:6553/acf:0002,NCGR,2,1,adjacent_graphics_slots,False
acf:6553,acf:6553/acf:0002,NCGR,2,acf:6553/acf:0003,NCER,3,1,adjacent_graphics_slots,False
acf:6554,acf:6554/acf:0001,NCLR,1,acf:6554/acf:0002,NCGR,2,1,adjacent_graphics_slots,False
acf:6554,acf:6554/acf:0002,NCGR,2,acf:6554/acf:0003,NCER,3,1,adjacent_graphics_slots,False
acf:6555,acf:6555/acf:0001,NCLR,1,acf:6555/acf:0002,NCGR,2,1,adjacent_graphics_slots,False
acf:6555,acf:6555/acf:0002,NCGR,2,acf:6555/acf:0003,NCER,3,1,adjacent_graphics_slots,False
acf:6556,acf:6556/acf:0001,NCLR,1,acf:6556/acf:0002,NCGR,2,1,adjacent_graphics_slots,False
acf:6556,acf:6556/acf:0002,NCGR,2,acf:6556/acf:0003,NCER,3,1,adjacent_graphics_slots,False
acf:6557,acf:6557/acf:0001,NCLR,1,acf:6557/acf:0002,NCGR,2,1,adjacent_graphics_slots,False
acf:6557,acf:6557/acf:0002,NCGR,2,acf:6557/acf:0003,NCER,3,1,adjacent_graphics_slots,False
acf:6558,acf:6558/acf:0001,NCLR,1,acf:6558/acf:0002,NCGR,2,1,adjacent_graphics_slots,False
acf:6558,acf:6558/acf:0002,NCGR,2,acf:6558/acf:0003,NCER,3,1,adjacent_graphics_slots,False
acf:6559,acf:6559/acf:0001,NCLR,1,acf:6559/acf:0002,NCGR,2,1,adjacent_graphics_slots,False
acf:6559,acf:6559/acf:0002,NCGR,2,acf:6559/acf:0003,NCER,3,1,adjacent_graphics_slots,False
acf:6560,acf:6560/acf:0001,NCLR,1,acf:6560/acf:0002,NCGR,2,1,adjacent_graphics_slots,False
acf:6560,acf:6560/acf:0002,NCGR,2,acf:6560/acf:0003,NCER,3,1,adjacent_graphics_slots,False
acf:6561,acf:6561/acf:0001,NCLR,1,acf:6561/acf:0002,NCGR,2,1,adjacent_graphics_slots,False
acf:6561,acf:6561/acf:0002,NCGR,2,acf:6561/acf:0003,NCER,3,1,adjacent_graphics_slots,False
acf:6562,acf:6562/acf:0001,NCLR,1,acf:6562/acf:0002,NCGR,2,1,adjacent_graphics_slots,False
acf:6562,acf:6562/acf:0002,NCGR,2,acf:6562/acf:0003,NCER,3,1,adjacent_graphics_slots,False
acf:6563,acf:6563/acf:0001,NCLR,1,acf:6563/acf:0002,NCGR,2,1,adjacent_graphics_slots,False
acf:6563,acf:6563/acf:0002,NCGR,2,acf:6563/acf:0003,NCER,3,1,adjacent_graphics_slots,False
acf:6564,acf:6564/acf:0001,NCLR,1,acf:6564/acf:0002,NCGR,2,1,adjacent_graphics_slots,False
acf:6564,acf:6564/acf:0002,NCGR,2,acf:6564/acf:0003,NCER,3,1,adjacent_graphics_slots,False
acf:6565,acf:6565/acf:0001,NCLR,1,acf:6565/acf:0002,NCGR,2,1,adjacent_graphics_slots,False
acf:6565,acf:6565/acf:0002,NCGR,2,acf:6565/acf:0003,NCER,3,1,adjacent_graphics_slots,False
acf:6566,acf:6566/acf:0001,NCLR,1,acf:6566/acf:0002,NCGR,2,1,adjacent_graphics_slots,False
acf:6566,acf:6566/acf:0002,NCGR,2,acf:6566/acf:0003,NCER,3,1,adjacent_graphics_slots,False
acf:6567,acf:6567/acf:0001,NCLR,1,acf:6567/acf:0002,NCGR,2,1,adjacent_graphics_slots,False
acf:6567,acf:6567/acf:0002,NCGR,2,acf:6567/acf:0003,NCER,3,1,adjacent_graphics_slots,False
acf:6568,acf:6568/acf:0001,NCLR,1,acf:6568/acf:0002,NCGR,2,1,adjacent_graphics_slots,False
acf:6568,acf:6568/acf:0002,NCGR,2,acf:6568/acf:0003,NCER,3,1,adjacent_graphics_slots,False
acf:6569,acf:6569/acf:0001,NCLR,1,acf:6569/acf:0002,NCGR,2,1,adjacent_graphics_slots,False
acf:6569,acf:6569/acf:0002,NCGR,2,acf:6569/acf:0003,NCER,3,1,adjacent_graphics_slots,False
acf:6570,acf:6570/acf:0001,NCLR,1,acf:6570/acf:0002,NCGR,2,1,adjacent_graphics_slots,False
acf:6570,acf:6570/acf:0002,NCGR,2,acf:6570/acf:0003,NCER,3,1,adjacent_graphics_slots,False
acf:6571,acf:6571/acf:0001,NCLR,1,acf:6571/acf:0002,NCGR,2,1,adjacent_graphics_slots,False
acf:6571,acf:6571/acf:0002,NCGR,2,acf:6571/acf:0003,NCER,3,1,adjacent_graphics_slots,False
acf:6572,acf:6572/acf:0001,NCLR,1,acf:6572/acf:0002,NCGR,2,1,adjacent_graphics_slots,False
acf:6572,acf:6572/acf:0002,NCGR,2,acf:6572/acf:0003,NCER,3,1,adjacent_graphics_slots,False
acf:6573,acf:6573/acf:0001,NCLR,1,acf:6573/acf:0002,NCGR,2,1,adjacent_graphics_slots,False
acf:6573,acf:6573/acf:0002,NCGR,2,acf:6573/acf:0003,NCER,3,1,adjacent_graphics_slots,False
acf:6574,acf:6574/acf:0001,NCLR,1,acf:6574/acf:0002,NCGR,2,1,adjacent_graphics_slots,False
acf:6574,acf:6574/acf:0002,NCGR,2,acf:6574/acf:0003,NCER,3,1,adjacent_graphics_slots,False
acf:6575,acf:6575/acf:0001,NCLR,1,acf:6575/acf:0002,NCGR,2,1,adjacent_graphics_slots,False
acf:6575,acf:6575/acf:0002,NCGR,2,acf:6575/acf:0003,NCER,3,1,adjacent_graphics_slots,False
acf:6576,acf:6576/acf:0001,NCLR,1,acf:6576/acf:0002,NCGR,2,1,adjacent_graphics_slots,False
acf:6576,acf:6576/acf:0002,NCGR,2,acf:6576/acf:0003,NCER,3,1,adjacent_graphics_slots,False
acf:6577,acf:6577/acf:0001,NCLR,1,acf:6577/acf:0002,NCGR,2,1,adjacent_graphics_slots,False
acf:6577,acf:6577/acf:0002,NCGR,2,acf:6577/acf:0003,NCER,3,1,adjacent_graphics_slots,False
acf:6578,acf:6578/acf:0001,NCLR,1,acf:6578/acf:0002,NCGR,2,1,adjacent_graphics_slots,False
acf:6578,acf:6578/acf:0002,NCGR,2,acf:6578/acf:0003,NCER,3,1,adjacent_graphics_slots,False
acf:6579,acf:6579/acf:0001,NCLR,1,acf:6579/acf:0002,NCGR,2,1,adjacent_graphics_slots,False
acf:6579,acf:6579/acf:0002,NCGR,2,acf:6579/acf:0003,NCER,3,1,adjacent_graphics_slots,False
acf:6580,acf:6580/acf:0001,NCLR,1,acf:6580/acf:0002,NCGR,2,1,adjacent_graphics_slots,False
acf:6580,acf:6580/acf:0002,NCGR,2,acf:6580/acf:0003,NCER,3,1,adjacent_graphics_slots,False
acf:6581,acf:6581/acf:0001,NCLR,1,acf:6581/acf:0002,NCGR,2,1,adjacent_graphics_slots,False
acf:6581,acf:6581/acf:0002,NCGR,2,acf:6581/acf:0003,NCER,3,1,adjacent_graphics_slots,False
acf:6582,acf:6582/acf:0001,NCLR,1,acf:6582/acf:0002,NCGR,2,1,adjacent_graphics_slots,False
acf:6582,acf:6582/acf:0002,NCGR,2,acf:6582/acf:0003,NCER,3,1,adjacent_graphics_slots,False
acf:6583,acf:6583/acf:0001,NCLR,1,acf:6583/acf:0002,NCGR,2,1,adjacent_graphics_slots,False
acf:6583,acf:6583/acf:0002,NCGR,2,acf:6583/acf:0003,NCER,3,1,adjacent_graphics_slots,False
acf:6584,acf:6584/acf:0001,NCLR,1,acf:6584/acf:0002,NCGR,2,1,adjacent_graphics_slots,False
acf:6584,acf:6584/acf:0002,NCGR,2,acf:6584/acf:0003,NCER,3,1,adjacent_graphics_slots,False
acf:6585,acf:6585/acf:0001,NCLR,1,acf:6585/acf:0002,NCGR,2,1,adjacent_graphics_slots,False
acf:6585,acf:6585/acf:0002,NCGR,2,acf:6585/acf:0003,NCER,3,1,adjacent_graphics_slots,False
acf:6586,acf:6586/acf:0001,NCLR,1,acf:6586/acf:0002,NCGR,2,1,adjacent_graphics_slots,False
acf:6586,acf:6586/acf:0002,NCGR,2,acf:6586/acf:0003,NCER,3,1,adjacent_graphics_slots,False
acf:6587,acf:6587/acf:0001,NCLR,1,acf:6587/acf:0002,NCGR,2,1,adjacent_graphics_slots,False
acf:6587,acf:6587/acf:0002,NCGR,2,acf:6587/acf:0003,NCER,3,1,adjacent_graphics_slots,False
acf:6588,acf:6588/acf:0001,NCLR,1,acf:6588/acf:0002,NCGR,2,1,adjacent_graphics_slots,False
acf:6588,acf:6588/acf:0002,NCGR,2,acf:6588/acf:0003,NCER,3,1,adjacent_graphics_slots,False
acf:6589,acf:6589/acf:0001,NCLR,1,acf:6589/acf:0002,NCGR,2,1,adjacent_graphics_slots,False
acf:6589,acf:6589/acf:0002,NCGR,2,acf:6589/acf:0003,NCER,3,1,adjacent_graphics_slots,False
acf:6590,acf:6590/acf:0001,NCLR,1,acf:6590/acf:0002,NCGR,2,1,adjacent_graphics_slots,False
acf:6590,acf:6590/acf:0002,NCGR,2,acf:6590/acf:0003,NCER,3,1,adjacent_graphics_slots,False
acf:6591,acf:6591/acf:0001,NCLR,1,acf:6591/acf:0002,NCGR,2,1,adjacent_graphics_slots,False
acf:6591,acf:6591/acf:0002,NCGR,2,acf:6591/acf:0003,NCER,3,1,adjacent_graphics_slots,False
acf:6592,acf:6592/acf:0001,NCLR,1,acf:6592/acf:0002,NCGR,2,1,adjacent_graphics_slots,False
acf:6592,acf:6592/acf:0002,NCGR,2,acf:6592/acf:0003,NCER,3,1,adjacent_graphics_slots,False
acf:6593,acf:6593/acf:0001,NCLR,1,acf:6593/acf:0002,NCGR,2,1,adjacent_graphics_slots,False
acf:6593,acf:6593/acf:0002,NCGR,2,acf:6593/acf:0003,NCER,3,1,adjacent_graphics_slots,False
acf:6594,acf:6594/acf:0001,NCLR,1,acf:6594/acf:0002,NCGR,2,1,adjacent_graphics_slots,False
acf:6594,acf:6594/acf:0002,NCGR,2,acf:6594/acf:0003,NCER,3,1,adjacent_graphics_slots,False
acf:6595,acf:6595/acf:0001,NCLR,1,acf:6595/acf:0002,NCGR,2,1,adjacent_graphics_slots,False
acf:6595,acf:6595/acf:0002,NCGR,2,acf:6595/acf:0003,NCER,3,1,adjacent_graphics_slots,False
acf:6596,acf:6596/acf:0001,NCLR,1,acf:6596/acf:0002,NCGR,2,1,adjacent_graphics_slots,False
acf:6596,acf:6596/acf:0002,NCGR,2,acf:6596/acf:0003,NCER,3,1,adjacent_graphics_slots,False
acf:6597,acf:6597/acf:0001,NCLR,1,acf:6597/acf:0002,NCGR,2,1,adjacent_graphics_slots,False
acf:6597,acf:6597/acf:0002,NCGR,2,acf:6597/acf:0003,NCER,3,1,adjacent_graphics_slots,False
acf:6598,acf:6598/acf:0001,NCLR,1,acf:6598/acf:0002,NCGR,2,1,adjacent_graphics_slots,False
acf:6598,acf:6598/acf:0002,NCGR,2,acf:6598/acf:0003,NCER,3,1,adjacent_graphics_slots,False
acf:6599,acf:6599/acf:0001,NCLR,1,acf:6599/acf:0002,NCGR,2,1,adjacent_graphics_slots,False
acf:6599,acf:6599/acf:0002,NCGR,2,acf:6599/acf:0003,NCER,3,1,adjacent_graphics_slots,False
acf:6600,acf:6600/acf:0001,NCLR,1,acf:6600/acf:0002,NCGR,2,1,adjacent_graphics_slots,False
acf:6600,acf:6600/acf:0002,NCGR,2,acf:6600/acf:0003,NCER,3,1,adjacent_graphics_slots,False
acf:6601,acf:6601/acf:0001,NCLR,1,acf:6601/acf:0002,NCGR,2,1,adjacent_graphics_slots,False
acf:6601,acf:6601/acf:0002,NCGR,2,acf:6601/acf:0003,NCER,3,1,adjacent_graphics_slots,False
acf:6602,acf:6602/acf:0001,NCLR,1,acf:6602/acf:0002,NCGR,2,1,adjacent_graphics_slots,False
acf:6602,acf:6602/acf:0002,NCGR,2,acf:6602/acf:0003,NCER,3,1,adjacent_graphics_slots,False
acf:6603,acf:6603/acf:0001,NCLR,1,acf:6603/acf:0002,NCGR,2,1,adjacent_graphics_slots,False
acf:6603,acf:6603/acf:0002,NCGR,2,acf:6603/acf:0003,NCER,3,1,adjacent_graphics_slots,False
acf:6604,acf:6604/acf:0001,NCLR,1,acf:6604/acf:0002,NCGR,2,1,adjacent_graphics_slots,False
acf:6604,acf:6604/acf:0002,NCGR,2,acf:6604/acf:0003,NCER,3,1,adjacent_graphics_slots,False
acf:6605,acf:6605/acf:0001,NCLR,1,acf:6605/acf:0002,NCGR,2,1,adjacent_graphics_slots,False
acf:6605,acf:6605/acf:0002,NCGR,2,acf:6605/acf:0003,NCER,3,1,adjacent_graphics_slots,False
acf:6606,acf:6606/acf:0001,NCLR,1,acf:6606/acf:0002,NCGR,2,1,adjacent_graphics_slots,False
acf:6606,acf:6606/acf:0002,NCGR,2,acf:6606/acf:0003,NCER,3,1,adjacent_graphics_slots,False
acf:6607,acf:6607/acf:0001,NCLR,1,acf:6607/acf:0002,NCGR,2,1,adjacent_graphics_slots,False
acf:6607,acf:6607/acf:0002,NCGR,2,acf:6607/acf:0003,NCER,3,1,adjacent_graphics_slots,False
acf:6608,acf:6608/acf:0001,NCLR,1,acf:6608/acf:0002,NCGR,2,1,adjacent_graphics_slots,False
acf:6608,acf:6608/acf:0002,NCGR,2,acf:6608/acf:0003,NCER,3,1,adjacent_graphics_slots,False
acf:6609,acf:6609/acf:0001,NCLR,1,acf:6609/acf:0002,NCGR,2,1,adjacent_graphics_slots,False
acf:6609,acf:6609/acf:0002,NCGR,2,acf:6609/acf:0003,NCER,3,1,adjacent_graphics_slots,False
acf:6610,acf:6610/acf:0001,NCLR,1,acf:6610/acf:0002,NCGR,2,1,adjacent_graphics_slots,False
acf:6610,acf:6610/acf:0002,NCGR,2,acf:6610/acf:0003,NCER,3,1,adjacent_graphics_slots,False
acf:6611,acf:6611/acf:0001,NCLR,1,acf:6611/acf:0002,NCGR,2,1,adjacent_graphics_slots,False
acf:6611,acf:6611/acf:0002,NCGR,2,acf:6611/acf:0003,NCER,3,1,adjacent_graphics_slots,False
acf:6612,acf:6612/acf:0001,NCLR,1,acf:6612/acf:0002,NCGR,2,1,adjacent_graphics_slots,False
acf:6612,acf:6612/acf:0002,NCGR,2,acf:6612/acf:0003,NCER,3,1,adjacent_graphics_slots,False
acf:6613,acf:6613/acf:0001,NCLR,1,acf:6613/acf:0002,NCGR,2,1,adjacent_graphics_slots,False
acf:6613,acf:6613/acf:0002,NCGR,2,acf:6613/acf:0003,NCER,3,1,adjacent_graphics_slots,False
acf:6614,acf:6614/acf:0001,NCLR,1,acf:6614/acf:0002,NCGR,2,1,adjacent_graphics_slots,False
acf:6614,acf:6614/acf:0002,NCGR,2,acf:6614/acf:0003,NCER,3,1,adjacent_graphics_slots,False
acf:6615,acf:6615/acf:0001,NCLR,1,acf:6615/acf:0002,NCGR,2,1,adjacent_graphics_slots,False
acf:6615,acf:6615/acf:0002,NCGR,2,acf:6615/acf:0003,NCER,3,1,adjacent_graphics_slots,False
acf:6616,acf:6616/acf:0001,NCLR,1,acf:6616/acf:0002,NCGR,2,1,adjacent_graphics_slots,False
acf:6616,acf:6616/acf:0002,NCGR,2,acf:6616/acf:0003,NCER,3,1,adjacent_graphics_slots,False
acf:6617,acf:6617/acf:0001,NCLR,1,acf:6617/acf:0002,NCGR,2,1,adjacent_graphics_slots,False
acf:6617,acf:6617/acf:0002,NCGR,2,acf:6617/acf:0003,NCER,3,1,adjacent_graphics_slots,False
acf:6618,acf:6618/acf:0001,NCLR,1,acf:6618/acf:0002,NCGR,2,1,adjacent_graphics_slots,False
acf:6618,acf:6618/acf:0002,NCGR,2,acf:6618/acf:0003,NCER,3,1,adjacent_graphics_slots,False
acf:6619,acf:6619/acf:0001,NCLR,1,acf:6619/acf:0002,NCGR,2,1,adjacent_graphics_slots,False
acf:6619,acf:6619/acf:0002,NCGR,2,acf:6619/acf:0003,NCER,3,1,adjacent_graphics_slots,False
acf:6620,acf:6620/acf:0001,NCLR,1,acf:6620/acf:0002,NCGR,2,1,adjacent_graphics_slots,False
acf:6620,acf:6620/acf:0002,NCGR,2,acf:6620/acf:0003,NCER,3,1,adjacent_graphics_slots,False
acf:6621,acf:6621/acf:0001,NCLR,1,acf:6621/acf:0002,NCGR,2,1,adjacent_graphics_slots,False
acf:6621,acf:6621/acf:0002,NCGR,2,acf:6621/acf:0003,NCER,3,1,adjacent_graphics_slots,False
acf:6622,acf:6622/acf:0001,NCLR,1,acf:6622/acf:0002,NCGR,2,1,adjacent_graphics_slots,False
acf:6622,acf:6622/acf:0002,NCGR,2,acf:6622/acf:0003,NCER,3,1,adjacent_graphics_slots,False
acf:6623,acf:6623/acf:0001,NCLR,1,acf:6623/acf:0002,NCGR,2,1,adjacent_graphics_slots,False
acf:6623,acf:6623/acf:0002,NCGR,2,acf:6623/acf:0003,NCER,3,1,adjacent_graphics_slots,False
acf:6624,acf:6624/acf:0001,NCLR,1,acf:6624/acf:0002,NCGR,2,1,adjacent_graphics_slots,False
acf:6624,acf:6624/acf:0002,NCGR,2,acf:6624/acf:0003,NCER,3,1,adjacent_graphics_slots,False
acf:6625,acf:6625/acf:0001,NCLR,1,acf:6625/acf:0002,NCGR,2,1,adjacent_graphics_slots,False
acf:6625,acf:6625/acf:0002,NCGR,2,acf:6625/acf:0003,NCER,3,1,adjacent_graphics_slots,False
acf:6626,acf:6626/acf:0001,NCLR,1,acf:6626/acf:0002,NCGR,2,1,adjacent_graphics_slots,False
acf:6626,acf:6626/acf:0002,NCGR,2,acf:6626/acf:0003,NCER,3,1,adjacent_graphics_slots,False
acf:6627,acf:6627/acf:0001,NCLR,1,acf:6627/acf:0002,NCGR,2,1,adjacent_graphics_slots,False
acf:6627,acf:6627/acf:0002,NCGR,2,acf:6627/acf:0003,NCER,3,1,adjacent_graphics_slots,False
acf:6628,acf:6628/acf:0001,NCLR,1,acf:6628/acf:0002,NCGR,2,1,adjacent_graphics_slots,False
acf:6628,acf:6628/acf:0002,NCGR,2,acf:6628/acf:0003,NCER,3,1,adjacent_graphics_slots,False
acf:6629,acf:6629/acf:0001,NCLR,1,acf:6629/acf:0002,NCGR,2,1,adjacent_graphics_slots,False
acf:6629,acf:6629/acf:0002,NCGR,2,acf:6629/acf:0003,NCER,3,1,adjacent_graphics_slots,False
acf:6630,acf:6630/acf:0001,NCLR,1,acf:6630/acf:0002,NCGR,2,1,adjacent_graphics_slots,False
acf:6630,acf:6630/acf:0002,NCGR,2,acf:6630/acf:0003,NCER,3,1,adjacent_graphics_slots,False
acf:6631,acf:6631/acf:0001,NCLR,1,acf:6631/acf:0002,NCGR,2,1,adjacent_graphics_slots,False
acf:6631,acf:6631/acf:0002,NCGR,2,acf:6631/acf:0003,NCER,3,1,adjacent_graphics_slots,False
acf:6632,acf:6632/acf:0001,NCLR,1,acf:6632/acf:0002,NCGR,2,1,adjacent_graphics_slots,False
acf:6632,acf:6632/acf:0002,NCGR,2,acf:6632/acf:0003,NCER,3,1,adjacent_graphics_slots,False
acf:6633,acf:6633/acf:0001,NCLR,1,acf:6633/acf:0002,NCGR,2,1,adjacent_graphics_slots,False
acf:6633,acf:6633/acf:0002,NCGR,2,acf:6633/acf:0003,NCER,3,1,adjacent_graphics_slots,False
acf:6634,acf:6634/acf:0001,NCLR,1,acf:6634/acf:0002,NCGR,2,1,adjacent_graphics_slots,False
acf:6634,acf:6634/acf:0002,NCGR,2,acf:6634/acf:0003,NCER,3,1,adjacent_graphics_slots,False
acf:6635,acf:6635/acf:0001,NCLR,1,acf:6635/acf:0002,NCGR,2,1,adjacent_graphics_slots,False
acf:6635,acf:6635/acf:0002,NCGR,2,acf:6635/acf:0003,NCER,3,1,adjacent_graphics_slots,False
acf:6636,acf:6636/acf:0001,NCLR,1,acf:6636/acf:0002,NCGR,2,1,adjacent_graphics_slots,False
acf:6636,acf:6636/acf:0002,NCGR,2,acf:6636/acf:0003,NCER,3,1,adjacent_graphics_slots,False
acf:6637,acf:6637/acf:0001,NCLR,1,acf:6637/acf:0002,NCGR,2,1,adjacent_graphics_slots,False
acf:6637,acf:6637/acf:0002,NCGR,2,acf:6637/acf:0003,NCER,3,1,adjacent_graphics_slots,False
acf:6638,acf:6638/acf:0001,NCLR,1,acf:6638/acf:0002,NCGR,2,1,adjacent_graphics_slots,False
acf:6638,acf:6638/acf:0002,NCGR,2,acf:6638/acf:0003,NCER,3,1,adjacent_graphics_slots,False
acf:6639,acf:6639/acf:0001,NCLR,1,acf:6639/acf:0002,NCGR,2,1,adjacent_graphics_slots,False
acf:6639,acf:6639/acf:0002,NCGR,2,acf:6639/acf:0003,NCER,3,1,adjacent_graphics_slots,False
acf:6640,acf:6640/acf:0001,NCLR,1,acf:6640/acf:0002,NCGR,2,1,adjacent_graphics_slots,False
acf:6640,acf:6640/acf:0002,NCGR,2,acf:6640/acf:0003,NCER,3,1,adjacent_graphics_slots,False
acf:6641,acf:6641/acf:0001,NCLR,1,acf:6641/acf:0002,NCGR,2,1,adjacent_graphics_slots,False
acf:6641,acf:6641/acf:0002,NCGR,2,acf:6641/acf:0003,NCER,3,1,adjacent_graphics_slots,False
acf:6650,acf:6650/acf:0001,NCLR,1,acf:6650/acf:0002,NCGR,2,1,adjacent_graphics_slots,False
acf:6650,acf:6650/acf:0002,NCGR,2,acf:6650/acf:0003,NCER,3,1,adjacent_graphics_slots,False
acf:6651,acf:6651/acf:0001,NCLR,1,acf:6651/acf:0002,NCGR,2,1,adjacent_graphics_slots,False
acf:6651,acf:6651/acf:0002,NCGR,2,acf:6651/acf:0003,NCER,3,1,adjacent_graphics_slots,False
acf:6652,acf:6652/acf:0001,NCLR,1,acf:6652/acf:0002,NCGR,2,1,adjacent_graphics_slots,False
acf:6652,acf:6652/acf:0002,NCGR,2,acf:6652/acf:0003,NCER,3,1,adjacent_graphics_slots,False
acf:6653,acf:6653/acf:0001,NCLR,1,acf:6653/acf:0002,NCGR,2,1,adjacent_graphics_slots,False
acf:6653,acf:6653/acf:0002,NCGR,2,acf:6653/acf:0003,NCER,3,1,adjacent_graphics_slots,False
acf:6654,acf:6654/acf:0001,NCLR,1,acf:6654/acf:0002,NCGR,2,1,adjacent_graphics_slots,False
acf:6654,acf:6654/acf:0002,NCGR,2,acf:6654/acf:0003,NCER,3,1,adjacent_graphics_slots,False
acf:6655,acf:6655/acf:0001,NCLR,1,acf:6655/acf:0002,NCGR,2,1,adjacent_graphics_slots,False
acf:6655,acf:6655/acf:0002,NCGR,2,acf:6655/acf:0003,NCER,3,1,adjacent_graphics_slots,False
acf:6830,acf:6830/acf:0001,NCLR,1,acf:6830/acf:0002,NCGR,2,1,adjacent_graphics_slots,False
acf:6830,acf:6830/acf:0002,NCGR,2,acf:6830/acf:0003,NCER,3,1,adjacent_graphics_slots,False
acf:6831,acf:6831/acf:0001,NCLR,1,acf:6831/acf:0002,NCGR,2,1,adjacent_graphics_slots,False
acf:6831,acf:6831/acf:0002,NCGR,2,acf:6831/acf:0003,NCER,3,1,adjacent_graphics_slots,False
acf:6832,acf:6832/acf:0001,NCLR,1,acf:6832/acf:0002,NCGR,2,1,adjacent_graphics_slots,False
acf:6832,acf:6832/acf:0002,NCGR,2,acf:6832/acf:0003,NCER,3,1,adjacent_graphics_slots,False
acf:8485,acf:8485/acf:0001,NCLR,1,acf:8485/acf:0002,NCGR,2,1,adjacent_graphics_slots,False
acf:8485,acf:8485/acf:0002,NCGR,2,acf:8485/acf:0003,NCER,3,1,adjacent_graphics_slots,False
acf:9016,acf:9016/acf:0001,NCLR,1,acf:9016/acf:0002,NCGR,2,1,adjacent_graphics_slots,False
acf:9016,acf:9016/acf:0002,NCGR,2,acf:9016/acf:0003,NCER,3,1,adjacent_graphics_slots,False
acf:9017,acf:9017/acf:0001,NCLR,1,acf:9017/acf:0002,NCGR,2,1,adjacent_graphics_slots,False
acf:9017,acf:9017/acf:0002,NCGR,2,acf:9017/acf:0003,NCER,3,1,adjacent_graphics_slots,False
acf:9024,acf:9024/acf:0001,NCLR,1,acf:9024/acf:0002,NCGR,2,1,adjacent_graphics_slots,False
acf:9024,acf:9024/acf:0002,NCGR,2,acf:9024/acf:0003,NCER,3,1,adjacent_graphics_slots,False
acf:9025,acf:9025/acf:0001,NCLR,1,acf:9025/acf:0002,NCGR,2,1,adjacent_graphics_slots,False
acf:9025,acf:9025/acf:0002,NCGR,2,acf:9025/acf:0003,NCER,3,1,adjacent_graphics_slots,False
acf:9026,acf:9026/acf:0001,NCLR,1,acf:9026/acf:0002,NCGR,2,1,adjacent_graphics_slots,False
acf:9026,acf:9026/acf:0002,NCGR,2,acf:9026/acf:0003,NCER,3,1,adjacent_graphics_slots,False
acf:9027,acf:9027/acf:0001,NCLR,1,acf:9027/acf:0002,NCGR,2,1,adjacent_graphics_slots,False
acf:9027,acf:9027/acf:0002,NCGR,2,acf:9027/acf:0003,NCER,3,1,adjacent_graphics_slots,False
acf:9028,acf:9028/acf:0001,NCLR,1,acf:9028/acf:0002,NCGR,2,1,adjacent_graphics_slots,False
acf:9028,acf:9028/acf:0002,NCGR,2,acf:9028/acf:0003,NCER,3,1,adjacent_graphics_slots,False
acf:9029,acf:9029/acf:0001,NCLR,1,acf:9029/acf:0002,NCGR,2,1,adjacent_graphics_slots,False
acf:9029,acf:9029/acf:0002,NCGR,2,acf:9029/acf:0003,NCER,3,1,adjacent_graphics_slots,False
acf:9030,acf:9030/acf:0001,NCLR,1,acf:9030/acf:0002,NCGR,2,1,adjacent_graphics_slots,False
acf:9030,acf:9030/acf:0002,NCGR,2,acf:9030/acf:0003,NCER,3,1,adjacent_graphics_slots,False
acf:9031,acf:9031/acf:0001,NCLR,1,acf:9031/acf:0002,NCGR,2,1,adjacent_graphics_slots,False
acf:9031,acf:9031/acf:0002,NCGR,2,acf:9031/acf:0003,NCER,3,1,adjacent_graphics_slots,False
acf:9032,acf:9032/acf:0001,NCLR,1,acf:9032/acf:0002,NCGR,2,1,adjacent_graphics_slots,False
acf:9032,acf:9032/acf:0002,NCGR,2,acf:9032/acf:0003,NCER,3,1,adjacent_graphics_slots,False
acf:9033,acf:9033/acf:0001,NCLR,1,acf:9033/acf:0002,NCGR,2,1,adjacent_graphics_slots,False
acf:9033,acf:9033/acf:0002,NCGR,2,acf:9033/acf:0003,NCER,3,1,adjacent_graphics_slots,False
acf:9034,acf:9034/acf:0001,NCLR,1,acf:9034/acf:0002,NCGR,2,1,adjacent_graphics_slots,False
acf:9034,acf:9034/acf:0002,NCGR,2,acf:9034/acf:0003,NCER,3,1,adjacent_graphics_slots,False
acf:9035,acf:9035/acf:0001,NCLR,1,acf:9035/acf:0002,NCGR,2,1,adjacent_graphics_slots,False
acf:9035,acf:9035/acf:0002,NCGR,2,acf:9035/acf:0003,NCER,3,1,adjacent_graphics_slots,False
acf:9449,acf:9449/acf:0001,NCLR,1,acf:9449/acf:0002,NCGR,2,1,adjacent_graphics_slots,False
acf:9449,acf:9449/acf:0002,NCGR,2,acf:9449/acf:0003,NCER,3,1,adjacent_graphics_slots,False
acf:9489,acf:9489/acf:0001,NCLR,1,acf:9489/acf:0002,NCGR,2,1,adjacent_graphics_slots,False
acf:9489,acf:9489/acf:0002,NCGR,2,acf:9489/acf:0003,NCER,3,1,adjacent_graphics_slots,False
acf:9490,acf:9490/acf:0001,NCLR,1,acf:9490/acf:0002,NCGR,2,1,adjacent_graphics_slots,False
acf:9490,acf:9490/acf:0002,NCGR,2,acf:9490/acf:0003,NCER,3,1,adjacent_graphics_slots,False
acf:9491,acf:9491/acf:0001,NCLR,1,acf:9491/acf:0002,NCGR,2,1,adjacent_graphics_slots,False
acf:9491,acf:9491/acf:0002,NCGR,2,acf:9491/acf:0003,NCER,3,1,adjacent_graphics_slots,False
acf:9492,acf:9492/acf:0001,NCLR,1,acf:9492/acf:0002,NCGR,2,1,adjacent_graphics_slots,False
acf:9492,acf:9492/acf:0002,NCGR,2,acf:9492/acf:0003,NCER,3,1,adjacent_graphics_slots,False
acf:9516,acf:9516/acf:0001,NCLR,1,acf:9516/acf:0002,NCGR,2,1,adjacent_graphics_slots,False
acf:9516,acf:9516/acf:0002,NCGR,2,acf:9516/acf:0003,NCER,3,1,adjacent_graphics_slots,False
acf:9524,acf:9524/acf:0001,NCLR,1,acf:9524/acf:0002,NCGR,2,1,adjacent_graphics_slots,False
acf:9524,acf:9524/acf:0002,NCGR,2,acf:9524/acf:0003,NCER,3,1,adjacent_graphics_slots,False
acf:9528,acf:9528/acf:0001,NCLR,1,acf:9528/acf:0002,NCGR,2,1,adjacent_graphics_slots,False
acf:9528,acf:9528/acf:0002,NCGR,2,acf:9528/acf:0003,NCER,3,1,adjacent_graphics_slots,False
acf:9531,acf:9531/acf:0001,NCLR,1,acf:9531/acf:0002,NCGR,2,1,adjacent_graphics_slots,False
acf:9531,acf:9531/acf:0002,NCGR,2,acf:9531/acf:0003,NCER,3,1,adjacent_graphics_slots,False
acf:9535,acf:9535/acf:0001,NCLR,1,acf:9535/acf:0002,NCGR,2,1,adjacent_graphics_slots,False
acf:9535,acf:9535/acf:0002,NCGR,2,acf:9535/acf:0003,NCER,3,1,adjacent_graphics_slots,False
acf:9549,acf:9549/acf:0001,NCLR,1,acf:9549/acf:0002,NCGR,2,1,adjacent_graphics_slots,False
acf:9549,acf:9549/acf:0002,NCGR,2,acf:9549/acf:0003,NCER,3,1,adjacent_graphics_slots,False
acf:9554,acf:9554/acf:0001,NCLR,1,acf:9554/acf:0002,NCGR,2,1,adjacent_graphics_slots,False
acf:9554,acf:9554/acf:0002,NCGR,2,acf:9554/acf:0003,NCER,3,1,adjacent_graphics_slots,False
acf:9559,acf:9559/acf:0001,NCLR,1,acf:9559/acf:0002,NCGR,2,1,adjacent_graphics_slots,False
acf:9559,acf:9559/acf:0002,NCGR,2,acf:9559/acf:0003,NCER,3,1,adjacent_graphics_slots,False
acf:9560,acf:9560/acf:0001,NCLR,1,acf:9560/acf:0002,NCGR,2,1,adjacent_graphics_slots,False
acf:9560,acf:9560/acf:0002,NCGR,2,acf:9560/acf:0003,NCER,3,1,adjacent_graphics_slots,False
acf:9561,acf:9561/acf:0001,NCLR,1,acf:9561/acf:0002,NCGR,2,1,adjacent_graphics_slots,False
acf:9561,acf:9561/acf:0002,NCGR,2,acf:9561/acf:0003,NCER,3,1,adjacent_graphics_slots,False
acf:9562,acf:9562/acf:0001,NCLR,1,acf:9562/acf:0002,NCGR,2,1,adjacent_graphics_slots,False
acf:9562,acf:9562/acf:0002,NCGR,2,acf:9562/acf:0003,NCER,3,1,adjacent_graphics_slots,False
acf:9566,acf:9566/acf:0001,NCLR,1,acf:9566/acf:0002,NCGR,2,1,adjacent_graphics_slots,False
acf:9566,acf:9566/acf:0002,NCGR,2,acf:9566/acf:0003,NCER,3,1,adjacent_graphics_slots,False
acf:9567,acf:9567/acf:0001,NCLR,1,acf:9567/acf:0002,NCGR,2,1,adjacent_graphics_slots,False
acf:9567,acf:9567/acf:0002,NCGR,2,acf:9567/acf:0003,NCER,3,1,adjacent_graphics_slots,False
acf:9568,acf:9568/acf:0001,NCLR,1,acf:9568/acf:0002,NCGR,2,1,adjacent_graphics_slots,False
acf:9568,acf:9568/acf:0002,NCGR,2,acf:9568/acf:0003,NCER,3,1,adjacent_graphics_slots,False
acf:9569,acf:9569/acf:0001,NCLR,1,acf:9569/acf:0002,NCGR,2,1,adjacent_graphics_slots,False
acf:9569,acf:9569/acf:0002,NCGR,2,acf:9569/acf:0003,NCER,3,1,adjacent_graphics_slots,False
acf:9570,acf:9570/acf:0001,NCLR,1,acf:9570/acf:0002,NCGR,2,1,adjacent_graphics_slots,False
acf:9570,acf:9570/acf:0002,NCGR,2,acf:9570/acf:0003,NCER,3,1,adjacent_graphics_slots,False
acf:9590,acf:9590/acf:0001,NCLR,1,acf:9590/acf:0002,NCGR,2,1,adjacent_graphics_slots,False
acf:9590,acf:9590/acf:0002,NCGR,2,acf:9590/acf:0003,NCER,3,1,adjacent_graphics_slots,False
acf:9595,acf:9595/acf:0001,NCLR,1,acf:9595/acf:0002,NCGR,2,1,adjacent_graphics_slots,False
acf:9595,acf:9595/acf:0002,NCGR,2,acf:9595/acf:0003,NCER,3,1,adjacent_graphics_slots,False
acf:9596,acf:9596/acf:0001,NCLR,1,acf:9596/acf:0002,NCGR,2,1,adjacent_graphics_slots,False
acf:9596,acf:9596/acf:0002,NCGR,2,acf:9596/acf:0003,NCER,3,1,adjacent_graphics_slots,False
acf:9620,acf:9620/acf:0001,NCLR,1,acf:9620/acf:0002,NCGR,2,1,adjacent_graphics_slots,False
acf:9620,acf:9620/acf:0002,NCGR,2,acf:9620/acf:0003,NCER,3,1,adjacent_graphics_slots,False
